Workbook

Sheet Buraxılış 2021
A1: Diqqət! Aşağıdakı qırmızı xanaya təhsil müəssisəsinin UTİS kodunu daxil edin. | B1: Dövlət İmtahan Mərkəzi tərəfindən 2021-ci ildə IX siniflər üzrə keçirilən buraxılış imtahanlarının nəticələri | BP1: Azərbaycan bölməsi | CQ1: Rus bölməsi | DZ1: Ümumi
B2: Bölmələr | C2: Şagird sayı | D2: İştirak etməyən şagird sayı | E2: Tədris dili | F2: Riyaziyyat | G2: Xarici dil | H2: Azərbaycan dili | I2: Orta bal 3 fənn üzrə | J2: Orta faiz 3 fənn üzrə | K2: Orta faiz 4 fənn üzrə | L2: Tədris dili | R2: Riyaziyyat | X2: Xarici dil | AD2: Azərbaycan dili | AJ2: Ümumi 0 bal toplayan şagird sayı | AK2: Ümumi 300 bal toplayan şagird sayı | AL2: BŞTİ üzrə reytinq | AO2: Rayon üzrə reytinq | BP2: Şagird sayı | BQ2: İştirak etməyən şagird sayı | BR2: Tədris dili | BS2: Riyaziyyat | BT2: Xarici dil | BU2: Orta bal 3 fənn üzrə | BV2: Orta faiz 3 fənn üzrə | BW2: Tədris dili | CC2: Riyaziyyat | CI2: Xarici dil | CO2: Ümumi 0 bal toplayan şagird sayı | CP2: Ümumi 300 bal toplayan şagird sayı | CQ2: Şagird sayı | CR2: İştirak etməyən şagird sayı | CS2: Tədris dili | CT2: Riyaziyyat | CU2: Xarici dil | CV2: Azərbaycan dili | CW2: Orta bal 3 fənn üzrə | CX2: Orta faiz 3 fənn üzrə | CY2: Orta faiz 4 fənn üzrə | CZ2: Tədris dili | DF2: Riyaziyyat | DL2: Xarici dil | DR2: Azərbaycan dili | DX2: Ümumi 0 bal toplayan şagird sayı | DY2: Ümumi 300 bal toplayan şagird sayı | DZ2: Şagird sayı | EA2: İştirak etməyən şagird sayı | EB2: Tədris dili | EC2: Riyaziyyat | ED2: Xarici dil | EE2: Azərbaycan dili | EF2: Orta bal 3 fənn üzrə | EG2: Orta faiz 3 fənn üzrə | EH2: Orta faiz 4 fənn üzrə | EI2: Tədris dili | EO2: Riyaziyyat | EU2: Xarici dil | FA2: Azərbaycan dili | FG2: Ümumi 0 bal toplayan şagird sayı | FH2: Ümumi 300 bal toplayan şagird sayı | FI2: BŞTİ üzrə reytinq | FL2: Rayon üzrə reytinq
L3: [0-30] | M3: (30-60] | N3: (60-80] | O3: (80-100] | P3: 0 bal toplayan | Q3: 100 bal toplayan | R3: [0-30] | S3: (30-60] | T3: (60-80] | U3: (80-100] | V3: 0 bal toplayan | W3: 100 bal toplayan | X3: [0-30] | Y3: (30-60] | Z3: (60-80] | AA3: (80-100] | AB3: 0 bal toplayan | AC3: 100 bal toplayan | AD3: [0-30] | AE3: (30-60] | AF3: (60-80] | AG3: (80-100] | AH3: 0 bal toplayan | AI3: 100 bal toplayan | AL3: Azərbaycan bölməsi | AM3: Rus bölməsi | AN3: Ümumi | AO3: Azərbaycan bölməsi | AP3: Rus bölməsi | AQ3: Ümumi | BK3: Təhsil müəssisəsinin UTİS kodu | BL3: Təhsil müəsisəsinin adı | BM3: Təhsil müəssi-səsinin indeksi | BN3: Təhsil müəssisəsinin növü | BO3: Bölmələr | BW3: [0-30] | BX3: (30-60] | BY3: (60-80] | BZ3: (80-100] | CA3: 0 bal toplayan | CB3: 100 bal toplayan | CC3: [0-30] | CD3: (30-60] | CE3: (60-80] | CF3: (80-100] | CG3: 0 bal toplayan | CH3: 100 bal toplayan | CI3: [0-30] | CJ3: (30-60] | CK3: (60-80] | CL3: (80-100] | CM3: 0 bal toplayan | CN3: 100 bal toplayan | CZ3: [0-30] | DA3: (30-60] | DB3: (60-80] | DC3: (80-100] | DD3: 0 bal toplayan | DE3: 100 bal toplayan | DF3: [0-30] | DG3: (30-60] | DH3: (60-80] | DI3: (80-100] | DJ3: 0 bal toplayan | DK3: 100 bal toplayan | DL3: [0-30] | DM3: (30-60] | DN3: (60-80] | DO3: (80-100] | DP3: 0 bal toplayan | DQ3: 100 bal toplayan | DR3: [0-30] | DS3: (30-60] | DT3: (60-80] | DU3: (80-100] | DV3: 0 bal toplayan | DW3: 100 bal toplayan | EI3: [0-30] | EJ3: (30-60] | EK3: (60-80] | EL3: (80-100] | EM3: 0 bal toplayan | EN3: 100 bal toplayan | EO3: [0-30] | EP3: (30-60] | EQ3: (60-80] | ER3: (80-100] | ES3: 0 bal toplayan | ET3: 100 bal toplayan | EU3: [0-30] | EV3: (30-60] | EW3: (60-80] | EX3: (80-100] | EY3: 0 bal toplayan | EZ3: 100 bal toplayan | FA3: [0-30] | FB3: (30-60] | FC3: (60-80] | FD3: (80-100] | FE3: 0 bal toplayan | FF3: 100 bal toplayan | FI3: Azərbaycan bölməsi | FJ3: Rus bölməsi | FK3: Ümumi | FL3: Azərbaycan bölməsi | FM3: Rus bölməsi | FN3: Ümumi | FO3: Azərbaycan | FP3: Rus | FQ3: Ümumi
B4: Azərbaycan | C4: =VLOOKUP($A$4,$BK:$FN,6,0) -> #N/A | D4: =VLOOKUP($A$4,$BK:$FN,7,0) -> #N/A | E4: =VLOOKUP($A$4,$BK:$FN,8,0) -> #N/A | F4: =VLOOKUP($A$4,$BK:$FN,9,0) -> #N/A | G4: =VLOOKUP($A$4,$BK:$FN,10,0) -> #N/A | I4: =VLOOKUP($A$4,$BK:$FN,11,0) -> #N/A | J4: =VLOOKUP($A$4,$BK:$FN,12,0) -> #N/A | L4: =VLOOKUP($A$4,$BK:$FN,13,0) -> #N/A | M4: =VLOOKUP($A$4,$BK:$FN,14,0) -> #N/A | N4: =VLOOKUP($A$4,$BK:$FN,15,0) -> #N/A | O4: =VLOOKUP($A$4,$BK:$FN,16,0) -> #N/A | P4: =VLOOKUP($A$4,$BK:$FN,17,0) -> #N/A | Q4: =VLOOKUP($A$4,$BK:$FN,18,0) -> #N/A | R4: =VLOOKUP($A$4,$BK:$FN,19,0) -> #N/A | S4: =VLOOKUP($A$4,$BK:$FN,20,0) -> #N/A | T4: =VLOOKUP($A$4,$BK:$FN,21,0) -> #N/A | U4: =VLOOKUP($A$4,$BK:$FN,22,0) -> #N/A | V4: =VLOOKUP($A$4,$BK:$FN,23,0) -> #N/A | W4: =VLOOKUP($A$4,$BK:$FN,24,0) -> #N/A | X4: =VLOOKUP($A$4,$BK:$FN,25,0) -> #N/A | Y4: =VLOOKUP($A$4,$BK:$FN,26,0) -> #N/A | Z4: =VLOOKUP($A$4,$BK:$FN,27,0) -> #N/A | AA4: =VLOOKUP($A$4,$BK:$FN,28,0) -> #N/A | AB4: =VLOOKUP($A$4,$BK:$FN,29,0) -> #N/A | AC4: =VLOOKUP($A$4,$BK:$FN,30,0) -> #N/A | AJ4: =VLOOKUP($A$4,$BK:$FN,31,0) -> #N/A | AK4: =VLOOKUP($A$4,$BK:$FN,32,0) -> #N/A | AL4: =VLOOKUP($A$4,$BK:$FN,103,0) -> #N/A | AM4: =VLOOKUP($A$4,$BK:$FN,104,0) -> #N/A | AN4: =VLOOKUP($A$4,$BK:$FN,105,0) -> #N/A | AO4: =VLOOKUP($A$4,$BK:$FN,106,0) -> #N/A | AP4: =VLOOKUP($A$4,$BK:$FN,107,0) -> #N/A | AQ4: =VLOOKUP($A$4,$BK:$FN,108,0) -> #N/A | BK4: 321554343 | BL4: 3 nömrəli tam orta məktəb | BM4: 3 | BN4: tam orta məktəb | BO4: Azərbaycan | BP4: 95 | BQ4: 0 | BR4: 51.357895 | BS4: 45.094737 | BT4: 39.968421 | BU4: 136.42105 | BV4: 45.473684 | BW4: 15 | BX4: 50 | BY4: 24 | BZ4: 6 | CA4: 1 | CB4: 0 | CC4: 28 | CD4: 45 | CE4: 16 | CF4: 6 | CG4: 3 | CH4: 1 | CI4: 39 | CJ4: 38 | CK4: 10 | CL4: 8 | CM4: 1 | CN4: 1 | CO4: 0 | CP4: 0 | CQ4: 0 | CR4: 0 | CZ4: 0 | DA4: 0 | DB4: 0 | DC4: 0 | DD4: 0 | DE4: 0 | DF4: 0 | DG4: 0 | DH4: 0 | DI4: 0 | DJ4: 0 | DK4: 0 | DL4: 0 | DM4: 0 | DN4: 0 | DO4: 0 | DP4: 0 | DQ4: 0 | DR4: 0 | DS4: 0 | DT4: 0 | DU4: 0 | DV4: 0 | DW4: 0 | DX4: 0 | DY4: 0 | DZ4: 95 | EA4: 0 | EB4: 51.357895 | EC4: 45.094737 | ED4: 39.968421 | EF4: 136.42105 | EG4: 45.473684 | EH4: 45.473684 | EI4: 15 | EJ4: 50 | EK4: 24 | EL4: 6 | EM4: 1 | EN4: 0 | EO4: 28 | EP4: 45 | EQ4: 16 | ER4: 6 | ES4: 3 | ET4: 1 | EU4: 39 | EV4: 38 | EW4: 10 | EX4: 8 | EY4: 1 | EZ4: 1 | FA4: 0 | FB4: 0 | FC4: 0 | FD4: 0 | FE4: 0 | FF4: 0 | FG4: 0 | FH4: 0 | FI4: 109 | FK4: 126 | FL4: 6 | FN4: 12 | FO4: 34 | FP4: 19 | FQ4: 34 | FR4: Binəqədi | FS4: 313 | FT4: 134 | FU4: 313
A5: =VLOOKUP(A4,BK:BL,2,0) -> #N/A | B5: Rus | C5: =VLOOKUP($A$4,$BK:$FN,33,0) -> #N/A | D5: =VLOOKUP($A$4,$BK:$FN,34,0) -> #N/A | E5: =VLOOKUP($A$4,$BK:$FN,35,0) -> #N/A | F5: =VLOOKUP($A$4,$BK:$FN,36,0) -> #N/A | G5: =VLOOKUP($A$4,$BK:$FN,37,0) -> #N/A | H5: =VLOOKUP($A$4,$BK:$FN,38,0) -> #N/A | I5: =VLOOKUP($A$4,$BK:$FN,39,0) -> #N/A | J5: =VLOOKUP($A$4,$BK:$FN,40,0) -> #N/A | K5: =VLOOKUP($A$4,$BK:$FN,41,0) -> #N/A | L5: =VLOOKUP($A$4,$BK:$FN,42,0) -> #N/A | M5: =VLOOKUP($A$4,$BK:$FN,43,0) -> #N/A | N5: =VLOOKUP($A$4,$BK:$FN,44,0) -> #N/A | O5: =VLOOKUP($A$4,$BK:$FN,45,0) -> #N/A | P5: =VLOOKUP($A$4,$BK:$FN,46,0) -> #N/A | Q5: =VLOOKUP($A$4,$BK:$FN,47,0) -> #N/A | R5: =VLOOKUP($A$4,$BK:$FN,48,0) -> #N/A | S5: =VLOOKUP($A$4,$BK:$FN,49,0) -> #N/A | T5: =VLOOKUP($A$4,$BK:$FN,50,0) -> #N/A | U5: =VLOOKUP($A$4,$BK:$FN,51,0) -> #N/A | V5: =VLOOKUP($A$4,$BK:$FN,52,0) -> #N/A | W5: =VLOOKUP($A$4,$BK:$FN,53,0) -> #N/A | X5: =VLOOKUP($A$4,$BK:$FN,54,0) -> #N/A | Y5: =VLOOKUP($A$4,$BK:$FN,55,0) -> #N/A | Z5: =VLOOKUP($A$4,$BK:$FN,56,0) -> #N/A | AA5: =VLOOKUP($A$4,$BK:$FN,57,0) -> #N/A | AB5: =VLOOKUP($A$4,$BK:$FN,58,0) -> #N/A | AC5: =VLOOKUP($A$4,$BK:$FN,59,0) -> #N/A | AD5: =VLOOKUP($A$4,$BK:$FN,60,0) -> #N/A | AE5: =VLOOKUP($A$4,$BK:$FN,61,0) -> #N/A | AF5: =VLOOKUP($A$4,$BK:$FN,62,0) -> #N/A | AG5: =VLOOKUP($A$4,$BK:$FN,63,0) -> #N/A | AH5: =VLOOKUP($A$4,$BK:$FN,64,0) -> #N/A | AI5: =VLOOKUP($A$4,$BK:$FN,65,0) -> #N/A | AJ5: =VLOOKUP($A$4,$BK:$FN,66,0) -> #N/A | AK5: =VLOOKUP($A$4,$BK:$FN,67,0) -> #N/A | BL5: Uşaq-Gənclər İnkişaf Mərkəzi | BM5: 6 | BN5: UGİM | BO5: Azərbaycan, rus | BP5: 0 | BQ5: 0 | BW5: 0 | BX5: 0 | BY5: 0 | BZ5: 0 | CA5: 0 | CB5: 0 | CC5: 0 | CD5: 0 | CE5: 0 | CF5: 0 | CG5: 0 | CH5: 0 | CI5: 0 | CJ5: 0 | CK5: 0 | CL5: 0 | CM5: 0 | CN5: 0 | CO5: 0 | CP5: 0 | CQ5: 0 | CR5: 0 | CZ5: 0 | DA5: 0 | DB5: 0 | DC5: 0 | DD5: 0 | DE5: 0 | DF5: 0 | DG5: 0 | DH5: 0 | DI5: 0 | DJ5: 0 | DK5: 0 | DL5: 0 | DM5: 0 | DN5: 0 | DO5: 0 | DP5: 0 | DQ5: 0 | DR5: 0 | DS5: 0 | DT5: 0 | DU5: 0 | DV5: 0 | DW5: 0 | DX5: 0 | DY5: 0 | DZ5: 0 | EA5: 0 | EI5: 0 | EJ5: 0 | EK5: 0 | EL5: 0 | EM5: 0 | EN5: 0 | EO5: 0 | EP5: 0 | EQ5: 0 | ER5: 0 | ES5: 0 | ET5: 0 | EU5: 0 | EV5: 0 | EW5: 0 | EX5: 0 | EY5: 0 | EZ5: 0 | FA5: 0 | FB5: 0 | FC5: 0 | FD5: 0 | FE5: 0 | FF5: 0 | FG5: 0 | FH5: 0 | FO5: 34 | FP5: 19 | FQ5: 34 | FR5: Binəqədi | FS5: 313 | FT5: 134 | FU5: 313
B6: Ümumi | C6: =VLOOKUP($A$4,$BK:$FN,68,0) -> #N/A | D6: =VLOOKUP($A$4,$BK:$FN,69,0) -> #N/A | E6: =VLOOKUP($A$4,$BK:$FN,70,0) -> #N/A | F6: =VLOOKUP($A$4,$BK:$FN,71,0) -> #N/A | G6: =VLOOKUP($A$4,$BK:$FN,72,0) -> #N/A | H6: =VLOOKUP($A$4,$BK:$FN,73,0) -> #N/A | I6: =VLOOKUP($A$4,$BK:$FN,74,0) -> #N/A | J6: =VLOOKUP($A$4,$BK:$FN,75,0) -> #N/A | K6: =VLOOKUP($A$4,$BK:$FN,76,0) -> #N/A | L6: =VLOOKUP($A$4,$BK:$FN,77,0) -> #N/A | M6: =VLOOKUP($A$4,$BK:$FN,78,0) -> #N/A | N6: =VLOOKUP($A$4,$BK:$FN,79,0) -> #N/A | O6: =VLOOKUP($A$4,$BK:$FN,80,0) -> #N/A | P6: =VLOOKUP($A$4,$BK:$FN,81,0) -> #N/A | Q6: =VLOOKUP($A$4,$BK:$FN,82,0) -> #N/A | R6: =VLOOKUP($A$4,$BK:$FN,83,0) -> #N/A | S6: =VLOOKUP($A$4,$BK:$FN,84,0) -> #N/A | T6: =VLOOKUP($A$4,$BK:$FN,85,0) -> #N/A | U6: =VLOOKUP($A$4,$BK:$FN,86,0) -> #N/A | V6: =VLOOKUP($A$4,$BK:$FN,87,0) -> #N/A | W6: =VLOOKUP($A$4,$BK:$FN,88,0) -> #N/A | X6: =VLOOKUP($A$4,$BK:$FN,89,0) -> #N/A | Y6: =VLOOKUP($A$4,$BK:$FN,90,0) -> #N/A | Z6: =VLOOKUP($A$4,$BK:$FN,91,0) -> #N/A | AA6: =VLOOKUP($A$4,$BK:$FN,92,0) -> #N/A | AB6: =VLOOKUP($A$4,$BK:$FN,93,0) -> #N/A | AC6: =VLOOKUP($A$4,$BK:$FN,94,0) -> #N/A | AD6: =VLOOKUP($A$4,$BK:$FN,95,0) -> #N/A | AE6: =VLOOKUP($A$4,$BK:$FN,96,0) -> #N/A | AF6: =VLOOKUP($A$4,$BK:$FN,97,0) -> #N/A | AG6: =VLOOKUP($A$4,$BK:$FN,98,0) -> #N/A | AH6: =VLOOKUP($A$4,$BK:$FN,99,0) -> #N/A | AI6: =VLOOKUP($A$4,$BK:$FN,100,0) -> #N/A | AJ6: =VLOOKUP($A$4,$BK:$FN,101,0) -> #N/A | AK6: =VLOOKUP($A$4,$BK:$FN,102,0) -> #N/A | BK6: 747538865 | BL6: 30 nömrəli tam orta məktəb | BM6: 30 | BN6: tam orta məktəb | BO6: Azərbaycan, rus | BP6: 42 | BQ6: 0 | BR6: 42.904762 | BS6: 34.095238 | BT6: 32.690476 | BU6: 109.69048 | BV6: 36.563492 | BW6: 15 | BX6: 20 | BY6: 7 | BZ6: 0 | CA6: 0 | CB6: 0 | CC6: 19 | CD6: 20 | CE6: 3 | CF6: 0 | CG6: 0 | CH6: 0 | CI6: 24 | CJ6: 15 | CK6: 2 | CL6: 1 | CM6: 0 | CN6: 0 | CO6: 0 | CP6: 0 | CQ6: 18 | CR6: 0 | CS6: 57.055556 | CT6: 45.555556 | CU6: 47.333333 | CV6: 57.222222 | CW6: 149.94444 | CX6: 49.981481 | CY6: 51.791667 | CZ6: 0 | DA6: 11 | DB6: 6 | DC6: 1 | DD6: 0 | DE6: 0 | DF6: 3 | DG6: 11 | DH6: 1 | DI6: 3 | DJ6: 0 | DK6: 0 | DL6: 7 | DM6: 5 | DN6: 3 | DO6: 3 | DP6: 0 | DQ6: 0 | DR6: 1 | DS6: 11 | DT6: 5 | DU6: 1 | DV6: 0 | DW6: 0 | DX6: 0 | DY6: 0 | DZ6: 60 | EA6: 0 | EB6: 47.15 | EC6: 37.533333 | ED6: 37.083333 | EE6: 57.222222 | EF6: 121.76667 | EG6: 40.588889 | EH6: 41.131944 | EI6: 15 | EJ6: 31 | EK6: 13 | EL6: 1 | EM6: 0 | EN6: 0 | EO6: 22 | EP6: 31 | EQ6: 4 | ER6: 3 | ES6: 0 | ET6: 0 | EU6: 31 | EV6: 20 | EW6: 5 | EX6: 4 | EY6: 0 | EZ6: 0 | FA6: 1 | FB6: 11 | FC6: 5 | FD6: 1 | FE6: 0 | FF6: 0 | FG6: 0 | FH6: 0 | FI6: 243 | FJ6: 67 | FK6: 194 | FL6: 27 | FM6: 11 | FN6: 20 | FO6: 34 | FP6: 19 | FQ6: 34 | FR6: Binəqədi | FS6: 313 | FT6: 134 | FU6: 313
A7: Bakı Şəhəri üzrə Təhsil İdarəsi | C7: 34096 | D7: 146 | E7: =VLOOKUP($A$7,$BK:$FN,70,0) -> 51.190751 | F7: =VLOOKUP($A$7,$BK:$FN,71,0) -> 42.021915 | G7: =VLOOKUP($A$7,$BK:$FN,72,0) -> 41.307944 | H7: =VLOOKUP($A$7,$BK:$FN,73,0) -> 52.308901 | I7: =VLOOKUP($A$7,$BK:$FN,74,0) -> 134.50601 | J7: =VLOOKUP($A$7,$BK:$FN,75,0) -> 44.837477 | K7: =VLOOKUP($A$7,$BK:$FN,76,0) -> 44.840758 | AL7: =VLOOKUP($A$4,$BK:$FU,113,0) -> #N/A | AM7: =VLOOKUP($A$4,$BK:$FU,114,0) -> #N/A | AN7: =VLOOKUP($A$4,$BK:$FU,115,0) -> #N/A | AO7: =VLOOKUP($A$4,$BK:$FQ,109,0) -> #N/A | AP7: =VLOOKUP($A$4,$BK:$FQ,110,0) -> #N/A | AQ7: =VLOOKUP($A$4,$BK:$FQ,111,0) -> #N/A | BK7: 466471470 | BL7: 83 nömrəli məktəb-lisey | BM7: 83 | BN7: məktəb-lisey | BO7: Azərbaycan, rus | BP7: 99 | BQ7: 0 | BR7: 54.828283 | BS7: 49.050505 | BT7: 46.474747 | BU7: 150.35354 | BV7: 50.117845 | BW7: 11 | BX7: 54 | BY7: 25 | BZ7: 9 | CA7: 0 | CB7: 0 | CC7: 23 | CD7: 49 | CE7: 20 | CF7: 7 | CG7: 0 | CH7: 1 | CI7: 38 | CJ7: 34 | CK7: 17 | CL7: 10 | CM7: 0 | CN7: 1 | CO7: 0 | CP7: 0 | CQ7: 64 | CR7: 0 | CS7: 58.59375 | CT7: 47.625 | CU7: 52.984375 | CV7: 59.265625 | CW7: 159.20312 | CX7: 53.067708 | CY7: 54.617188 | CZ7: 8 | DA7: 25 | DB7: 22 | DC7: 9 | DD7: 0 | DE7: 0 | DF7: 18 | DG7: 30 | DH7: 8 | DI7: 8 | DJ7: 0 | DK7: 0 | DL7: 18 | DM7: 19 | DN7: 14 | DO7: 13 | DP7: 0 | DQ7: 1 | DR7: 6 | DS7: 24 | DT7: 29 | DU7: 5 | DV7: 0 | DW7: 0 | DX7: 0 | DY7: 0 | DZ7: 163 | EA7: 0 | EB7: 56.306748 | EC7: 48.490798 | ED7: 49.030675 | EE7: 59.265625 | EF7: 153.82822 | EG7: 51.276074 | EH7: 51.884458 | EI7: 19 | EJ7: 79 | EK7: 47 | EL7: 18 | EM7: 0 | EN7: 0 | EO7: 41 | EP7: 79 | EQ7: 28 | ER7: 15 | ES7: 0 | ET7: 1 | EU7: 56 | EV7: 53 | EW7: 31 | EX7: 23 | EY7: 0 | EZ7: 2 | FA7: 6 | FB7: 24 | FC7: 29 | FD7: 5 | FE7: 0 | FF7: 0 | FG7: 0 | FH7: 0 | FI7: 55 | FJ7: 42 | FK7: 55 | FL7: 2 | FM7: 6 | FN7: 2 | FO7: 34 | FP7: 19 | FQ7: 34 | FR7: Binəqədi | FS7: 313 | FT7: 134 | FU7: 313
BK8: 233824167 | BL8: 99 nömrəli tam orta məktəb | BM8: 99 | BN8: tam orta məktəb | BO8: Azərbaycan | BP8: 150 | BQ8: 8 | BR8: 43.802817 | BS8: 39.014085 | BT8: 32.211268 | BU8: 115.02817 | BV8: 38.342723 | BW8: 46 | BX8: 57 | BY8: 35 | BZ8: 4 | CA8: 4 | CB8: 0 | CC8: 64 | CD8: 49 | CE8: 19 | CF8: 10 | CG8: 6 | CH8: 1 | CI8: 84 | CJ8: 45 | CK8: 11 | CL8: 2 | CM8: 6 | CN8: 0 | CO8: 4 | CP8: 0 | CQ8: 0 | CR8: 0 | CZ8: 0 | DA8: 0 | DB8: 0 | DC8: 0 | DD8: 0 | DE8: 0 | DF8: 0 | DG8: 0 | DH8: 0 | DI8: 0 | DJ8: 0 | DK8: 0 | DL8: 0 | DM8: 0 | DN8: 0 | DO8: 0 | DP8: 0 | DQ8: 0 | DR8: 0 | DS8: 0 | DT8: 0 | DU8: 0 | DV8: 0 | DW8: 0 | DX8: 0 | DY8: 0 | DZ8: 150 | EA8: 8 | EB8: 43.802817 | EC8: 39.014085 | ED8: 32.211268 | EF8: 115.02817 | EG8: 38.342723 | EH8: 38.342723 | EI8: 46 | EJ8: 57 | EK8: 35 | EL8: 4 | EM8: 4 | EN8: 0 | EO8: 64 | EP8: 49 | EQ8: 19 | ER8: 10 | ES8: 6 | ET8: 1 | EU8: 84 | EV8: 45 | EW8: 11 | EX8: 2 | EY8: 6 | EZ8: 0 | FA8: 0 | FB8: 0 | FC8: 0 | FD8: 0 | FE8: 0 | FF8: 0 | FG8: 4 | FH8: 0 | FI8: 218 | FK8: 224 | FL8: 22 | FN8: 25 | FO8: 34 | FP8: 19 | FQ8: 34 | FR8: Binəqədi | FS8: 313 | FT8: 134 | FU8: 313
BK9: 509986830 | BL9: 100 nömrəli tam orta məktəb | BM9: 100 | BN9: tam orta məktəb | BO9: Azərbaycan, rus | BP9: 105 | BQ9: 0 | BR9: 42.771429 | BS9: 37.904762 | BT9: 34.342857 | BU9: 115.01905 | BV9: 38.339683 | BW9: 34 | BX9: 49 | BY9: 20 | BZ9: 2 | CA9: 0 | CB9: 0 | CC9: 46 | CD9: 42 | CE9: 11 | CF9: 6 | CG9: 0 | CH9: 3 | CI9: 57 | CJ9: 38 | CK9: 3 | CL9: 7 | CM9: 0 | CN9: 1 | CO9: 0 | CP9: 0 | CQ9: 34 | CR9: 0 | CS9: 59.676471 | CT9: 45.764706 | CU9: 58.352941 | CV9: 60.411765 | CW9: 163.79412 | CX9: 54.598039 | CY9: 56.051471 | CZ9: 1 | DA9: 16 | DB9: 15 | DC9: 2 | DD9: 0 | DE9: 0 | DF9: 9 | DG9: 17 | DH9: 5 | DI9: 3 | DJ9: 0 | DK9: 0 | DL9: 4 | DM9: 12 | DN9: 9 | DO9: 9 | DP9: 0 | DQ9: 0 | DR9: 3 | DS9: 11 | DT9: 17 | DU9: 3 | DV9: 0 | DW9: 0 | DX9: 0 | DY9: 0 | DZ9: 139 | EA9: 0 | EB9: 46.906475 | EC9: 39.827338 | ED9: 40.215827 | EE9: 60.411765 | EF9: 126.94964 | EG9: 42.316547 | EH9: 42.672062 | EI9: 35 | EJ9: 65 | EK9: 35 | EL9: 4 | EM9: 0 | EN9: 0 | EO9: 55 | EP9: 59 | EQ9: 16 | ER9: 9 | ES9: 0 | ET9: 3 | EU9: 61 | EV9: 50 | EW9: 12 | EX9: 16 | EY9: 0 | EZ9: 1 | FA9: 3 | FB9: 11 | FC9: 17 | FD9: 3 | FE9: 0 | FF9: 0 | FG9: 0 | FH9: 0 | FI9: 219 | FJ9: 34 | FK9: 168 | FL9: 23 | FM9: 4 | FN9: 17 | FO9: 34 | FP9: 19 | FQ9: 34 | FR9: Binəqədi | FS9: 313 | FT9: 134 | FU9: 313
BK10: 152156460 | BL10: 102 nömrəli tam orta məktəb | BM10: 102 | BN10: tam orta məktəb | BO10: Azərbaycan, rus | BP10: 49 | BQ10: 1 | BR10: 49.791667 | BS10: 43.25 | BT10: 41.520833 | BU10: 134.5625 | BV10: 44.854167 | BW10: 12 | BX10: 21 | BY10: 14 | BZ10: 1 | CA10: 0 | CB10: 0 | CC10: 11 | CD10: 30 | CE10: 4 | CF10: 3 | CG10: 0 | CH10: 0 | CI10: 23 | CJ10: 15 | CK10: 6 | CL10: 4 | CM10: 0 | CN10: 0 | CO10: 0 | CP10: 0 | CQ10: 72 | CR10: 0 | CS10: 63.527778 | CT10: 51.277778 | CU10: 55.430556 | CV10: 59.652778 | CW10: 170.23611 | CX10: 56.74537 | CY10: 57.472222 | CZ10: 5 | DA10: 24 | DB10: 31 | DC10: 12 | DD10: 0 | DE10: 0 | DF10: 16 | DG10: 35 | DH10: 12 | DI10: 9 | DJ10: 0 | DK10: 0 | DL10: 20 | DM10: 21 | DN10: 12 | DO10: 19 | DP10: 0 | DQ10: 4 | DR10: 9 | DS10: 29 | DT10: 24 | DU10: 10 | DV10: 0 | DW10: 1 | DX10: 0 | DY10: 0 | DZ10: 121 | EA10: 1 | EB10: 58.033333 | EC10: 48.066667 | ED10: 49.866667 | EE10: 59.652778 | EF10: 155.96667 | EG10: 51.988889 | EH10: 52.425 | EI10: 17 | EJ10: 45 | EK10: 45 | EL10: 13 | EM10: 0 | EN10: 0 | EO10: 27 | EP10: 65 | EQ10: 16 | ER10: 12 | ES10: 0 | ET10: 0 | EU10: 43 | EV10: 36 | EW10: 18 | EX10: 23 | EY10: 0 | EZ10: 4 | FA10: 9 | FB10: 29 | FC10: 24 | FD10: 10 | FE10: 0 | FF10: 1 | FG10: 0 | FH10: 0 | FI10: 115 | FJ10: 21 | FK10: 49 | FL10: 7 | FM10: 1 | FN10: 1 | FO10: 34 | FP10: 19 | FQ10: 34 | FR10: Binəqədi | FS10: 313 | FT10: 134 | FU10: 313
BK11: 951827026 | BL11: 103 nömrəli tam orta məktəb | BM11: 103 | BN11: tam orta məktəb | BO11: Azərbaycan | BP11: 95 | BQ11: 0 | BR11: 39.884211 | BS11: 32.884211 | BT11: 27.768421 | BU11: 100.53684 | BV11: 33.512281 | BW11: 41 | BX11: 34 | BY11: 19 | BZ11: 1 | CA11: 2 | CB11: 0 | CC11: 51 | CD11: 33 | CE11: 9 | CF11: 2 | CG11: 3 | CH11: 0 | CI11: 66 | CJ11: 23 | CK11: 6 | CL11: 0 | CM11: 2 | CN11: 0 | CO11: 2 | CP11: 0 | CQ11: 0 | CR11: 0 | CZ11: 0 | DA11: 0 | DB11: 0 | DC11: 0 | DD11: 0 | DE11: 0 | DF11: 0 | DG11: 0 | DH11: 0 | DI11: 0 | DJ11: 0 | DK11: 0 | DL11: 0 | DM11: 0 | DN11: 0 | DO11: 0 | DP11: 0 | DQ11: 0 | DR11: 0 | DS11: 0 | DT11: 0 | DU11: 0 | DV11: 0 | DW11: 0 | DX11: 0 | DY11: 0 | DZ11: 95 | EA11: 0 | EB11: 39.884211 | EC11: 32.884211 | ED11: 27.768421 | EF11: 100.53684 | EG11: 33.512281 | EH11: 33.512281 | EI11: 41 | EJ11: 34 | EK11: 19 | EL11: 1 | EM11: 2 | EN11: 0 | EO11: 51 | EP11: 33 | EQ11: 9 | ER11: 2 | ES11: 3 | ET11: 0 | EU11: 66 | EV11: 23 | EW11: 6 | EX11: 0 | EY11: 2 | EZ11: 0 | FA11: 0 | FB11: 0 | FC11: 0 | FD11: 0 | FE11: 0 | FF11: 0 | FG11: 2 | FH11: 0 | FI11: 269 | FK11: 273 | FL11: 33 | FN11: 33 | FO11: 34 | FP11: 19 | FQ11: 34 | FR11: Binəqədi | FS11: 313 | FT11: 134 | FU11: 313
BL12: 115 saylı xüsusi əyani-qiyabi tam orta məktəb-axşam məktəbi (11 saylı CÇM) | BM12: 115 | BN12: XƏQTOM | BO12: Azərbaycan, rus | BP12: 3 | BQ12: 0 | BR12: 36.666667 | BS12: 44 | BT12: 34.333333 | BU12: 115 | BV12: 38.333333 | BW12: 1 | BX12: 2 | BY12: 0 | BZ12: 0 | CA12: 0 | CB12: 0 | CC12: 0 | CD12: 3 | CE12: 0 | CF12: 0 | CG12: 0 | CH12: 0 | CI12: 0 | CJ12: 3 | CK12: 0 | CL12: 0 | CM12: 0 | CN12: 0 | CO12: 0 | CP12: 0 | CQ12: 0 | CR12: 0 | CZ12: 0 | DA12: 0 | DB12: 0 | DC12: 0 | DD12: 0 | DE12: 0 | DF12: 0 | DG12: 0 | DH12: 0 | DI12: 0 | DJ12: 0 | DK12: 0 | DL12: 0 | DM12: 0 | DN12: 0 | DO12: 0 | DP12: 0 | DQ12: 0 | DR12: 0 | DS12: 0 | DT12: 0 | DU12: 0 | DV12: 0 | DW12: 0 | DX12: 0 | DY12: 0 | DZ12: 3 | EA12: 0 | EB12: 36.666667 | EC12: 44 | ED12: 34.333333 | EF12: 115 | EG12: 38.333333 | EH12: 38.333333 | EI12: 1 | EJ12: 2 | EK12: 0 | EL12: 0 | EM12: 0 | EN12: 0 | EO12: 0 | EP12: 3 | EQ12: 0 | ER12: 0 | ES12: 0 | ET12: 0 | EU12: 0 | EV12: 3 | EW12: 0 | EX12: 0 | EY12: 0 | EZ12: 0 | FA12: 0 | FB12: 0 | FC12: 0 | FD12: 0 | FE12: 0 | FF12: 0 | FG12: 0 | FH12: 0 | FI12: 220 | FK12: 225 | FL12: 24 | FN12: 26 | FO12: 34 | FP12: 19 | FQ12: 34 | FR12: Binəqədi | FS12: 313 | FT12: 134 | FU12: 313
BK13: 542867191 | BL13: 115 nömrəli tam orta məktəb | BM13: 115 | BN13: tam orta məktəb | BO13: Azərbaycan, rus | BP13: 118 | BQ13: 0 | BR13: 51.016949 | BS13: 39.966102 | BT13: 41.364407 | BU13: 132.34746 | BV13: 44.115819 | BW13: 21 | BX13: 61 | BY13: 30 | BZ13: 6 | CA13: 2 | CB13: 0 | CC13: 47 | CD13: 49 | CE13: 17 | CF13: 5 | CG13: 3 | CH13: 0 | CI13: 47 | CJ13: 45 | CK13: 19 | CL13: 7 | CM13: 2 | CN13: 0 | CO13: 2 | CP13: 0 | CQ13: 26 | CR13: 0 | CS13: 56.846154 | CT13: 43.230769 | CU13: 57.230769 | CV13: 54.384615 | CW13: 157.30769 | CX13: 52.435897 | CY13: 52.923077 | CZ13: 3 | DA13: 12 | DB13: 8 | DC13: 3 | DD13: 0 | DE13: 0 | DF13: 9 | DG13: 12 | DH13: 3 | DI13: 2 | DJ13: 0 | DK13: 0 | DL13: 7 | DM13: 6 | DN13: 6 | DO13: 7 | DP13: 0 | DQ13: 1 | DR13: 4 | DS13: 11 | DT13: 11 | DU13: 0 | DV13: 0 | DW13: 0 | DX13: 0 | DY13: 0 | DZ13: 144 | EA13: 0 | EB13: 52.069444 | EC13: 40.555556 | ED13: 44.229167 | EE13: 54.384615 | EF13: 136.85417 | EG13: 45.618056 | EH13: 45.706019 | EI13: 24 | EJ13: 73 | EK13: 38 | EL13: 9 | EM13: 2 | EN13: 0 | EO13: 56 | EP13: 61 | EQ13: 20 | ER13: 7 | ES13: 3 | ET13: 0 | EU13: 54 | EV13: 51 | EW13: 25 | EX13: 14 | EY13: 2 | EZ13: 1 | FA13: 4 | FB13: 11 | FC13: 11 | FD13: 0 | FE13: 0 | FF13: 0 | FG13: 2 | FH13: 0 | FI13: 130 | FJ13: 46 | FK13: 124 | FL13: 12 | FM13: 7 | FN13: 10 | FO13: 34 | FP13: 19 | FQ13: 34 | FR13: Binəqədi | FS13: 313 | FT13: 134 | FU13: 313
BK14: 180574458 | BL14: 126 nömrəli tam orta məktəb | BM14: 126 | BN14: TN | BO14: Azərbaycan, rus | BP14: 65 | BQ14: 0 | BR14: 41.292308 | BS14: 33.969231 | BT14: 32.184615 | BU14: 107.44615 | BV14: 35.815385 | BW14: 23 | BX14: 31 | BY14: 9 | BZ14: 2 | CA14: 1 | CB14: 0 | CC14: 32 | CD14: 27 | CE14: 3 | CF14: 3 | CG14: 1 | CH14: 0 | CI14: 40 | CJ14: 18 | CK14: 6 | CL14: 1 | CM14: 1 | CN14: 0 | CO14: 1 | CP14: 0 | CQ14: 19 | CR14: 0 | CS14: 56.842105 | CT14: 45.894737 | CU14: 46.263158 | CV14: 51.578947 | CW14: 149 | CX14: 49.666667 | CY14: 50.144737 | CZ14: 3 | DA14: 6 | DB14: 7 | DC14: 3 | DD14: 0 | DE14: 0 | DF14: 5 | DG14: 9 | DH14: 3 | DI14: 2 | DJ14: 0 | DK14: 1 | DL14: 8 | DM14: 4 | DN14: 6 | DO14: 1 | DP14: 0 | DQ14: 0 | DR14: 3 | DS14: 10 | DT14: 5 | DU14: 1 | DV14: 0 | DW14: 0 | DX14: 0 | DY14: 0 | DZ14: 84 | EA14: 0 | EB14: 44.809524 | EC14: 36.666667 | ED14: 35.369048 | EE14: 51.578947 | EF14: 116.84524 | EG14: 38.948413 | EH14: 39.056548 | EI14: 26 | EJ14: 37 | EK14: 16 | EL14: 5 | EM14: 1 | EN14: 0 | EO14: 37 | EP14: 36 | EQ14: 6 | ER14: 5 | ES14: 1 | ET14: 1 | EU14: 48 | EV14: 22 | EW14: 12 | EX14: 2 | EY14: 1 | EZ14: 0 | FA14: 3 | FB14: 10 | FC14: 5 | FD14: 1 | FE14: 0 | FF14: 0 | FG14: 1 | FH14: 0 | FI14: 252 | FJ14: 70 | FK14: 218 | FL14: 29 | FM14: 13 | FN14: 24 | FO14: 34 | FP14: 19 | FQ14: 34 | FR14: Binəqədi | FS14: 313 | FT14: 134 | FU14: 313
BK15: 150425330 | BL15: 135 nömrəli tam orta məktəb | BM15: 135 | BN15: tam orta məktəb | BO15: Azərbaycan | BP15: 49 | BQ15: 0 | BR15: 45.693878 | BS15: 38.122449 | BT15: 42.795918 | BU15: 126.61224 | BV15: 42.204082 | BW15: 14 | BX15: 23 | BY15: 11 | BZ15: 1 | CA15: 1 | CB15: 0 | CC15: 21 | CD15: 19 | CE15: 8 | CF15: 1 | CG15: 2 | CH15: 0 | CI15: 19 | CJ15: 20 | CK15: 5 | CL15: 5 | CM15: 1 | CN15: 0 | CO15: 1 | CP15: 0 | CQ15: 0 | CR15: 0 | CZ15: 0 | DA15: 0 | DB15: 0 | DC15: 0 | DD15: 0 | DE15: 0 | DF15: 0 | DG15: 0 | DH15: 0 | DI15: 0 | DJ15: 0 | DK15: 0 | DL15: 0 | DM15: 0 | DN15: 0 | DO15: 0 | DP15: 0 | DQ15: 0 | DR15: 0 | DS15: 0 | DT15: 0 | DU15: 0 | DV15: 0 | DW15: 0 | DX15: 0 | DY15: 0 | DZ15: 49 | EA15: 0 | EB15: 45.693878 | EC15: 38.122449 | ED15: 42.795918 | EF15: 126.61224 | EG15: 42.204082 | EH15: 42.204082 | EI15: 14 | EJ15: 23 | EK15: 11 | EL15: 1 | EM15: 1 | EN15: 0 | EO15: 21 | EP15: 19 | EQ15: 8 | ER15: 1 | ES15: 2 | ET15: 0 | EU15: 19 | EV15: 20 | EW15: 5 | EX15: 5 | EY15: 1 | EZ15: 0 | FA15: 0 | FB15: 0 | FC15: 0 | FD15: 0 | FE15: 0 | FF15: 0 | FG15: 1 | FH15: 0 | FI15: 159 | FK15: 171 | FL15: 16 | FN15: 19 | FO15: 34 | FP15: 19 | FQ15: 34 | FR15: Binəqədi | FS15: 313 | FT15: 134 | FU15: 313
BK16: 306648932 | BL16: 143 nömrəli tam orta məktəb | BM16: 143 | BN16: tam orta məktəb | BO16: Azərbaycan, rus | BP16: 66 | BQ16: 0 | BR16: 52.924242 | BS16: 43.878788 | BT16: 36.560606 | BU16: 133.36364 | BV16: 44.454545 | BW16: 6 | BX16: 40 | BY16: 18 | BZ16: 2 | CA16: 0 | CB16: 0 | CC16: 18 | CD16: 38 | CE16: 7 | CF16: 3 | CG16: 0 | CH16: 0 | CI16: 30 | CJ16: 25 | CK16: 9 | CL16: 2 | CM16: 0 | CN16: 0 | CO16: 0 | CP16: 0 | CQ16: 23 | CR16: 0 | CS16: 57 | CT16: 37.913043 | CU16: 43.869565 | CV16: 58.695652 | CW16: 138.78261 | CX16: 46.26087 | CY16: 49.369565 | CZ16: 4 | DA16: 9 | DB16: 7 | DC16: 3 | DD16: 0 | DE16: 0 | DF16: 10 | DG16: 9 | DH16: 4 | DI16: 0 | DJ16: 0 | DK16: 0 | DL16: 10 | DM16: 9 | DN16: 1 | DO16: 3 | DP16: 0 | DQ16: 0 | DR16: 2 | DS16: 9 | DT16: 10 | DU16: 2 | DV16: 0 | DW16: 0 | DX16: 0 | DY16: 0 | DZ16: 89 | EA16: 0 | EB16: 53.977528 | EC16: 42.337079 | ED16: 38.449438 | EE16: 58.695652 | EF16: 134.76404 | EG16: 44.921348 | EH16: 45.724719 | EI16: 10 | EJ16: 49 | EK16: 25 | EL16: 5 | EM16: 0 | EN16: 0 | EO16: 28 | EP16: 47 | EQ16: 11 | ER16: 3 | ES16: 0 | ET16: 0 | EU16: 40 | EV16: 34 | EW16: 10 | EX16: 5 | EY16: 0 | EZ16: 0 | FA16: 2 | FB16: 9 | FC16: 10 | FD16: 2 | FE16: 0 | FF16: 0 | FG16: 0 | FH16: 0 | FI16: 123 | FJ16: 98 | FK16: 135 | FL16: 10 | FM16: 17 | FN16: 13 | FO16: 34 | FP16: 19 | FQ16: 34 | FR16: Binəqədi | FS16: 313 | FT16: 134 | FU16: 313
BK17: 750038450 | BL17: 144 nömrəli tam orta məktəb | BM17: 144 | BN17: tam orta məktəb | BO17: Azərbaycan | BP17: 70 | BQ17: 0 | BR17: 51.628571 | BS17: 48.057143 | BT17: 40.457143 | BU17: 140.14286 | BV17: 46.714286 | BW17: 12 | BX17: 36 | BY17: 20 | BZ17: 2 | CA17: 0 | CB17: 0 | CC17: 19 | CD17: 29 | CE17: 12 | CF17: 10 | CG17: 0 | CH17: 0 | CI17: 28 | CJ17: 27 | CK17: 10 | CL17: 5 | CM17: 1 | CN17: 0 | CO17: 0 | CP17: 0 | CQ17: 0 | CR17: 0 | CZ17: 0 | DA17: 0 | DB17: 0 | DC17: 0 | DD17: 0 | DE17: 0 | DF17: 0 | DG17: 0 | DH17: 0 | DI17: 0 | DJ17: 0 | DK17: 0 | DL17: 0 | DM17: 0 | DN17: 0 | DO17: 0 | DP17: 0 | DQ17: 0 | DR17: 0 | DS17: 0 | DT17: 0 | DU17: 0 | DV17: 0 | DW17: 0 | DX17: 0 | DY17: 0 | DZ17: 70 | EA17: 0 | EB17: 51.628571 | EC17: 48.057143 | ED17: 40.457143 | EF17: 140.14286 | EG17: 46.714286 | EH17: 46.714286 | EI17: 12 | EJ17: 36 | EK17: 20 | EL17: 2 | EM17: 0 | EN17: 0 | EO17: 19 | EP17: 29 | EQ17: 12 | ER17: 10 | ES17: 0 | ET17: 0 | EU17: 28 | EV17: 27 | EW17: 10 | EX17: 5 | EY17: 1 | EZ17: 0 | FA17: 0 | FB17: 0 | FC17: 0 | FD17: 0 | FE17: 0 | FF17: 0 | FG17: 0 | FH17: 0 | FI17: 99 | FK17: 109 | FL17: 4 | FN17: 6 | FO17: 34 | FP17: 19 | FQ17: 34 | FR17: Binəqədi | FS17: 313 | FT17: 134 | FU17: 313
BK18: 566880664 | BL18: 157 nömrəli tam orta məktəb | BM18: 157 | BN18: tam orta məktəb | BO18: Azərbaycan, rus | BP18: 69 | BQ18: 0 | BR18: 51.405797 | BS18: 49.73913 | BT18: 39.376812 | BU18: 140.52174 | BV18: 46.84058 | BW18: 13 | BX18: 35 | BY18: 19 | BZ18: 2 | CA18: 1 | CB18: 0 | CC18: 18 | CD18: 29 | CE18: 13 | CF18: 9 | CG18: 1 | CH18: 2 | CI18: 32 | CJ18: 23 | CK18: 11 | CL18: 3 | CM18: 0 | CN18: 0 | CO18: 0 | CP18: 0 | CQ18: 22 | CR18: 0 | CS18: 62.272727 | CT18: 42 | CU18: 47.818182 | CV18: 55.5 | CW18: 152.09091 | CX18: 50.69697 | CY18: 51.897727 | CZ18: 2 | DA18: 8 | DB18: 8 | DC18: 4 | DD18: 0 | DE18: 0 | DF18: 7 | DG18: 11 | DH18: 3 | DI18: 1 | DJ18: 1 | DK18: 0 | DL18: 7 | DM18: 7 | DN18: 6 | DO18: 2 | DP18: 0 | DQ18: 0 | DR18: 2 | DS18: 11 | DT18: 9 | DU18: 0 | DV18: 0 | DW18: 0 | DX18: 0 | DY18: 0 | DZ18: 91 | EA18: 0 | EB18: 54.032967 | EC18: 47.868132 | ED18: 41.417582 | EE18: 55.5 | EF18: 143.31868 | EG18: 47.772894 | EH18: 48.063187 | EI18: 15 | EJ18: 43 | EK18: 27 | EL18: 6 | EM18: 1 | EN18: 0 | EO18: 25 | EP18: 40 | EQ18: 16 | ER18: 10 | ES18: 2 | ET18: 2 | EU18: 39 | EV18: 30 | EW18: 17 | EX18: 5 | EY18: 0 | EZ18: 0 | FA18: 2 | FB18: 11 | FC18: 9 | FD18: 0 | FE18: 0 | FF18: 0 | FG18: 0 | FH18: 0 | FI18: 95 | FJ18: 61 | FK18: 95 | FL18: 3 | FM18: 10 | FN18: 5 | FO18: 34 | FP18: 19 | FQ18: 34 | FR18: Binəqədi | FS18: 313 | FT18: 134 | FU18: 313
BK19: 523653991 | BL19: 179 nömrəli tam orta məktəb | BM19: 179 | BN19: tam orta məktəb | BO19: Azərbaycan, rus | BP19: 236 | BQ19: 0 | BR19: 43.881356 | BS19: 36.661017 | BT19: 30.978814 | BU19: 111.52119 | BV19: 37.173729 | BW19: 78 | BX19: 107 | BY19: 45 | BZ19: 6 | CA19: 1 | CB19: 0 | CC19: 115 | CD19: 80 | CE19: 27 | CF19: 14 | CG19: 3 | CH19: 1 | CI19: 153 | CJ19: 60 | CK19: 15 | CL19: 8 | CM19: 2 | CN19: 0 | CO19: 1 | CP19: 0 | CQ19: 34 | CR19: 0 | CS19: 43.647059 | CT19: 37.529412 | CU19: 37.882353 | CV19: 61.058824 | CW19: 119.05882 | CX19: 39.686275 | CY19: 45.029412 | CZ19: 9 | DA19: 19 | DB19: 5 | DC19: 1 | DD19: 0 | DE19: 0 | DF19: 15 | DG19: 12 | DH19: 6 | DI19: 1 | DJ19: 0 | DK19: 0 | DL19: 16 | DM19: 11 | DN19: 4 | DO19: 3 | DP19: 1 | DQ19: 0 | DR19: 1 | DS19: 16 | DT19: 15 | DU19: 2 | DV19: 0 | DW19: 1 | DX19: 0 | DY19: 0 | DZ19: 270 | EA19: 0 | EB19: 43.851852 | EC19: 36.77037 | ED19: 31.848148 | EE19: 61.058824 | EF19: 112.47037 | EG19: 37.490123 | EH19: 38.162963 | EI19: 87 | EJ19: 126 | EK19: 50 | EL19: 7 | EM19: 1 | EN19: 0 | EO19: 130 | EP19: 92 | EQ19: 33 | ER19: 15 | ES19: 3 | ET19: 1 | EU19: 169 | EV19: 71 | EW19: 19 | EX19: 11 | EY19: 3 | EZ19: 0 | FA19: 1 | FB19: 16 | FC19: 15 | FD19: 2 | FE19: 0 | FF19: 1 | FG19: 1 | FH19: 0 | FI19: 235 | FJ19: 120 | FK19: 234 | FL19: 26 | FM19: 18 | FN19: 27 | FO19: 34 | FP19: 19 | FQ19: 34 | FR19: Binəqədi | FS19: 313 | FT19: 134 | FU19: 313
BK20: 891697193 | BL20: 182 nömrəli tam orta məktəb | BM20: 182 | BN20: tam orta məktəb | BO20: Azərbaycan | BP20: 363 | BQ20: 0 | BR20: 45.991736 | BS20: 41.564738 | BT20: 33.92011 | BU20: 121.47658 | BV20: 40.492195 | BW20: 98 | BX20: 181 | BY20: 69 | BZ20: 15 | CA20: 2 | CB20: 0 | CC20: 146 | CD20: 141 | CE20: 44 | CF20: 32 | CG20: 2 | CH20: 7 | CI20: 211 | CJ20: 98 | CK20: 39 | CL20: 15 | CM20: 2 | CN20: 0 | CO20: 0 | CP20: 0 | CQ20: 0 | CR20: 0 | CZ20: 0 | DA20: 0 | DB20: 0 | DC20: 0 | DD20: 0 | DE20: 0 | DF20: 0 | DG20: 0 | DH20: 0 | DI20: 0 | DJ20: 0 | DK20: 0 | DL20: 0 | DM20: 0 | DN20: 0 | DO20: 0 | DP20: 0 | DQ20: 0 | DR20: 0 | DS20: 0 | DT20: 0 | DU20: 0 | DV20: 0 | DW20: 0 | DX20: 0 | DY20: 0 | DZ20: 363 | EA20: 0 | EB20: 45.991736 | EC20: 41.564738 | ED20: 33.92011 | EF20: 121.47658 | EG20: 40.492195 | EH20: 40.492195 | EI20: 98 | EJ20: 181 | EK20: 69 | EL20: 15 | EM20: 2 | EN20: 0 | EO20: 146 | EP20: 141 | EQ20: 44 | ER20: 32 | ES20: 2 | ET20: 7 | EU20: 211 | EV20: 98 | EW20: 39 | EX20: 15 | EY20: 2 | EZ20: 0 | FA20: 0 | FB20: 0 | FC20: 0 | FD20: 0 | FE20: 0 | FF20: 0 | FG20: 0 | FH20: 0 | FI20: 183 | FK20: 196 | FL20: 19 | FN20: 21 | FO20: 34 | FP20: 19 | FQ20: 34 | FR20: Binəqədi | FS20: 313 | FT20: 134 | FU20: 313
BK21: 942021214 | BL21: 205 nömrəli tam orta məktəb | BM21: 205 | BN21: tam orta məktəb | BO21: Azərbaycan | BP21: 109 | BQ21: 0 | BR21: 40.330275 | BS21: 35.853211 | BT21: 30.981651 | BU21: 107.16514 | BV21: 35.721713 | BW21: 44 | BX21: 45 | BY21: 16 | BZ21: 4 | CA21: 2 | CB21: 0 | CC21: 54 | CD21: 39 | CE21: 10 | CF21: 6 | CG21: 2 | CH21: 0 | CI21: 72 | CJ21: 27 | CK21: 3 | CL21: 7 | CM21: 1 | CN21: 1 | CO21: 1 | CP21: 0 | CQ21: 0 | CR21: 0 | CZ21: 0 | DA21: 0 | DB21: 0 | DC21: 0 | DD21: 0 | DE21: 0 | DF21: 0 | DG21: 0 | DH21: 0 | DI21: 0 | DJ21: 0 | DK21: 0 | DL21: 0 | DM21: 0 | DN21: 0 | DO21: 0 | DP21: 0 | DQ21: 0 | DR21: 0 | DS21: 0 | DT21: 0 | DU21: 0 | DV21: 0 | DW21: 0 | DX21: 0 | DY21: 0 | DZ21: 109 | EA21: 0 | EB21: 40.330275 | EC21: 35.853211 | ED21: 30.981651 | EF21: 107.16514 | EG21: 35.721713 | EH21: 35.721713 | EI21: 44 | EJ21: 45 | EK21: 16 | EL21: 4 | EM21: 2 | EN21: 0 | EO21: 54 | EP21: 39 | EQ21: 10 | ER21: 6 | ES21: 2 | ET21: 0 | EU21: 72 | EV21: 27 | EW21: 3 | EX21: 7 | EY21: 1 | EZ21: 1 | FA21: 0 | FB21: 0 | FC21: 0 | FD21: 0 | FE21: 0 | FF21: 0 | FG21: 1 | FH21: 0 | FI21: 254 | FK21: 257 | FL21: 30 | FN21: 30 | FO21: 34 | FP21: 19 | FQ21: 34 | FR21: Binəqədi | FS21: 313 | FT21: 134 | FU21: 313
BK22: 677788676 | BL22: 217 nömrəli tam orta məktəb | BM22: 217 | BN22: tam orta məktəb | BO22: Azərbaycan | BP22: 224 | BQ22: 0 | BR22: 46.450893 | BS22: 38 | BT22: 32.834821 | BU22: 117.28571 | BV22: 39.095238 | BW22: 58 | BX22: 110 | BY22: 47 | BZ22: 9 | CA22: 4 | CB22: 0 | CC22: 103 | CD22: 81 | CE22: 26 | CF22: 14 | CG22: 4 | CH22: 1 | CI22: 139 | CJ22: 58 | CK22: 17 | CL22: 10 | CM22: 2 | CN22: 0 | CO22: 2 | CP22: 0 | CQ22: 0 | CR22: 0 | CZ22: 0 | DA22: 0 | DB22: 0 | DC22: 0 | DD22: 0 | DE22: 0 | DF22: 0 | DG22: 0 | DH22: 0 | DI22: 0 | DJ22: 0 | DK22: 0 | DL22: 0 | DM22: 0 | DN22: 0 | DO22: 0 | DP22: 0 | DQ22: 0 | DR22: 0 | DS22: 0 | DT22: 0 | DU22: 0 | DV22: 0 | DW22: 0 | DX22: 0 | DY22: 0 | DZ22: 224 | EA22: 0 | EB22: 46.450893 | EC22: 38 | ED22: 32.834821 | EF22: 117.28571 | EG22: 39.095238 | EH22: 39.095238 | EI22: 58 | EJ22: 110 | EK22: 47 | EL22: 9 | EM22: 4 | EN22: 0 | EO22: 103 | EP22: 81 | EQ22: 26 | ER22: 14 | ES22: 4 | ET22: 1 | EU22: 139 | EV22: 58 | EW22: 17 | EX22: 10 | EY22: 2 | EZ22: 0 | FA22: 0 | FB22: 0 | FC22: 0 | FD22: 0 | FE22: 0 | FF22: 0 | FG22: 2 | FH22: 0 | FI22: 207 | FK22: 213 | FL22: 20 | FN22: 23 | FO22: 34 | FP22: 19 | FQ22: 34 | FR22: Binəqədi | FS22: 313 | FT22: 134 | FU22: 313
BK23: 783942883 | BL23: 244 nömrəli tam orta məktəb | BM23: 244 | BN23: tam orta məktəb | BO23: Azərbaycan, rus | BP23: 167 | BQ23: 0 | BR23: 47.329341 | BS23: 35.185629 | BT23: 40.071856 | BU23: 122.58683 | BV23: 40.862275 | BW23: 34 | BX23: 94 | BY23: 37 | BZ23: 2 | CA23: 0 | CB23: 0 | CC23: 79 | CD23: 65 | CE23: 22 | CF23: 1 | CG23: 1 | CH23: 0 | CI23: 75 | CJ23: 58 | CK23: 24 | CL23: 10 | CM23: 1 | CN23: 1 | CO23: 0 | CP23: 0 | CQ23: 32 | CR23: 0 | CS23: 54.46875 | CT23: 41.75 | CU23: 51.46875 | CV23: 57.75 | CW23: 147.6875 | CX23: 49.229167 | CY23: 51.359375 | CZ23: 3 | DA23: 17 | DB23: 12 | DC23: 0 | DD23: 0 | DE23: 0 | DF23: 10 | DG23: 17 | DH23: 4 | DI23: 1 | DJ23: 0 | DK23: 0 | DL23: 5 | DM23: 17 | DN23: 6 | DO23: 4 | DP23: 0 | DQ23: 0 | DR23: 3 | DS23: 18 | DT23: 6 | DU23: 5 | DV23: 0 | DW23: 0 | DX23: 0 | DY23: 0 | DZ23: 199 | EA23: 0 | EB23: 48.477387 | EC23: 36.241206 | ED23: 41.904523 | EE23: 57.75 | EF23: 126.62312 | EG23: 42.207705 | EH23: 42.550251 | EI23: 37 | EJ23: 111 | EK23: 49 | EL23: 2 | EM23: 0 | EN23: 0 | EO23: 89 | EP23: 82 | EQ23: 26 | ER23: 2 | ES23: 1 | ET23: 0 | EU23: 80 | EV23: 75 | EW23: 30 | EX23: 14 | EY23: 1 | EZ23: 1 | FA23: 3 | FB23: 18 | FC23: 6 | FD23: 5 | FE23: 0 | FF23: 0 | FG23: 0 | FH23: 0 | FI23: 176 | FJ23: 76 | FK23: 170 | FL23: 18 | FM23: 14 | FN23: 18 | FO23: 34 | FP23: 19 | FQ23: 34 | FR23: Binəqədi | FS23: 313 | FT23: 134 | FU23: 313
BK24: 749261545 | BL24: 246 nömrəli məktəb-lisey | BM24: 246 | BN24: məktəb-lisey | BO24: Azərbaycan, rus | BP24: 111 | BQ24: 0 | BR24: 48.558559 | BS24: 43.243243 | BT24: 40.063063 | BU24: 131.86486 | BV24: 43.954955 | BW24: 24 | BX24: 56 | BY24: 24 | BZ24: 7 | CA24: 0 | CB24: 0 | CC24: 34 | CD24: 53 | CE24: 19 | CF24: 5 | CG24: 1 | CH24: 1 | CI24: 48 | CJ24: 40 | CK24: 17 | CL24: 6 | CM24: 1 | CN24: 0 | CO24: 0 | CP24: 0 | CQ24: 27 | CR24: 0 | CS24: 57.851852 | CT24: 46.962963 | CU24: 50.851852 | CV24: 57.555556 | CW24: 155.66667 | CX24: 51.888889 | CY24: 53.305556 | CZ24: 2 | DA24: 13 | DB24: 9 | DC24: 3 | DD24: 0 | DE24: 0 | DF24: 9 | DG24: 10 | DH24: 7 | DI24: 1 | DJ24: 0 | DK24: 0 | DL24: 9 | DM24: 7 | DN24: 5 | DO24: 6 | DP24: 0 | DQ24: 1 | DR24: 3 | DS24: 11 | DT24: 11 | DU24: 2 | DV24: 1 | DW24: 0 | DX24: 0 | DY24: 0 | DZ24: 138 | EA24: 0 | EB24: 50.376812 | EC24: 43.971014 | ED24: 42.173913 | EE24: 57.555556 | EF24: 136.52174 | EG24: 45.507246 | EH24: 45.78442 | EI24: 26 | EJ24: 69 | EK24: 33 | EL24: 10 | EM24: 0 | EN24: 0 | EO24: 43 | EP24: 63 | EQ24: 26 | ER24: 6 | ES24: 1 | ET24: 1 | EU24: 57 | EV24: 47 | EW24: 22 | EX24: 12 | EY24: 1 | EZ24: 1 | FA24: 3 | FB24: 11 | FC24: 11 | FD24: 2 | FE24: 1 | FF24: 0 | FG24: 0 | FH24: 0 | FI24: 131 | FJ24: 53 | FK24: 125 | FL24: 13 | FM24: 9 | FN24: 11 | FO24: 34 | FP24: 19 | FQ24: 34 | FR24: Binəqədi | FS24: 313 | FT24: 134 | FU24: 313
BK25: 341691360 | BL25: 248 nömrəli tam orta məktəb | BM25: 248 | BN25: tam orta məktəb | BO25: Azərbaycan, rus | BP25: 71 | BQ25: 0 | BR25: 46.098592 | BS25: 39.887324 | BT25: 38.929577 | BU25: 124.91549 | BV25: 41.638498 | BW25: 18 | BX25: 34 | BY25: 18 | BZ25: 1 | CA25: 1 | CB25: 0 | CC25: 34 | CD25: 21 | CE25: 12 | CF25: 4 | CG25: 1 | CH25: 0 | CI25: 36 | CJ25: 18 | CK25: 12 | CL25: 5 | CM25: 1 | CN25: 0 | CO25: 0 | CP25: 0 | CQ25: 37 | CR25: 0 | CS25: 56.432432 | CT25: 39.459459 | CU25: 48.297297 | CV25: 54.054054 | CW25: 144.18919 | CX25: 48.063063 | CY25: 49.560811 | CZ25: 3 | DA25: 18 | DB25: 12 | DC25: 4 | DD25: 0 | DE25: 0 | DF25: 17 | DG25: 15 | DH25: 3 | DI25: 2 | DJ25: 0 | DK25: 0 | DL25: 14 | DM25: 11 | DN25: 6 | DO25: 6 | DP25: 0 | DQ25: 0 | DR25: 5 | DS25: 20 | DT25: 9 | DU25: 3 | DV25: 0 | DW25: 0 | DX25: 0 | DY25: 0 | DZ25: 108 | EA25: 0 | EB25: 49.638889 | EC25: 39.740741 | ED25: 42.138889 | EE25: 54.054054 | EF25: 131.51852 | EG25: 43.839506 | EH25: 44.352623 | EI25: 21 | EJ25: 52 | EK25: 30 | EL25: 5 | EM25: 1 | EN25: 0 | EO25: 51 | EP25: 36 | EQ25: 15 | ER25: 6 | ES25: 1 | ET25: 0 | EU25: 50 | EV25: 29 | EW25: 18 | EX25: 11 | EY25: 1 | EZ25: 0 | FA25: 5 | FB25: 20 | FC25: 9 | FD25: 3 | FE25: 0 | FF25: 0 | FG25: 0 | FH25: 0 | FI25: 164 | FJ25: 87 | FK25: 144 | FL25: 17 | FM25: 16 | FN25: 16 | FO25: 34 | FP25: 19 | FQ25: 34 | FR25: Binəqədi | FS25: 313 | FT25: 134 | FU25: 313
BK26: 227519884 | BL26: 267 nömrəli məktəb-lisey | BM26: 267 | BN26: məktəb-lisey | BO26: Azərbaycan, rus | BP26: 60 | BQ26: 0 | BR26: 49.716667 | BS26: 39.8 | BT26: 38.15 | BU26: 127.66667 | BV26: 42.555556 | BW26: 11 | BX26: 36 | BY26: 10 | BZ26: 3 | CA26: 0 | CB26: 0 | CC26: 26 | CD26: 23 | CE26: 8 | CF26: 3 | CG26: 1 | CH26: 0 | CI26: 25 | CJ26: 29 | CK26: 3 | CL26: 3 | CM26: 0 | CN26: 0 | CO26: 0 | CP26: 0 | CQ26: 83 | CR26: 0 | CS26: 60.409639 | CT26: 51.13253 | CU26: 58.650602 | CV26: 56.927711 | CW26: 170.19277 | CX26: 56.730924 | CY26: 56.78012 | CZ26: 4 | DA26: 38 | DB26: 35 | DC26: 6 | DD26: 0 | DE26: 0 | DF26: 21 | DG26: 34 | DH26: 18 | DI26: 10 | DJ26: 0 | DK26: 0 | DL26: 14 | DM26: 30 | DN26: 20 | DO26: 19 | DP26: 0 | DQ26: 4 | DR26: 6 | DS26: 41 | DT26: 32 | DU26: 4 | DV26: 0 | DW26: 0 | DX26: 0 | DY26: 0 | DZ26: 143 | EA26: 0 | EB26: 55.923077 | EC26: 46.377622 | ED26: 50.048951 | EE26: 56.927711 | EF26: 152.34965 | EG26: 50.783217 | EH26: 50.811772 | EI26: 15 | EJ26: 74 | EK26: 45 | EL26: 9 | EM26: 0 | EN26: 0 | EO26: 47 | EP26: 57 | EQ26: 26 | ER26: 13 | ES26: 1 | ET26: 0 | EU26: 39 | EV26: 59 | EW26: 23 | EX26: 22 | EY26: 0 | EZ26: 4 | FA26: 6 | FB26: 41 | FC26: 32 | FD26: 4 | FE26: 0 | FF26: 0 | FG26: 0 | FH26: 0 | FI26: 152 | FJ26: 22 | FK26: 60 | FL26: 15 | FM26: 2 | FN26: 4 | FO26: 34 | FP26: 19 | FQ26: 34 | FR26: Binəqədi | FS26: 313 | FT26: 134 | FU26: 313
BK27: 793385579 | BL27: 276 nömrəli tam orta məktəb | BM27: 276 | BN27: tam orta məktəb | BO27: Azərbaycan, rus | BP27: 85 | BQ27: 0 | BR27: 47.776471 | BS27: 44.047059 | BT27: 40.941176 | BU27: 132.76471 | BV27: 44.254902 | BW27: 24 | BX27: 34 | BY27: 22 | BZ27: 5 | CA27: 0 | CB27: 0 | CC27: 39 | CD27: 20 | CE27: 14 | CF27: 12 | CG27: 1 | CH27: 3 | CI27: 39 | CJ27: 25 | CK27: 9 | CL27: 12 | CM27: 0 | CN27: 1 | CO27: 0 | CP27: 0 | CQ27: 44 | CR27: 0 | CS27: 58.545455 | CT27: 43.272727 | CU27: 47.590909 | CV27: 52.863636 | CW27: 149.40909 | CX27: 49.80303 | CY27: 50.568182 | CZ27: 4 | DA27: 19 | DB27: 18 | DC27: 3 | DD27: 0 | DE27: 0 | DF27: 16 | DG27: 19 | DH27: 7 | DI27: 2 | DJ27: 0 | DK27: 0 | DL27: 17 | DM27: 14 | DN27: 4 | DO27: 9 | DP27: 1 | DQ27: 1 | DR27: 8 | DS27: 20 | DT27: 15 | DU27: 1 | DV27: 0 | DW27: 0 | DX27: 0 | DY27: 0 | DZ27: 129 | EA27: 0 | EB27: 51.449612 | EC27: 43.782946 | ED27: 43.209302 | EE27: 52.863636 | EF27: 138.44186 | EG27: 46.147287 | EH27: 46.408269 | EI27: 28 | EJ27: 53 | EK27: 40 | EL27: 8 | EM27: 0 | EN27: 0 | EO27: 55 | EP27: 39 | EQ27: 21 | ER27: 14 | ES27: 1 | ET27: 3 | EU27: 56 | EV27: 39 | EW27: 13 | EX27: 21 | EY27: 1 | EZ27: 2 | FA27: 8 | FB27: 20 | FC27: 15 | FD27: 1 | FE27: 0 | FF27: 0 | FG27: 0 | FH27: 0 | FI27: 127 | FJ27: 69 | FK27: 119 | FL27: 11 | FM27: 12 | FN27: 8 | FO27: 34 | FP27: 19 | FQ27: 34 | FR27: Binəqədi | FS27: 313 | FT27: 134 | FU27: 313
BK28: 199201762 | BL28: 283 nömrəli tam orta məktəb | BM28: 283 | BN28: tam orta məktəb | BO28: Azərbaycan, rus | BP28: 103 | BQ28: 1 | BR28: 48.127451 | BS28: 41.058824 | BT28: 39.147059 | BU28: 128.33333 | BV28: 42.777778 | BW28: 26 | BX28: 51 | BY28: 20 | BZ28: 5 | CA28: 1 | CB28: 0 | CC28: 40 | CD28: 39 | CE28: 14 | CF28: 9 | CG28: 3 | CH28: 1 | CI28: 45 | CJ28: 39 | CK28: 12 | CL28: 6 | CM28: 1 | CN28: 0 | CO28: 0 | CP28: 0 | CQ28: 12 | CR28: 0 | CS28: 59.666667 | CT28: 51 | CU28: 59.416667 | CV28: 67.5 | CW28: 170.08333 | CX28: 56.694444 | CY28: 59.395833 | CZ28: 1 | DA28: 4 | DB28: 7 | DC28: 0 | DD28: 0 | DE28: 0 | DF28: 2 | DG28: 6 | DH28: 3 | DI28: 1 | DJ28: 0 | DK28: 0 | DL28: 2 | DM28: 3 | DN28: 4 | DO28: 3 | DP28: 0 | DQ28: 0 | DR28: 2 | DS28: 0 | DT28: 7 | DU28: 3 | DV28: 0 | DW28: 0 | DX28: 0 | DY28: 0 | DZ28: 115 | EA28: 1 | EB28: 49.342105 | EC28: 42.105263 | ED28: 41.280702 | EE28: 67.5 | EF28: 132.72807 | EG28: 44.24269 | EH28: 44.527047 | EI28: 27 | EJ28: 55 | EK28: 27 | EL28: 5 | EM28: 1 | EN28: 0 | EO28: 42 | EP28: 45 | EQ28: 17 | ER28: 10 | ES28: 3 | ET28: 1 | EU28: 47 | EV28: 42 | EW28: 16 | EX28: 9 | EY28: 1 | EZ28: 0 | FA28: 2 | FB28: 0 | FC28: 7 | FD28: 3 | FE28: 0 | FF28: 0 | FG28: 0 | FH28: 0 | FI28: 146 | FJ28: 23 | FK28: 142 | FL28: 14 | FM28: 3 | FN28: 15 | FO28: 34 | FP28: 19 | FQ28: 34 | FR28: Binəqədi | FS28: 313 | FT28: 134 | FU28: 313
BK29: 692159867 | BL29: 284 nömrəli tam orta məktəb | BM29: 284 | BN29: tam orta məktəb | BO29: Azərbaycan, rus | BP29: 228 | BQ29: 0 | BR29: 43.377193 | BS29: 33.807018 | BT29: 31.399123 | BU29: 108.58333 | BV29: 36.194444 | BW29: 68 | BX29: 114 | BY29: 43 | BZ29: 3 | CA29: 3 | CB29: 0 | CC29: 121 | CD29: 82 | CE29: 19 | CF29: 6 | CG29: 4 | CH29: 0 | CI29: 146 | CJ29: 62 | CK29: 13 | CL29: 7 | CM29: 4 | CN29: 0 | CO29: 3 | CP29: 0 | CQ29: 34 | CR29: 0 | CS29: 43.441176 | CT29: 38.941176 | CU29: 36.382353 | CV29: 54.235294 | CW29: 118.76471 | CX29: 39.588235 | CY29: 43.25 | CZ29: 14 | DA29: 10 | DB29: 5 | DC29: 5 | DD29: 0 | DE29: 0 | DF29: 15 | DG29: 10 | DH29: 7 | DI29: 2 | DJ29: 0 | DK29: 0 | DL29: 22 | DM29: 3 | DN29: 4 | DO29: 5 | DP29: 0 | DQ29: 0 | DR29: 7 | DS29: 15 | DT29: 7 | DU29: 5 | DV29: 0 | DW29: 0 | DX29: 0 | DY29: 0 | DZ29: 262 | EA29: 0 | EB29: 43.385496 | EC29: 34.473282 | ED29: 32.045802 | EE29: 54.235294 | EF29: 109.90458 | EG29: 36.63486 | EH29: 37.110051 | EI29: 82 | EJ29: 124 | EK29: 48 | EL29: 8 | EM29: 3 | EN29: 0 | EO29: 136 | EP29: 92 | EQ29: 26 | ER29: 8 | ES29: 4 | ET29: 0 | EU29: 168 | EV29: 65 | EW29: 17 | EX29: 12 | EY29: 4 | EZ29: 0 | FA29: 7 | FB29: 15 | FC29: 7 | FD29: 5 | FE29: 0 | FF29: 0 | FG29: 3 | FH29: 0 | FI29: 249 | FJ29: 121 | FK29: 248 | FL29: 28 | FM29: 19 | FN29: 29 | FO29: 34 | FP29: 19 | FQ29: 34 | FR29: Binəqədi | FS29: 313 | FT29: 134 | FU29: 313
BK30: 407697984 | BL30: 297 nömrəli tam orta məktəb | BM30: 297 | BN30: tam orta məktəb | BO30: Azərbaycan, rus | BP30: 154 | BQ30: 0 | BR30: 45.402597 | BS30: 37.636364 | BT30: 32.512987 | BU30: 115.55195 | BV30: 38.517316 | BW30: 46 | BX30: 75 | BY30: 29 | BZ30: 4 | CA30: 0 | CB30: 0 | CC30: 64 | CD30: 70 | CE30: 15 | CF30: 5 | CG30: 0 | CH30: 0 | CI30: 92 | CJ30: 50 | CK30: 8 | CL30: 4 | CM30: 0 | CN30: 1 | CO30: 0 | CP30: 0 | CQ30: 18 | CR30: 0 | CS30: 56.5 | CT30: 40.222222 | CU30: 49.111111 | CV30: 56.888889 | CW30: 145.83333 | CX30: 48.611111 | CY30: 50.680556 | CZ30: 2 | DA30: 9 | DB30: 5 | DC30: 2 | DD30: 0 | DE30: 0 | DF30: 7 | DG30: 9 | DH30: 2 | DI30: 0 | DJ30: 0 | DK30: 0 | DL30: 6 | DM30: 6 | DN30: 5 | DO30: 1 | DP30: 0 | DQ30: 0 | DR30: 2 | DS30: 7 | DT30: 8 | DU30: 1 | DV30: 0 | DW30: 0 | DX30: 0 | DY30: 0 | DZ30: 172 | EA30: 0 | EB30: 46.563953 | EC30: 37.906977 | ED30: 34.25 | EE30: 56.888889 | EF30: 118.72093 | EG30: 39.573643 | EH30: 39.790213 | EI30: 48 | EJ30: 84 | EK30: 34 | EL30: 6 | EM30: 0 | EN30: 0 | EO30: 71 | EP30: 79 | EQ30: 17 | ER30: 5 | ES30: 0 | ET30: 0 | EU30: 98 | EV30: 56 | EW30: 13 | EX30: 5 | EY30: 0 | EZ30: 1 | FA30: 2 | FB30: 7 | FC30: 8 | FD30: 1 | FE30: 0 | FF30: 0 | FG30: 0 | FH30: 0 | FI30: 215 | FJ30: 82 | FK30: 207 | FL30: 21 | FM30: 15 | FN30: 22 | FO30: 34 | FP30: 19 | FQ30: 34 | FR30: Binəqədi | FS30: 313 | FT30: 134 | FU30: 313
BK31: 558335700 | BL31: 298 nömrəli tam orta məktəb | BM31: 298 | BN31: tam orta məktəb | BO31: Azərbaycan | BP31: 63 | BQ31: 0 | BR31: 45.063492 | BS31: 37.079365 | BT31: 29.84127 | BU31: 111.98413 | BV31: 37.328042 | BW31: 19 | BX31: 27 | BY31: 17 | BZ31: 0 | CA31: 2 | CB31: 0 | CC31: 24 | CD31: 32 | CE31: 5 | CF31: 2 | CG31: 4 | CH31: 0 | CI31: 35 | CJ31: 24 | CK31: 3 | CL31: 1 | CM31: 1 | CN31: 0 | CO31: 1 | CP31: 0 | CQ31: 0 | CR31: 0 | CZ31: 0 | DA31: 0 | DB31: 0 | DC31: 0 | DD31: 0 | DE31: 0 | DF31: 0 | DG31: 0 | DH31: 0 | DI31: 0 | DJ31: 0 | DK31: 0 | DL31: 0 | DM31: 0 | DN31: 0 | DO31: 0 | DP31: 0 | DQ31: 0 | DR31: 0 | DS31: 0 | DT31: 0 | DU31: 0 | DV31: 0 | DW31: 0 | DX31: 0 | DY31: 0 | DZ31: 63 | EA31: 0 | EB31: 45.063492 | EC31: 37.079365 | ED31: 29.84127 | EF31: 111.98413 | EG31: 37.328042 | EH31: 37.328042 | EI31: 19 | EJ31: 27 | EK31: 17 | EL31: 0 | EM31: 2 | EN31: 0 | EO31: 24 | EP31: 32 | EQ31: 5 | ER31: 2 | ES31: 4 | ET31: 0 | EU31: 35 | EV31: 24 | EW31: 3 | EX31: 1 | EY31: 1 | EZ31: 0 | FA31: 0 | FB31: 0 | FC31: 0 | FD31: 0 | FE31: 0 | FF31: 0 | FG31: 1 | FH31: 0 | FI31: 230 | FK31: 237 | FL31: 25 | FN31: 28 | FO31: 34 | FP31: 19 | FQ31: 34 | FR31: Binəqədi | FS31: 313 | FT31: 134 | FU31: 313
BK32: 316299466 | BL32: 299 nömrəli məktəb-lisey | BM32: 299 | BN32: məktəb-lisey | BO32: Azərbaycan, rus | BP32: 149 | BQ32: 0 | BR32: 54.395973 | BS32: 48.966443 | BT32: 47.402685 | BU32: 150.7651 | BV32: 50.255034 | BW32: 21 | BX32: 69 | BY32: 46 | BZ32: 13 | CA32: 0 | CB32: 1 | CC32: 36 | CD32: 68 | CE32: 28 | CF32: 17 | CG32: 2 | CH32: 1 | CI32: 49 | CJ32: 54 | CK32: 25 | CL32: 21 | CM32: 0 | CN32: 1 | CO32: 0 | CP32: 0 | CQ32: 27 | CR32: 0 | CS32: 62.074074 | CT32: 46.666667 | CU32: 53.444444 | CV32: 62.259259 | CW32: 162.18519 | CX32: 54.061728 | CY32: 56.111111 | CZ32: 2 | DA32: 12 | DB32: 8 | DC32: 5 | DD32: 0 | DE32: 0 | DF32: 6 | DG32: 13 | DH32: 4 | DI32: 4 | DJ32: 0 | DK32: 0 | DL32: 10 | DM32: 6 | DN32: 4 | DO32: 7 | DP32: 0 | DQ32: 1 | DR32: 1 | DS32: 12 | DT32: 11 | DU32: 3 | DV32: 0 | DW32: 0 | DX32: 0 | DY32: 0 | DZ32: 176 | EA32: 0 | EB32: 55.573864 | EC32: 48.613636 | ED32: 48.329545 | EE32: 62.259259 | EF32: 152.51705 | EG32: 50.839015 | EH32: 51.153409 | EI32: 23 | EJ32: 81 | EK32: 54 | EL32: 18 | EM32: 0 | EN32: 1 | EO32: 42 | EP32: 81 | EQ32: 32 | ER32: 21 | ES32: 2 | ET32: 1 | EU32: 59 | EV32: 60 | EW32: 29 | EX32: 28 | EY32: 0 | EZ32: 2 | FA32: 1 | FB32: 12 | FC32: 11 | FD32: 3 | FE32: 0 | FF32: 0 | FG32: 0 | FH32: 0 | FI32: 54 | FJ32: 35 | FK32: 59 | FL32: 1 | FM32: 5 | FN32: 3 | FO32: 34 | FP32: 19 | FQ32: 34 | FR32: Binəqədi | FS32: 313 | FT32: 134 | FU32: 313
BK33: 896967625 | BL33: 300 nömrəli tam orta məktəb | BM33: 300 | BN33: tam orta məktəb | BO33: Azərbaycan, rus | BP33: 137 | BQ33: 0 | BR33: 52.211679 | BS33: 44.20438 | BT33: 38.10219 | BU33: 134.51825 | BV33: 44.839416 | BW33: 28 | BX33: 59 | BY33: 43 | BZ33: 7 | CA33: 0 | CB33: 0 | CC33: 42 | CD33: 61 | CE33: 23 | CF33: 11 | CG33: 0 | CH33: 1 | CI33: 62 | CJ33: 51 | CK33: 17 | CL33: 7 | CM33: 0 | CN33: 0 | CO33: 0 | CP33: 0 | CQ33: 29 | CR33: 0 | CS33: 59.827586 | CT33: 43.310345 | CU33: 53.034483 | CV33: 51.344828 | CW33: 156.17241 | CX33: 52.057471 | CY33: 51.87931 | CZ33: 3 | DA33: 11 | DB33: 10 | DC33: 5 | DD33: 0 | DE33: 0 | DF33: 8 | DG33: 17 | DH33: 3 | DI33: 1 | DJ33: 0 | DK33: 0 | DL33: 8 | DM33: 9 | DN33: 5 | DO33: 7 | DP33: 0 | DQ33: 0 | DR33: 7 | DS33: 13 | DT33: 6 | DU33: 3 | DV33: 0 | DW33: 0 | DX33: 0 | DY33: 0 | DZ33: 166 | EA33: 0 | EB33: 53.542169 | EC33: 44.048193 | ED33: 40.710843 | EE33: 51.344828 | EF33: 138.3012 | EG33: 46.100402 | EH33: 46.069277 | EI33: 31 | EJ33: 70 | EK33: 53 | EL33: 12 | EM33: 0 | EN33: 0 | EO33: 50 | EP33: 78 | EQ33: 26 | ER33: 12 | ES33: 0 | ET33: 1 | EU33: 70 | EV33: 60 | EW33: 22 | EX33: 14 | EY33: 0 | EZ33: 0 | FA33: 7 | FB33: 13 | FC33: 6 | FD33: 3 | FE33: 0 | FF33: 0 | FG33: 0 | FH33: 0 | FI33: 116 | FJ33: 50 | FK33: 120 | FL33: 8 | FM33: 8 | FN33: 9 | FO33: 34 | FP33: 19 | FQ33: 34 | FR33: Binəqədi | FS33: 313 | FT33: 134 | FU33: 313
BK34: 647738207 | BL34: 301 nömrəli tam orta məktəb | BM34: 301 | BN34: tam orta məktəb | BO34: Azərbaycan | BP34: 84 | BQ34: 0 | BR34: 40.083333 | BS34: 34.190476 | BT34: 31.952381 | BU34: 106.22619 | BV34: 35.40873 | BW34: 31 | BX34: 35 | BY34: 17 | BZ34: 1 | CA34: 3 | CB34: 0 | CC34: 47 | CD34: 24 | CE34: 10 | CF34: 3 | CG34: 1 | CH34: 1 | CI34: 53 | CJ34: 22 | CK34: 6 | CL34: 3 | CM34: 2 | CN34: 0 | CO34: 1 | CP34: 0 | CQ34: 0 | CR34: 0 | CZ34: 0 | DA34: 0 | DB34: 0 | DC34: 0 | DD34: 0 | DE34: 0 | DF34: 0 | DG34: 0 | DH34: 0 | DI34: 0 | DJ34: 0 | DK34: 0 | DL34: 0 | DM34: 0 | DN34: 0 | DO34: 0 | DP34: 0 | DQ34: 0 | DR34: 0 | DS34: 0 | DT34: 0 | DU34: 0 | DV34: 0 | DW34: 0 | DX34: 0 | DY34: 0 | DZ34: 84 | EA34: 0 | EB34: 40.083333 | EC34: 34.190476 | ED34: 31.952381 | EF34: 106.22619 | EG34: 35.40873 | EH34: 35.40873 | EI34: 31 | EJ34: 35 | EK34: 17 | EL34: 1 | EM34: 3 | EN34: 0 | EO34: 47 | EP34: 24 | EQ34: 10 | ER34: 3 | ES34: 1 | ET34: 1 | EU34: 53 | EV34: 22 | EW34: 6 | EX34: 3 | EY34: 2 | EZ34: 0 | FA34: 0 | FB34: 0 | FC34: 0 | FD34: 0 | FE34: 0 | FF34: 0 | FG34: 1 | FH34: 0 | FI34: 256 | FK34: 262 | FL34: 32 | FN34: 32 | FO34: 34 | FP34: 19 | FQ34: 34 | FR34: Binəqədi | FS34: 313 | FT34: 134 | FU34: 313
BK35: 415956063 | BL35: 306 nömrəli tam orta məktəb | BM35: 306 | BN35: tam orta məktəb | BO35: Azərbaycan | BP35: 88 | BQ35: 0 | BR35: 41.238636 | BS35: 36.090909 | BT35: 29.068182 | BU35: 106.39773 | BV35: 35.465909 | BW35: 29 | BX35: 47 | BY35: 11 | BZ35: 1 | CA35: 0 | CB35: 0 | CC35: 37 | CD35: 42 | CE35: 6 | CF35: 3 | CG35: 0 | CH35: 1 | CI35: 56 | CJ35: 28 | CK35: 3 | CL35: 1 | CM35: 0 | CN35: 0 | CO35: 0 | CP35: 0 | CQ35: 0 | CR35: 0 | CZ35: 0 | DA35: 0 | DB35: 0 | DC35: 0 | DD35: 0 | DE35: 0 | DF35: 0 | DG35: 0 | DH35: 0 | DI35: 0 | DJ35: 0 | DK35: 0 | DL35: 0 | DM35: 0 | DN35: 0 | DO35: 0 | DP35: 0 | DQ35: 0 | DR35: 0 | DS35: 0 | DT35: 0 | DU35: 0 | DV35: 0 | DW35: 0 | DX35: 0 | DY35: 0 | DZ35: 88 | EA35: 0 | EB35: 41.238636 | EC35: 36.090909 | ED35: 29.068182 | EF35: 106.39773 | EG35: 35.465909 | EH35: 35.465909 | EI35: 29 | EJ35: 47 | EK35: 11 | EL35: 1 | EM35: 0 | EN35: 0 | EO35: 37 | EP35: 42 | EQ35: 6 | ER35: 3 | ES35: 0 | ET35: 1 | EU35: 56 | EV35: 28 | EW35: 3 | EX35: 1 | EY35: 0 | EZ35: 0 | FA35: 0 | FB35: 0 | FC35: 0 | FD35: 0 | FE35: 0 | FF35: 0 | FG35: 0 | FH35: 0 | FI35: 255 | FK35: 261 | FL35: 31 | FN35: 31 | FO35: 34 | FP35: 19 | FQ35: 34 | FR35: Binəqədi | FS35: 313 | FT35: 134 | FU35: 313
BK36: 485798325 | BL36: 313 nömrəli tam orta məktəb | BM36: 313 | BN36: tam orta məktəb | BO36: Azərbaycan | BP36: 151 | BQ36: 0 | BR36: 53.880795 | BS36: 47.549669 | BT36: 38.092715 | BU36: 139.52318 | BV36: 46.507726 | BW36: 22 | BX36: 77 | BY36: 39 | BZ36: 13 | CA36: 0 | CB36: 0 | CC36: 43 | CD36: 67 | CE36: 26 | CF36: 15 | CG36: 0 | CH36: 1 | CI36: 70 | CJ36: 56 | CK36: 17 | CL36: 8 | CM36: 0 | CN36: 0 | CO36: 0 | CP36: 0 | CQ36: 0 | CR36: 0 | CZ36: 0 | DA36: 0 | DB36: 0 | DC36: 0 | DD36: 0 | DE36: 0 | DF36: 0 | DG36: 0 | DH36: 0 | DI36: 0 | DJ36: 0 | DK36: 0 | DL36: 0 | DM36: 0 | DN36: 0 | DO36: 0 | DP36: 0 | DQ36: 0 | DR36: 0 | DS36: 0 | DT36: 0 | DU36: 0 | DV36: 0 | DW36: 0 | DX36: 0 | DY36: 0 | DZ36: 151 | EA36: 0 | EB36: 53.880795 | EC36: 47.549669 | ED36: 38.092715 | EF36: 139.52318 | EG36: 46.507726 | EH36: 46.507726 | EI36: 22 | EJ36: 77 | EK36: 39 | EL36: 13 | EM36: 0 | EN36: 0 | EO36: 43 | EP36: 67 | EQ36: 26 | ER36: 15 | ES36: 0 | ET36: 1 | EU36: 70 | EV36: 56 | EW36: 17 | EX36: 8 | EY36: 0 | EZ36: 0 | FA36: 0 | FB36: 0 | FC36: 0 | FD36: 0 | FE36: 0 | FF36: 0 | FG36: 0 | FH36: 0 | FI36: 101 | FK36: 110 | FL36: 5 | FN36: 7 | FO36: 34 | FP36: 19 | FQ36: 34 | FR36: Binəqədi | FS36: 313 | FT36: 134 | FU36: 313
BK37: 532167695 | BL37: 314 nömrəli tam orta məktəb | BM37: 314 | BN37: tam orta məktəb | BO37: Azərbaycan | BP37: 147 | BQ37: 3 | BR37: 49.944444 | BS37: 45.583333 | BT37: 37.902778 | BU37: 133.43056 | BV37: 44.476852 | BW37: 38 | BX37: 57 | BY37: 42 | BZ37: 7 | CA37: 0 | CB37: 0 | CC37: 44 | CD37: 62 | CE37: 25 | CF37: 13 | CG37: 1 | CH37: 1 | CI37: 69 | CJ37: 51 | CK37: 18 | CL37: 6 | CM37: 0 | CN37: 1 | CO37: 0 | CP37: 0 | CQ37: 0 | CR37: 0 | CZ37: 0 | DA37: 0 | DB37: 0 | DC37: 0 | DD37: 0 | DE37: 0 | DF37: 0 | DG37: 0 | DH37: 0 | DI37: 0 | DJ37: 0 | DK37: 0 | DL37: 0 | DM37: 0 | DN37: 0 | DO37: 0 | DP37: 0 | DQ37: 0 | DR37: 0 | DS37: 0 | DT37: 0 | DU37: 0 | DV37: 0 | DW37: 0 | DX37: 0 | DY37: 0 | DZ37: 147 | EA37: 3 | EB37: 49.944444 | EC37: 45.583333 | ED37: 37.902778 | EF37: 133.43056 | EG37: 44.476852 | EH37: 44.476852 | EI37: 38 | EJ37: 57 | EK37: 42 | EL37: 7 | EM37: 0 | EN37: 0 | EO37: 44 | EP37: 62 | EQ37: 25 | ER37: 13 | ES37: 1 | ET37: 1 | EU37: 69 | EV37: 51 | EW37: 18 | EX37: 6 | EY37: 0 | EZ37: 1 | FA37: 0 | FB37: 0 | FC37: 0 | FD37: 0 | FE37: 0 | FF37: 0 | FG37: 0 | FH37: 0 | FI37: 122 | FK37: 139 | FL37: 9 | FN37: 14 | FO37: 34 | FP37: 19 | FQ37: 34 | FR37: Binəqədi | FS37: 313 | FT37: 134 | FU37: 313
BK38: 618081585 | BL38: 11 nömrəli xüsusi təhsil məktəbi-əqli məhdudiyyətli uşaqlar üçün | BM38: 11 | BN38: XTM | BO38: Azərbaycan | BP38: 0 | BQ38: 0 | BW38: 0 | BX38: 0 | BY38: 0 | BZ38: 0 | CA38: 0 | CB38: 0 | CC38: 0 | CD38: 0 | CE38: 0 | CF38: 0 | CG38: 0 | CH38: 0 | CI38: 0 | CJ38: 0 | CK38: 0 | CL38: 0 | CM38: 0 | CN38: 0 | CO38: 0 | CP38: 0 | CQ38: 0 | CR38: 0 | CZ38: 0 | DA38: 0 | DB38: 0 | DC38: 0 | DD38: 0 | DE38: 0 | DF38: 0 | DG38: 0 | DH38: 0 | DI38: 0 | DJ38: 0 | DK38: 0 | DL38: 0 | DM38: 0 | DN38: 0 | DO38: 0 | DP38: 0 | DQ38: 0 | DR38: 0 | DS38: 0 | DT38: 0 | DU38: 0 | DV38: 0 | DW38: 0 | DX38: 0 | DY38: 0 | DZ38: 0 | EA38: 0 | EI38: 0 | EJ38: 0 | EK38: 0 | EL38: 0 | EM38: 0 | EN38: 0 | EO38: 0 | EP38: 0 | EQ38: 0 | ER38: 0 | ES38: 0 | ET38: 0 | EU38: 0 | EV38: 0 | EW38: 0 | EX38: 0 | EY38: 0 | EZ38: 0 | FA38: 0 | FB38: 0 | FC38: 0 | FD38: 0 | FE38: 0 | FF38: 0 | FG38: 0 | FH38: 0 | FO38: 21 | FP38: 10 | FQ38: 21 | FR38: Nərimanov | FS38: 313 | FT38: 134 | FU38: 313
BK39: 764548582 | BL39: 34 nömrəli tam orta məktəb | BM39: 34 | BN39: tam orta məktəb | BO39: Azərbaycan | BP39: 67 | BQ39: 0 | BR39: 57.38806 | BS39: 45.373134 | BT39: 44.343284 | BU39: 147.10448 | BV39: 49.034826 | BW39: 10 | BX39: 26 | BY39: 22 | BZ39: 9 | CA39: 0 | CB39: 0 | CC39: 26 | CD39: 20 | CE39: 13 | CF39: 8 | CG39: 1 | CH39: 0 | CI39: 28 | CJ39: 18 | CK39: 13 | CL39: 8 | CM39: 0 | CN39: 0 | CO39: 0 | CP39: 0 | CQ39: 0 | CR39: 0 | CZ39: 0 | DA39: 0 | DB39: 0 | DC39: 0 | DD39: 0 | DE39: 0 | DF39: 0 | DG39: 0 | DH39: 0 | DI39: 0 | DJ39: 0 | DK39: 0 | DL39: 0 | DM39: 0 | DN39: 0 | DO39: 0 | DP39: 0 | DQ39: 0 | DR39: 0 | DS39: 0 | DT39: 0 | DU39: 0 | DV39: 0 | DW39: 0 | DX39: 0 | DY39: 0 | DZ39: 67 | EA39: 0 | EB39: 57.38806 | EC39: 45.373134 | ED39: 44.343284 | EF39: 147.10448 | EG39: 49.034826 | EH39: 49.034826 | EI39: 10 | EJ39: 26 | EK39: 22 | EL39: 9 | EM39: 0 | EN39: 0 | EO39: 26 | EP39: 20 | EQ39: 13 | ER39: 8 | ES39: 1 | ET39: 0 | EU39: 28 | EV39: 18 | EW39: 13 | EX39: 8 | EY39: 0 | EZ39: 0 | FA39: 0 | FB39: 0 | FC39: 0 | FD39: 0 | FE39: 0 | FF39: 0 | FG39: 0 | FH39: 0 | FI39: 66 | FK39: 72 | FL39: 10 | FN39: 9 | FO39: 21 | FP39: 10 | FQ39: 21 | FR39: Nərimanov | FS39: 313 | FT39: 134 | FU39: 313
BK40: 310686851 | BL40: 36 nömrəli tam orta məktəb | BM40: 36 | BN40: tam orta məktəb | BO40: Azərbaycan | BP40: 84 | BQ40: 0 | BR40: 55.285714 | BS40: 41.238095 | BT40: 43.690476 | BU40: 140.21429 | BV40: 46.738095 | BW40: 13 | BX40: 33 | BY40: 26 | BZ40: 12 | CA40: 1 | CB40: 0 | CC40: 36 | CD40: 28 | CE40: 13 | CF40: 7 | CG40: 0 | CH40: 3 | CI40: 34 | CJ40: 28 | CK40: 16 | CL40: 6 | CM40: 0 | CN40: 0 | CO40: 0 | CP40: 0 | CQ40: 0 | CR40: 0 | CZ40: 0 | DA40: 0 | DB40: 0 | DC40: 0 | DD40: 0 | DE40: 0 | DF40: 0 | DG40: 0 | DH40: 0 | DI40: 0 | DJ40: 0 | DK40: 0 | DL40: 0 | DM40: 0 | DN40: 0 | DO40: 0 | DP40: 0 | DQ40: 0 | DR40: 0 | DS40: 0 | DT40: 0 | DU40: 0 | DV40: 0 | DW40: 0 | DX40: 0 | DY40: 0 | DZ40: 84 | EA40: 0 | EB40: 55.285714 | EC40: 41.238095 | ED40: 43.690476 | EF40: 140.21429 | EG40: 46.738095 | EH40: 46.738095 | EI40: 13 | EJ40: 33 | EK40: 26 | EL40: 12 | EM40: 1 | EN40: 0 | EO40: 36 | EP40: 28 | EQ40: 13 | ER40: 7 | ES40: 0 | ET40: 3 | EU40: 34 | EV40: 28 | EW40: 16 | EX40: 6 | EY40: 0 | EZ40: 0 | FA40: 0 | FB40: 0 | FC40: 0 | FD40: 0 | FE40: 0 | FF40: 0 | FG40: 0 | FH40: 0 | FI40: 98 | FK40: 108 | FL40: 12 | FN40: 13 | FO40: 21 | FP40: 10 | FQ40: 21 | FR40: Nərimanov | FS40: 313 | FT40: 134 | FU40: 313
BK41: 213616556 | BL41: 37 nömrəli tam orta məktəb | BM41: 37 | BN41: tam orta məktəb | BO41: Azərbaycan | BP41: 39 | BQ41: 0 | BR41: 46.153846 | BS41: 36.205128 | BT41: 35.564103 | BU41: 117.92308 | BV41: 39.307692 | BW41: 10 | BX41: 20 | BY41: 9 | BZ41: 0 | CA41: 0 | CB41: 0 | CC41: 21 | CD41: 11 | CE41: 4 | CF41: 3 | CG41: 0 | CH41: 0 | CI41: 24 | CJ41: 9 | CK41: 4 | CL41: 2 | CM41: 0 | CN41: 0 | CO41: 0 | CP41: 0 | CQ41: 0 | CR41: 0 | CZ41: 0 | DA41: 0 | DB41: 0 | DC41: 0 | DD41: 0 | DE41: 0 | DF41: 0 | DG41: 0 | DH41: 0 | DI41: 0 | DJ41: 0 | DK41: 0 | DL41: 0 | DM41: 0 | DN41: 0 | DO41: 0 | DP41: 0 | DQ41: 0 | DR41: 0 | DS41: 0 | DT41: 0 | DU41: 0 | DV41: 0 | DW41: 0 | DX41: 0 | DY41: 0 | DZ41: 39 | EA41: 0 | EB41: 46.153846 | EC41: 36.205128 | ED41: 35.564103 | EF41: 117.92308 | EG41: 39.307692 | EH41: 39.307692 | EI41: 10 | EJ41: 20 | EK41: 9 | EL41: 0 | EM41: 0 | EN41: 0 | EO41: 21 | EP41: 11 | EQ41: 4 | ER41: 3 | ES41: 0 | ET41: 0 | EU41: 24 | EV41: 9 | EW41: 4 | EX41: 2 | EY41: 0 | EZ41: 0 | FA41: 0 | FB41: 0 | FC41: 0 | FD41: 0 | FE41: 0 | FF41: 0 | FG41: 0 | FH41: 0 | FI41: 203 | FK41: 210 | FL41: 17 | FN41: 17 | FO41: 21 | FP41: 10 | FQ41: 21 | FR41: Nərimanov | FS41: 313 | FT41: 134 | FU41: 313
BK42: 703873635 | BL42: 39 nömrəli tam orta məktəb | BM42: 39 | BN42: tam orta məktəb | BO42: Azərbaycan, rus | BP42: 60 | BQ42: 0 | BR42: 58.116667 | BS42: 46.066667 | BT42: 45.75 | BU42: 149.93333 | BV42: 49.977778 | BW42: 5 | BX42: 25 | BY42: 25 | BZ42: 5 | CA42: 0 | CB42: 0 | CC42: 21 | CD42: 22 | CE42: 9 | CF42: 8 | CG42: 0 | CH42: 1 | CI42: 20 | CJ42: 24 | CK42: 11 | CL42: 5 | CM42: 0 | CN42: 1 | CO42: 0 | CP42: 0 | CQ42: 32 | CR42: 0 | CS42: 61.15625 | CT42: 47.625 | CU42: 58.9375 | CV42: 54 | CW42: 167.71875 | CX42: 55.90625 | CY42: 55.429688 | CZ42: 3 | DA42: 14 | DB42: 11 | DC42: 4 | DD42: 0 | DE42: 0 | DF42: 11 | DG42: 10 | DH42: 7 | DI42: 4 | DJ42: 1 | DK42: 0 | DL42: 6 | DM42: 11 | DN42: 8 | DO42: 7 | DP42: 0 | DQ42: 1 | DR42: 6 | DS42: 12 | DT42: 12 | DU42: 2 | DV42: 0 | DW42: 0 | DX42: 0 | DY42: 0 | DZ42: 92 | EA42: 0 | EB42: 59.173913 | EC42: 46.608696 | ED42: 50.336957 | EE42: 54 | EF42: 156.11957 | EG42: 52.039855 | EH42: 51.874094 | EI42: 8 | EJ42: 39 | EK42: 36 | EL42: 9 | EM42: 0 | EN42: 0 | EO42: 32 | EP42: 32 | EQ42: 16 | ER42: 12 | ES42: 1 | ET42: 1 | EU42: 26 | EV42: 35 | EW42: 19 | EX42: 12 | EY42: 0 | EZ42: 2 | FA42: 6 | FB42: 12 | FC42: 12 | FD42: 2 | FE42: 0 | FF42: 0 | FG42: 0 | FH42: 0 | FI42: 57 | FJ42: 30 | FK42: 47 | FL42: 8 | FM42: 6 | FN42: 7 | FO42: 21 | FP42: 10 | FQ42: 21 | FR42: Nərimanov | FS42: 313 | FT42: 134 | FU42: 313
BK43: 864517341 | BL43: 45 nömrəli tam orta məktəb | BM43: 45 | BN43: tam orta məktəb | BO43: Azərbaycan | BP43: 123 | BQ43: 0 | BR43: 60.235772 | BS43: 47.674797 | BT43: 46.682927 | BU43: 154.5935 | BV43: 51.531165 | BW43: 12 | BX43: 47 | BY43: 44 | BZ43: 20 | CA43: 0 | CB43: 0 | CC43: 41 | CD43: 41 | CE43: 21 | CF43: 20 | CG43: 0 | CH43: 3 | CI43: 45 | CJ43: 42 | CK43: 20 | CL43: 16 | CM43: 0 | CN43: 3 | CO43: 0 | CP43: 0 | CQ43: 0 | CR43: 0 | CZ43: 0 | DA43: 0 | DB43: 0 | DC43: 0 | DD43: 0 | DE43: 0 | DF43: 0 | DG43: 0 | DH43: 0 | DI43: 0 | DJ43: 0 | DK43: 0 | DL43: 0 | DM43: 0 | DN43: 0 | DO43: 0 | DP43: 0 | DQ43: 0 | DR43: 0 | DS43: 0 | DT43: 0 | DU43: 0 | DV43: 0 | DW43: 0 | DX43: 0 | DY43: 0 | DZ43: 123 | EA43: 0 | EB43: 60.235772 | EC43: 47.674797 | ED43: 46.682927 | EF43: 154.5935 | EG43: 51.531165 | EH43: 51.531165 | EI43: 12 | EJ43: 47 | EK43: 44 | EL43: 20 | EM43: 0 | EN43: 0 | EO43: 41 | EP43: 41 | EQ43: 21 | ER43: 20 | ES43: 0 | ET43: 3 | EU43: 45 | EV43: 42 | EW43: 20 | EX43: 16 | EY43: 0 | EZ43: 3 | FA43: 0 | FB43: 0 | FC43: 0 | FD43: 0 | FE43: 0 | FF43: 0 | FG43: 0 | FH43: 0 | FI43: 44 | FK43: 51 | FL43: 7 | FN43: 8 | FO43: 21 | FP43: 10 | FQ43: 21 | FR43: Nərimanov | FS43: 313 | FT43: 134 | FU43: 313
BK44: 930476253 | BL44: 47 nömrəli tam orta məktəb | BM44: 47 | BN44: tam orta məktəb | BO44: Azərbaycan, rus | BP44: 69 | BQ44: 0 | BR44: 55.014493 | BS44: 49.449275 | BT44: 50.884058 | BU44: 155.34783 | BV44: 51.782609 | BW44: 10 | BX44: 31 | BY44: 22 | BZ44: 6 | CA44: 0 | CB44: 1 | CC44: 23 | CD44: 21 | CE44: 16 | CF44: 9 | CG44: 0 | CH44: 1 | CI44: 19 | CJ44: 24 | CK44: 19 | CL44: 7 | CM44: 0 | CN44: 1 | CO44: 0 | CP44: 1 | CQ44: 60 | CR44: 0 | CS44: 59.35 | CT44: 40.6 | CU44: 57.2 | CV44: 51.683333 | CW44: 157.15 | CX44: 52.383333 | CY44: 52.208333 | CZ44: 8 | DA44: 25 | DB44: 18 | DC44: 9 | DD44: 0 | DE44: 0 | DF44: 27 | DG44: 21 | DH44: 8 | DI44: 4 | DJ44: 1 | DK44: 0 | DL44: 15 | DM44: 16 | DN44: 13 | DO44: 16 | DP44: 0 | DQ44: 0 | DR44: 14 | DS44: 25 | DT44: 18 | DU44: 3 | DV44: 0 | DW44: 0 | DX44: 0 | DY44: 0 | DZ44: 129 | EA44: 0 | EB44: 57.031008 | EC44: 45.333333 | ED44: 53.821705 | EE44: 51.683333 | EF44: 156.18605 | EG44: 52.062016 | EH44: 51.98062 | EI44: 18 | EJ44: 56 | EK44: 40 | EL44: 15 | EM44: 0 | EN44: 1 | EO44: 50 | EP44: 42 | EQ44: 24 | ER44: 13 | ES44: 1 | ET44: 1 | EU44: 34 | EV44: 40 | EW44: 32 | EX44: 23 | EY44: 0 | EZ44: 1 | FA44: 14 | FB44: 25 | FC44: 18 | FD44: 3 | FE44: 0 | FF44: 0 | FG44: 0 | FH44: 1 | FI44: 41 | FJ44: 48 | FK44: 45 | FL44: 5 | FM44: 7 | FN44: 6 | FO44: 21 | FP44: 10 | FQ44: 21 | FR44: Nərimanov | FS44: 313 | FT44: 134 | FU44: 313
BK45: 877558334 | BL45: 57 nömrəli tam orta məktəb | BM45: 57 | BN45: tam orta məktəb | BO45: Azərbaycan | BP45: 61 | BQ45: 0 | BR45: 44.213115 | BS45: 37.639344 | BT45: 30.032787 | BU45: 111.88525 | BV45: 37.295082 | BW45: 21 | BX45: 26 | BY45: 10 | BZ45: 4 | CA45: 1 | CB45: 0 | CC45: 26 | CD45: 27 | CE45: 5 | CF45: 3 | CG45: 1 | CH45: 0 | CI45: 39 | CJ45: 17 | CK45: 3 | CL45: 2 | CM45: 1 | CN45: 0 | CO45: 1 | CP45: 0 | CQ45: 0 | CR45: 0 | CZ45: 0 | DA45: 0 | DB45: 0 | DC45: 0 | DD45: 0 | DE45: 0 | DF45: 0 | DG45: 0 | DH45: 0 | DI45: 0 | DJ45: 0 | DK45: 0 | DL45: 0 | DM45: 0 | DN45: 0 | DO45: 0 | DP45: 0 | DQ45: 0 | DR45: 0 | DS45: 0 | DT45: 0 | DU45: 0 | DV45: 0 | DW45: 0 | DX45: 0 | DY45: 0 | DZ45: 61 | EA45: 0 | EB45: 44.213115 | EC45: 37.639344 | ED45: 30.032787 | EF45: 111.88525 | EG45: 37.295082 | EH45: 37.295082 | EI45: 21 | EJ45: 26 | EK45: 10 | EL45: 4 | EM45: 1 | EN45: 0 | EO45: 26 | EP45: 27 | EQ45: 5 | ER45: 3 | ES45: 1 | ET45: 0 | EU45: 39 | EV45: 17 | EW45: 3 | EX45: 2 | EY45: 1 | EZ45: 0 | FA45: 0 | FB45: 0 | FC45: 0 | FD45: 0 | FE45: 0 | FF45: 0 | FG45: 1 | FH45: 0 | FI45: 232 | FK45: 239 | FL45: 19 | FN45: 19 | FO45: 21 | FP45: 10 | FQ45: 21 | FR45: Nərimanov | FS45: 313 | FT45: 134 | FU45: 313
BK46: 988534585 | BL46: 73 nömrəli tam orta məktəb | BM46: 73 | BN46: tam orta məktəb | BO46: Azərbaycan | BP46: 80 | BQ46: 0 | BR46: 46.825 | BS46: 38.9 | BT46: 31.55 | BU46: 117.275 | BV46: 39.091667 | BW46: 21 | BX46: 36 | BY46: 17 | BZ46: 6 | CA46: 1 | CB46: 0 | CC46: 37 | CD46: 29 | CE46: 8 | CF46: 6 | CG46: 1 | CH46: 2 | CI46: 51 | CJ46: 23 | CK46: 3 | CL46: 3 | CM46: 0 | CN46: 1 | CO46: 0 | CP46: 0 | CQ46: 0 | CR46: 0 | CZ46: 0 | DA46: 0 | DB46: 0 | DC46: 0 | DD46: 0 | DE46: 0 | DF46: 0 | DG46: 0 | DH46: 0 | DI46: 0 | DJ46: 0 | DK46: 0 | DL46: 0 | DM46: 0 | DN46: 0 | DO46: 0 | DP46: 0 | DQ46: 0 | DR46: 0 | DS46: 0 | DT46: 0 | DU46: 0 | DV46: 0 | DW46: 0 | DX46: 0 | DY46: 0 | DZ46: 80 | EA46: 0 | EB46: 46.825 | EC46: 38.9 | ED46: 31.55 | EF46: 117.275 | EG46: 39.091667 | EH46: 39.091667 | EI46: 21 | EJ46: 36 | EK46: 17 | EL46: 6 | EM46: 1 | EN46: 0 | EO46: 37 | EP46: 29 | EQ46: 8 | ER46: 6 | ES46: 1 | ET46: 2 | EU46: 51 | EV46: 23 | EW46: 3 | EX46: 3 | EY46: 0 | EZ46: 1 | FA46: 0 | FB46: 0 | FC46: 0 | FD46: 0 | FE46: 0 | FF46: 0 | FG46: 0 | FH46: 0 | FI46: 208 | FK46: 214 | FL46: 18 | FN46: 18 | FO46: 21 | FP46: 10 | FQ46: 21 | FR46: Nərimanov | FS46: 313 | FT46: 134 | FU46: 313
BK47: 775151409 | BL47: 82 nömrəli tam orta məktəb | BM47: 82 | BN47: tam orta məktəb | BO47: Azərbaycan, rus | BP47: 83 | BQ47: 1 | BR47: 60.890244 | BS47: 49.170732 | BT47: 46.817073 | BU47: 156.87805 | BV47: 52.292683 | BW47: 6 | BX47: 31 | BY47: 36 | BZ47: 9 | CA47: 0 | CB47: 0 | CC47: 19 | CD47: 40 | CE47: 9 | CF47: 14 | CG47: 0 | CH47: 0 | CI47: 29 | CJ47: 27 | CK47: 14 | CL47: 12 | CM47: 0 | CN47: 0 | CO47: 0 | CP47: 0 | CQ47: 37 | CR47: 0 | CS47: 64.972973 | CT47: 50.810811 | CU47: 61.027027 | CV47: 53.567568 | CW47: 176.81081 | CX47: 58.936937 | CY47: 57.594595 | CZ47: 1 | DA47: 13 | DB47: 16 | DC47: 7 | DD47: 0 | DE47: 0 | DF47: 9 | DG47: 18 | DH47: 4 | DI47: 6 | DJ47: 0 | DK47: 1 | DL47: 7 | DM47: 12 | DN47: 7 | DO47: 11 | DP47: 0 | DQ47: 3 | DR47: 6 | DS47: 20 | DT47: 8 | DU47: 3 | DV47: 0 | DW47: 0 | DX47: 0 | DY47: 0 | DZ47: 120 | EA47: 1 | EB47: 62.159664 | EC47: 49.680672 | ED47: 51.235294 | EE47: 53.567568 | EF47: 163.07563 | EG47: 54.358543 | EH47: 53.941176 | EI47: 7 | EJ47: 44 | EK47: 52 | EL47: 16 | EM47: 0 | EN47: 0 | EO47: 28 | EP47: 58 | EQ47: 13 | ER47: 20 | ES47: 0 | ET47: 1 | EU47: 36 | EV47: 39 | EW47: 21 | EX47: 23 | EY47: 0 | EZ47: 3 | FA47: 6 | FB47: 20 | FC47: 8 | FD47: 3 | FE47: 0 | FF47: 0 | FG47: 0 | FH47: 0 | FI47: 40 | FJ47: 14 | FK47: 34 | FL47: 4 | FM47: 2 | FN47: 4 | FO47: 21 | FP47: 10 | FQ47: 21 | FR47: Nərimanov | FS47: 313 | FT47: 134 | FU47: 313
BK48: 171358547 | BL48: 82 nömrəli xüsusi əyani-qiyabi tam orta məktəb | BM48: 82 | BN48: XƏQTOM | BO48: Azərbaycan, rus | BP48: 12 | BQ48: 0 | BR48: 7.8333333 | BS48: 24 | BT48: 12.416667 | BU48: 44.25 | BV48: 14.75 | BW48: 12 | BX48: 0 | BY48: 0 | BZ48: 0 | CA48: 2 | CB48: 0 | CC48: 8 | CD48: 4 | CE48: 0 | CF48: 0 | CG48: 0 | CH48: 0 | CI48: 11 | CJ48: 1 | CK48: 0 | CL48: 0 | CM48: 2 | CN48: 0 | CO48: 0 | CP48: 0 | CQ48: 0 | CR48: 0 | CZ48: 0 | DA48: 0 | DB48: 0 | DC48: 0 | DD48: 0 | DE48: 0 | DF48: 0 | DG48: 0 | DH48: 0 | DI48: 0 | DJ48: 0 | DK48: 0 | DL48: 0 | DM48: 0 | DN48: 0 | DO48: 0 | DP48: 0 | DQ48: 0 | DR48: 0 | DS48: 0 | DT48: 0 | DU48: 0 | DV48: 0 | DW48: 0 | DX48: 0 | DY48: 0 | DZ48: 12 | EA48: 0 | EB48: 7.8333333 | EC48: 24 | ED48: 12.416667 | EF48: 44.25 | EG48: 14.75 | EH48: 14.75 | EI48: 12 | EJ48: 0 | EK48: 0 | EL48: 0 | EM48: 2 | EN48: 0 | EO48: 8 | EP48: 4 | EQ48: 0 | ER48: 0 | ES48: 0 | ET48: 0 | EU48: 11 | EV48: 1 | EW48: 0 | EX48: 0 | EY48: 2 | EZ48: 0 | FA48: 0 | FB48: 0 | FC48: 0 | FD48: 0 | FE48: 0 | FF48: 0 | FG48: 0 | FH48: 0 | FI48: 312 | FK48: 313 | FL48: 20 | FN48: 20 | FO48: 21 | FP48: 10 | FQ48: 21 | FR48: Nərimanov | FS48: 313 | FT48: 134 | FU48: 313
BK49: 523974163 | BL49: 93 nömrəli tam orta məktəb | BM49: 93 | BN49: tam orta məktəb | BO49: Azərbaycan | BP49: 87 | BQ49: 1 | BR49: 51.139535 | BS49: 41.116279 | BT49: 35.802326 | BU49: 128.05814 | BV49: 42.686047 | BW49: 19 | BX49: 34 | BY49: 28 | BZ49: 5 | CA49: 0 | CB49: 0 | CC49: 39 | CD49: 26 | CE49: 15 | CF49: 6 | CG49: 0 | CH49: 1 | CI49: 50 | CJ49: 23 | CK49: 8 | CL49: 5 | CM49: 1 | CN49: 0 | CO49: 0 | CP49: 0 | CQ49: 0 | CR49: 0 | CZ49: 0 | DA49: 0 | DB49: 0 | DC49: 0 | DD49: 0 | DE49: 0 | DF49: 0 | DG49: 0 | DH49: 0 | DI49: 0 | DJ49: 0 | DK49: 0 | DL49: 0 | DM49: 0 | DN49: 0 | DO49: 0 | DP49: 0 | DQ49: 0 | DR49: 0 | DS49: 0 | DT49: 0 | DU49: 0 | DV49: 0 | DW49: 0 | DX49: 0 | DY49: 0 | DZ49: 87 | EA49: 1 | EB49: 51.139535 | EC49: 41.116279 | ED49: 35.802326 | EF49: 128.05814 | EG49: 42.686047 | EH49: 42.686047 | EI49: 19 | EJ49: 34 | EK49: 28 | EL49: 5 | EM49: 0 | EN49: 0 | EO49: 39 | EP49: 26 | EQ49: 15 | ER49: 6 | ES49: 0 | ET49: 1 | EU49: 50 | EV49: 23 | EW49: 8 | EX49: 5 | EY49: 1 | EZ49: 0 | FA49: 0 | FB49: 0 | FC49: 0 | FD49: 0 | FE49: 0 | FF49: 0 | FG49: 0 | FH49: 0 | FI49: 150 | FK49: 161 | FL49: 15 | FN49: 16 | FO49: 21 | FP49: 10 | FQ49: 21 | FR49: Nərimanov | FS49: 313 | FT49: 134 | FU49: 313
BK50: 872988699 | BL50: 177 nömrəli tam orta məktəb | BM50: 177 | BN50: tam orta məktəb | BO50: Azərbaycan, rus | BP50: 55 | BQ50: 0 | BR50: 50.309091 | BS50: 39.345455 | BT50: 41.490909 | BU50: 131.14545 | BV50: 43.715152 | BW50: 15 | BX50: 16 | BY50: 21 | BZ50: 3 | CA50: 0 | CB50: 0 | CC50: 29 | CD50: 13 | CE50: 7 | CF50: 6 | CG50: 1 | CH50: 0 | CI50: 26 | CJ50: 15 | CK50: 8 | CL50: 6 | CM50: 0 | CN50: 0 | CO50: 0 | CP50: 0 | CQ50: 50 | CR50: 0 | CS50: 56.66 | CT50: 44.48 | CU50: 54.9 | CV50: 53.36 | CW50: 156.04 | CX50: 52.013333 | CY50: 52.35 | CZ50: 10 | DA50: 16 | DB50: 16 | DC50: 8 | DD50: 0 | DE50: 0 | DF50: 19 | DG50: 16 | DH50: 8 | DI50: 7 | DJ50: 2 | DK50: 0 | DL50: 15 | DM50: 13 | DN50: 10 | DO50: 12 | DP50: 0 | DQ50: 1 | DR50: 12 | DS50: 18 | DT50: 16 | DU50: 4 | DV50: 0 | DW50: 0 | DX50: 0 | DY50: 0 | DZ50: 105 | EA50: 0 | EB50: 53.333333 | EC50: 41.790476 | ED50: 47.87619 | EE50: 53.36 | EF50: 143 | EG50: 47.666667 | EH50: 47.826984 | EI50: 25 | EJ50: 32 | EK50: 37 | EL50: 11 | EM50: 0 | EN50: 0 | EO50: 48 | EP50: 29 | EQ50: 15 | ER50: 13 | ES50: 3 | ET50: 0 | EU50: 41 | EV50: 28 | EW50: 18 | EX50: 18 | EY50: 0 | EZ50: 1 | FA50: 12 | FB50: 18 | FC50: 16 | FD50: 4 | FE50: 0 | FF50: 0 | FG50: 0 | FH50: 0 | FI50: 135 | FJ50: 51 | FK50: 96 | FL50: 13 | FM50: 8 | FN50: 12 | FO50: 21 | FP50: 10 | FQ50: 21 | FR50: Nərimanov | FS50: 313 | FT50: 134 | FU50: 313
BK51: 471170932 | BL51: 178 nömrəli tam orta məktəb | BM51: 178 | BN51: tam orta məktəb | BO51: Azərbaycan | BP51: 89 | BQ51: 0 | BR51: 51.179775 | BS51: 41.213483 | BT51: 38.426966 | BU51: 130.82022 | BV51: 43.606742 | BW51: 18 | BX51: 43 | BY51: 25 | BZ51: 3 | CA51: 0 | CB51: 0 | CC51: 37 | CD51: 34 | CE51: 11 | CF51: 7 | CG51: 0 | CH51: 2 | CI51: 46 | CJ51: 24 | CK51: 13 | CL51: 6 | CM51: 0 | CN51: 1 | CO51: 0 | CP51: 0 | CQ51: 0 | CR51: 0 | CZ51: 0 | DA51: 0 | DB51: 0 | DC51: 0 | DD51: 0 | DE51: 0 | DF51: 0 | DG51: 0 | DH51: 0 | DI51: 0 | DJ51: 0 | DK51: 0 | DL51: 0 | DM51: 0 | DN51: 0 | DO51: 0 | DP51: 0 | DQ51: 0 | DR51: 0 | DS51: 0 | DT51: 0 | DU51: 0 | DV51: 0 | DW51: 0 | DX51: 0 | DY51: 0 | DZ51: 89 | EA51: 0 | EB51: 51.179775 | EC51: 41.213483 | ED51: 38.426966 | EF51: 130.82022 | EG51: 43.606742 | EH51: 43.606742 | EI51: 18 | EJ51: 43 | EK51: 25 | EL51: 3 | EM51: 0 | EN51: 0 | EO51: 37 | EP51: 34 | EQ51: 11 | ER51: 7 | ES51: 0 | ET51: 2 | EU51: 46 | EV51: 24 | EW51: 13 | EX51: 6 | EY51: 0 | EZ51: 1 | FA51: 0 | FB51: 0 | FC51: 0 | FD51: 0 | FE51: 0 | FF51: 0 | FG51: 0 | FH51: 0 | FI51: 137 | FK51: 151 | FL51: 14 | FN51: 14 | FO51: 21 | FP51: 10 | FQ51: 21 | FR51: Nərimanov | FS51: 313 | FT51: 134 | FU51: 313
BK52: 359553780 | BL52: 193 nömrəli tam orta məktəb | BM52: 193 | BN52: tam orta məktəb | BO52: Azərbaycan, rus | BP52: 69 | BQ52: 0 | BR52: 52.202899 | BS52: 48.173913 | BT52: 48.362319 | BU52: 148.73913 | BV52: 49.57971 | BW52: 19 | BX52: 25 | BY52: 14 | BZ52: 11 | CA52: 0 | CB52: 0 | CC52: 23 | CD52: 25 | CE52: 8 | CF52: 13 | CG52: 0 | CH52: 1 | CI52: 25 | CJ52: 22 | CK52: 11 | CL52: 11 | CM52: 0 | CN52: 1 | CO52: 0 | CP52: 0 | CQ52: 51 | CR52: 0 | CS52: 58.607843 | CT52: 41.803922 | CU52: 44.431373 | CV52: 45.352941 | CW52: 144.84314 | CX52: 48.281046 | CY52: 47.54902 | CZ52: 3 | DA52: 25 | DB52: 18 | DC52: 5 | DD52: 0 | DE52: 0 | DF52: 19 | DG52: 22 | DH52: 9 | DI52: 1 | DJ52: 0 | DK52: 0 | DL52: 17 | DM52: 20 | DN52: 8 | DO52: 6 | DP52: 0 | DQ52: 0 | DR52: 14 | DS52: 25 | DT52: 11 | DU52: 1 | DV52: 0 | DW52: 0 | DX52: 0 | DY52: 0 | DZ52: 120 | EA52: 0 | EB52: 54.925 | EC52: 45.466667 | ED52: 46.691667 | EE52: 45.352941 | EF52: 147.08333 | EG52: 49.027778 | EH52: 48.716667 | EI52: 22 | EJ52: 50 | EK52: 32 | EL52: 16 | EM52: 0 | EN52: 0 | EO52: 42 | EP52: 47 | EQ52: 17 | ER52: 14 | ES52: 0 | ET52: 1 | EU52: 42 | EV52: 42 | EW52: 19 | EX52: 17 | EY52: 0 | EZ52: 1 | FA52: 14 | FB52: 25 | FC52: 11 | FD52: 1 | FE52: 0 | FF52: 0 | FG52: 0 | FH52: 0 | FI52: 61 | FJ52: 84 | FK52: 73 | FL52: 9 | FM52: 9 | FN52: 10 | FO52: 21 | FP52: 10 | FQ52: 21 | FR52: Nərimanov | FS52: 313 | FT52: 134 | FU52: 313
BK53: 779275415 | BL53: 202 nömrəli tam orta məktəb | BM53: 202 | BN53: tam orta məktəb | BO53: Azərbaycan | BP53: 37 | BQ53: 0 | BR53: 53.810811 | BS53: 44.324324 | BT53: 45.783784 | BU53: 143.91892 | BV53: 47.972973 | BW53: 5 | BX53: 18 | BY53: 11 | BZ53: 3 | CA53: 2 | CB53: 0 | CC53: 16 | CD53: 11 | CE53: 6 | CF53: 4 | CG53: 2 | CH53: 0 | CI53: 15 | CJ53: 10 | CK53: 7 | CL53: 5 | CM53: 2 | CN53: 0 | CO53: 1 | CP53: 0 | CQ53: 0 | CR53: 0 | CZ53: 0 | DA53: 0 | DB53: 0 | DC53: 0 | DD53: 0 | DE53: 0 | DF53: 0 | DG53: 0 | DH53: 0 | DI53: 0 | DJ53: 0 | DK53: 0 | DL53: 0 | DM53: 0 | DN53: 0 | DO53: 0 | DP53: 0 | DQ53: 0 | DR53: 0 | DS53: 0 | DT53: 0 | DU53: 0 | DV53: 0 | DW53: 0 | DX53: 0 | DY53: 0 | DZ53: 37 | EA53: 0 | EB53: 53.810811 | EC53: 44.324324 | ED53: 45.783784 | EF53: 143.91892 | EG53: 47.972973 | EH53: 47.972973 | EI53: 5 | EJ53: 18 | EK53: 11 | EL53: 3 | EM53: 2 | EN53: 0 | EO53: 16 | EP53: 11 | EQ53: 6 | ER53: 4 | ES53: 2 | ET53: 0 | EU53: 15 | EV53: 10 | EW53: 7 | EX53: 5 | EY53: 2 | EZ53: 0 | FA53: 0 | FB53: 0 | FC53: 0 | FD53: 0 | FE53: 0 | FF53: 0 | FG53: 1 | FH53: 0 | FI53: 79 | FK53: 92 | FL53: 11 | FN53: 11 | FO53: 21 | FP53: 10 | FQ53: 21 | FR53: Nərimanov | FS53: 313 | FT53: 134 | FU53: 313
BK54: 436015358 | BL54: 207 nömrəli tam orta məktəb | BM54: 207 | BN54: tam orta məktəb | BO54: Azərbaycan, rus | BP54: 66 | BQ54: 0 | BR54: 58.984848 | BS54: 55.818182 | BT54: 54.469697 | BU54: 169.27273 | BV54: 56.424242 | BW54: 8 | BX54: 26 | BY54: 24 | BZ54: 8 | CA54: 1 | CB54: 0 | CC54: 15 | CD54: 21 | CE54: 14 | CF54: 16 | CG54: 1 | CH54: 0 | CI54: 17 | CJ54: 21 | CK54: 14 | CL54: 14 | CM54: 1 | CN54: 1 | CO54: 1 | CP54: 0 | CQ54: 29 | CR54: 0 | CS54: 68.310345 | CT54: 50.758621 | CU54: 57.413793 | CV54: 55.517241 | CW54: 176.48276 | CX54: 58.827586 | CY54: 58 | CZ54: 0 | DA54: 11 | DB54: 9 | DC54: 9 | DD54: 0 | DE54: 0 | DF54: 5 | DG54: 13 | DH54: 6 | DI54: 5 | DJ54: 0 | DK54: 0 | DL54: 10 | DM54: 5 | DN54: 6 | DO54: 8 | DP54: 0 | DQ54: 1 | DR54: 8 | DS54: 6 | DT54: 9 | DU54: 6 | DV54: 0 | DW54: 0 | DX54: 0 | DY54: 0 | DZ54: 95 | EA54: 0 | EB54: 61.831579 | EC54: 54.273684 | ED54: 55.368421 | EE54: 55.517241 | EF54: 171.47368 | EG54: 57.157895 | EH54: 56.905263 | EI54: 8 | EJ54: 37 | EK54: 33 | EL54: 17 | EM54: 1 | EN54: 0 | EO54: 20 | EP54: 34 | EQ54: 20 | ER54: 21 | ES54: 1 | ET54: 0 | EU54: 27 | EV54: 26 | EW54: 20 | EX54: 22 | EY54: 1 | EZ54: 2 | FA54: 8 | FB54: 6 | FC54: 9 | FD54: 6 | FE54: 0 | FF54: 0 | FG54: 1 | FH54: 0 | FI54: 20 | FJ54: 16 | FK54: 17 | FL54: 3 | FM54: 3 | FN54: 3 | FO54: 21 | FP54: 10 | FQ54: 21 | FR54: Nərimanov | FS54: 313 | FT54: 134 | FU54: 313
BK55: 952898487 | BL55: 212 nömrəli tam orta məktəb | BM55: 212 | BN55: tam orta məktəb | BO55: Azərbaycan, rus | BP55: 78 | BQ55: 0 | BR55: 49.5 | BS55: 37.487179 | BT55: 38.153846 | BU55: 125.14103 | BV55: 41.713675 | BW55: 21 | BX55: 28 | BY55: 22 | BZ55: 7 | CA55: 1 | CB55: 0 | CC55: 35 | CD55: 29 | CE55: 6 | CF55: 8 | CG55: 1 | CH55: 1 | CI55: 40 | CJ55: 23 | CK55: 7 | CL55: 8 | CM55: 0 | CN55: 1 | CO55: 0 | CP55: 0 | CQ55: 59 | CR55: 0 | CS55: 53.881356 | CT55: 38.372881 | CU55: 44.830508 | CV55: 49.389831 | CW55: 137.08475 | CX55: 45.694915 | CY55: 46.618644 | CZ55: 10 | DA55: 28 | DB55: 18 | DC55: 3 | DD55: 0 | DE55: 0 | DF55: 27 | DG55: 21 | DH55: 5 | DI55: 6 | DJ55: 0 | DK55: 0 | DL55: 23 | DM55: 19 | DN55: 11 | DO55: 6 | DP55: 0 | DQ55: 1 | DR55: 11 | DS55: 29 | DT55: 18 | DU55: 1 | DV55: 1 | DW55: 0 | DX55: 0 | DY55: 0 | DZ55: 137 | EA55: 0 | EB55: 51.386861 | EC55: 37.868613 | ED55: 41.029197 | EE55: 49.389831 | EF55: 130.28467 | EG55: 43.428224 | EH55: 43.826034 | EI55: 31 | EJ55: 56 | EK55: 40 | EL55: 10 | EM55: 1 | EN55: 0 | EO55: 62 | EP55: 50 | EQ55: 11 | ER55: 14 | ES55: 1 | ET55: 1 | EU55: 63 | EV55: 42 | EW55: 18 | EX55: 14 | EY55: 0 | EZ55: 2 | FA55: 11 | FB55: 29 | FC55: 18 | FD55: 1 | FE55: 1 | FF55: 0 | FG55: 0 | FH55: 0 | FI55: 162 | FJ55: 100 | FK55: 154 | FL55: 16 | FM55: 10 | FN55: 15 | FO55: 21 | FP55: 10 | FQ55: 21 | FR55: Nərimanov | FS55: 313 | FT55: 134 | FU55: 313
BK56: 267164543 | BL56: 258 nömrəli tam orta məktəb | BM56: 258 | BN56: tam orta məktəb | BO56: Azərbaycan, rus | BP56: 141 | BQ56: 0 | BR56: 57.87234 | BS56: 49.900709 | BT56: 47.269504 | BU56: 155.04255 | BV56: 51.680851 | BW56: 20 | BX56: 53 | BY56: 55 | BZ56: 13 | CA56: 1 | CB56: 0 | CC56: 38 | CD56: 56 | CE56: 26 | CF56: 21 | CG56: 1 | CH56: 3 | CI56: 46 | CJ56: 50 | CK56: 26 | CL56: 19 | CM56: 1 | CN56: 1 | CO56: 1 | CP56: 0 | CQ56: 48 | CR56: 0 | CS56: 60.583333 | CT56: 46.583333 | CU56: 61.520833 | CV56: 51.458333 | CW56: 168.6875 | CX56: 56.229167 | CY56: 55.036458 | CZ56: 2 | DA56: 23 | DB56: 19 | DC56: 4 | DD56: 0 | DE56: 0 | DF56: 12 | DG56: 26 | DH56: 4 | DI56: 6 | DJ56: 0 | DK56: 1 | DL56: 6 | DM56: 19 | DN56: 10 | DO56: 13 | DP56: 0 | DQ56: 2 | DR56: 9 | DS56: 23 | DT56: 15 | DU56: 1 | DV56: 2 | DW56: 0 | DX56: 0 | DY56: 0 | DZ56: 189 | EA56: 0 | EB56: 58.560847 | EC56: 49.058201 | ED56: 50.888889 | EE56: 51.458333 | EF56: 158.50794 | EG56: 52.835979 | EH56: 52.533069 | EI56: 22 | EJ56: 76 | EK56: 74 | EL56: 17 | EM56: 1 | EN56: 0 | EO56: 50 | EP56: 82 | EQ56: 30 | ER56: 27 | ES56: 1 | ET56: 4 | EU56: 52 | EV56: 69 | EW56: 36 | EX56: 32 | EY56: 1 | EZ56: 3 | FA56: 9 | FB56: 23 | FC56: 15 | FD56: 1 | FE56: 2 | FF56: 0 | FG56: 1 | FH56: 0 | FI56: 42 | FJ56: 28 | FK56: 41 | FL56: 6 | FM56: 5 | FN56: 5 | FO56: 21 | FP56: 10 | FQ56: 21 | FR56: Nərimanov | FS56: 313 | FT56: 134 | FU56: 313
BK57: 183973034 | BL57: 291 nömrəli "Araz" Ekologiya liseyi | BM57: 291 | BN57: lisey | BO57: Azərbaycan, rus | BP57: 66 | BQ57: 0 | BR57: 75.560606 | BS57: 78.909091 | BT57: 71.454545 | BU57: 225.92424 | BV57: 75.308081 | BW57: 0 | BX57: 10 | BY57: 31 | BZ57: 25 | CA57: 0 | CB57: 2 | CC57: 2 | CD57: 10 | CE57: 17 | CF57: 37 | CG57: 0 | CH57: 10 | CI57: 6 | CJ57: 14 | CK57: 18 | CL57: 28 | CM57: 0 | CN57: 7 | CO57: 0 | CP57: 1 | CQ57: 34 | CR57: 0 | CS57: 76.147059 | CT57: 73.176471 | CU57: 78.411765 | CV57: 60.411765 | CW57: 227.73529 | CX57: 75.911765 | CY57: 72.036765 | CZ57: 0 | DA57: 6 | DB57: 15 | DC57: 13 | DD57: 0 | DE57: 1 | DF57: 0 | DG57: 11 | DH57: 9 | DI57: 14 | DJ57: 0 | DK57: 0 | DL57: 1 | DM57: 7 | DN57: 8 | DO57: 18 | DP57: 0 | DQ57: 6 | DR57: 3 | DS57: 14 | DT57: 12 | DU57: 5 | DV57: 0 | DW57: 0 | DX57: 0 | DY57: 0 | DZ57: 100 | EA57: 0 | EB57: 75.76 | EC57: 76.96 | ED57: 73.82 | EE57: 60.411765 | EF57: 226.54 | EG57: 75.513333 | EH57: 74.195833 | EI57: 0 | EJ57: 16 | EK57: 46 | EL57: 38 | EM57: 0 | EN57: 3 | EO57: 2 | EP57: 21 | EQ57: 26 | ER57: 51 | ES57: 0 | ET57: 10 | EU57: 7 | EV57: 21 | EW57: 26 | EX57: 46 | EY57: 0 | EZ57: 13 | FA57: 3 | FB57: 14 | FC57: 12 | FD57: 5 | FE57: 0 | FF57: 0 | FG57: 0 | FH57: 1 | FI57: 2 | FJ57: 2 | FK57: 2 | FL57: 1 | FM57: 1 | FN57: 1 | FO57: 21 | FP57: 10 | FQ57: 21 | FR57: Nərimanov | FS57: 313 | FT57: 134 | FU57: 313
BK58: 451077303 | BL58: Məktəb-Lisey Kompleksi | BM58: MLK | BN58: məktəb-lisey | BO58: Azərbaycan, rus | BP58: 152 | BQ58: 0 | BR58: 62.072368 | BS58: 52.184211 | BT58: 57.434211 | BU58: 171.69079 | BV58: 57.230263 | BW58: 11 | BX58: 55 | BY58: 62 | BZ58: 24 | CA58: 0 | CB58: 0 | CC58: 42 | CD58: 52 | CE58: 33 | CF58: 25 | CG58: 1 | CH58: 7 | CI58: 29 | CJ58: 50 | CK58: 43 | CL58: 30 | CM58: 0 | CN58: 3 | CO58: 0 | CP58: 0 | CQ58: 108 | CR58: 0 | CS58: 63.222222 | CT58: 54.296296 | CU58: 54.574074 | CV58: 57.018519 | CW58: 172.09259 | CX58: 57.364198 | CY58: 57.277778 | CZ58: 8 | DA58: 34 | DB58: 47 | DC58: 19 | DD58: 1 | DE58: 0 | DF58: 25 | DG58: 36 | DH58: 23 | DI58: 24 | DJ58: 1 | DK58: 1 | DL58: 29 | DM58: 31 | DN58: 24 | DO58: 24 | DP58: 2 | DQ58: 1 | DR58: 13 | DS58: 48 | DT58: 39 | DU58: 8 | DV58: 0 | DW58: 0 | DX58: 1 | DY58: 0 | DZ58: 260 | EA58: 0 | EB58: 62.55 | EC58: 53.061538 | ED58: 56.246154 | EE58: 57.018519 | EF58: 171.85769 | EG58: 57.285897 | EH58: 57.25 | EI58: 19 | EJ58: 89 | EK58: 109 | EL58: 43 | EM58: 1 | EN58: 0 | EO58: 67 | EP58: 88 | EQ58: 56 | ER58: 49 | ES58: 2 | ET58: 8 | EU58: 58 | EV58: 81 | EW58: 67 | EX58: 54 | EY58: 2 | EZ58: 4 | FA58: 13 | FB58: 48 | FC58: 39 | FD58: 8 | FE58: 0 | FF58: 0 | FG58: 1 | FH58: 0 | FI58: 15 | FJ58: 19 | FK58: 16 | FL58: 2 | FM58: 4 | FN58: 2 | FO58: 21 | FP58: 10 | FQ58: 21 | FR58: Nərimanov | FS58: 313 | FT58: 134 | FU58: 313
BK59: 600607180 | BL59: 1 nömrəli tam orta məktəb | BM59: 1 | BN59: tam orta məktəb | BO59: Azərbaycan, rus | BP59: 15 | BQ59: 0 | BR59: 60.133333 | BS59: 48 | BT59: 42.866667 | BU59: 151 | BV59: 50.333333 | BW59: 1 | BX59: 8 | BY59: 5 | BZ59: 1 | CA59: 0 | CB59: 0 | CC59: 4 | CD59: 5 | CE59: 6 | CF59: 0 | CG59: 0 | CH59: 0 | CI59: 5 | CJ59: 8 | CK59: 1 | CL59: 1 | CM59: 0 | CN59: 0 | CO59: 0 | CP59: 0 | CQ59: 37 | CR59: 0 | CS59: 65.297297 | CT59: 48.864865 | CU59: 57.891892 | CV59: 47.810811 | CW59: 172.05405 | CX59: 57.351351 | CY59: 54.966216 | CZ59: 1 | DA59: 12 | DB59: 19 | DC59: 5 | DD59: 0 | DE59: 0 | DF59: 10 | DG59: 15 | DH59: 6 | DI59: 6 | DJ59: 0 | DK59: 0 | DL59: 10 | DM59: 8 | DN59: 8 | DO59: 11 | DP59: 0 | DQ59: 0 | DR59: 9 | DS59: 18 | DT59: 9 | DU59: 1 | DV59: 0 | DW59: 0 | DX59: 0 | DY59: 0 | DZ59: 52 | EA59: 0 | EB59: 63.807692 | EC59: 48.615385 | ED59: 53.557692 | EE59: 47.810811 | EF59: 165.98077 | EG59: 55.326923 | EH59: 53.629808 | EI59: 2 | EJ59: 20 | EK59: 24 | EL59: 6 | EM59: 0 | EN59: 0 | EO59: 14 | EP59: 20 | EQ59: 12 | ER59: 6 | ES59: 0 | ET59: 0 | EU59: 15 | EV59: 16 | EW59: 9 | EX59: 12 | EY59: 0 | EZ59: 0 | FA59: 9 | FB59: 18 | FC59: 9 | FD59: 1 | FE59: 0 | FF59: 0 | FG59: 0 | FH59: 0 | FI59: 52 | FJ59: 20 | FK59: 30 | FL59: 8 | FM59: 6 | FN59: 7 | FO59: 23 | FP59: 15 | FQ59: 23 | FR59: Nəsimi | FS59: 313 | FT59: 134 | FU59: 313
BK60: 427094371 | BL60: 5 nömrəli tam orta məktəb | BM60: 5 | BN60: tam orta məktəb | BO60: Azərbaycan, rus | BP60: 108 | BQ60: 0 | BR60: 54.027778 | BS60: 49.333333 | BT60: 46.472222 | BU60: 149.83333 | BV60: 49.944444 | BW60: 22 | BX60: 37 | BY60: 38 | BZ60: 11 | CA60: 2 | CB60: 1 | CC60: 35 | CD60: 35 | CE60: 17 | CF60: 21 | CG60: 3 | CH60: 5 | CI60: 41 | CJ60: 29 | CK60: 28 | CL60: 10 | CM60: 2 | CN60: 2 | CO60: 1 | CP60: 0 | CQ60: 36 | CR60: 0 | CS60: 59.916667 | CT60: 43.555556 | CU60: 54.472222 | CV60: 53.166667 | CW60: 157.94444 | CX60: 52.648148 | CY60: 52.777778 | CZ60: 1 | DA60: 18 | DB60: 13 | DC60: 4 | DD60: 0 | DE60: 0 | DF60: 14 | DG60: 14 | DH60: 3 | DI60: 5 | DJ60: 0 | DK60: 1 | DL60: 6 | DM60: 19 | DN60: 5 | DO60: 6 | DP60: 0 | DQ60: 0 | DR60: 3 | DS60: 20 | DT60: 11 | DU60: 2 | DV60: 1 | DW60: 0 | DX60: 0 | DY60: 0 | DZ60: 144 | EA60: 0 | EB60: 55.5 | EC60: 47.888889 | ED60: 48.472222 | EE60: 53.166667 | EF60: 151.86111 | EG60: 50.62037 | EH60: 50.652778 | EI60: 23 | EJ60: 55 | EK60: 51 | EL60: 15 | EM60: 2 | EN60: 1 | EO60: 49 | EP60: 49 | EQ60: 20 | ER60: 26 | ES60: 3 | ET60: 6 | EU60: 47 | EV60: 48 | EW60: 33 | EX60: 16 | EY60: 2 | EZ60: 2 | FA60: 3 | FB60: 20 | FC60: 11 | FD60: 2 | FE60: 1 | FF60: 0 | FG60: 1 | FH60: 0 | FI60: 58 | FJ60: 45 | FK60: 62 | FL60: 9 | FM60: 9 | FN60: 11 | FO60: 23 | FP60: 15 | FQ60: 23 | FR60: Nəsimi | FS60: 313 | FT60: 134 | FU60: 313
BL61: Uşaq-Gənclər İnkişaf Mərkəzi | BM61: 5 | BN61: UGİM | BO61: Azərbaycan, rus | BP61: 0 | BQ61: 0 | BW61: 0 | BX61: 0 | BY61: 0 | BZ61: 0 | CA61: 0 | CB61: 0 | CC61: 0 | CD61: 0 | CE61: 0 | CF61: 0 | CG61: 0 | CH61: 0 | CI61: 0 | CJ61: 0 | CK61: 0 | CL61: 0 | CM61: 0 | CN61: 0 | CO61: 0 | CP61: 0 | CQ61: 0 | CR61: 0 | CZ61: 0 | DA61: 0 | DB61: 0 | DC61: 0 | DD61: 0 | DE61: 0 | DF61: 0 | DG61: 0 | DH61: 0 | DI61: 0 | DJ61: 0 | DK61: 0 | DL61: 0 | DM61: 0 | DN61: 0 | DO61: 0 | DP61: 0 | DQ61: 0 | DR61: 0 | DS61: 0 | DT61: 0 | DU61: 0 | DV61: 0 | DW61: 0 | DX61: 0 | DY61: 0 | DZ61: 0 | EA61: 0 | EI61: 0 | EJ61: 0 | EK61: 0 | EL61: 0 | EM61: 0 | EN61: 0 | EO61: 0 | EP61: 0 | EQ61: 0 | ER61: 0 | ES61: 0 | ET61: 0 | EU61: 0 | EV61: 0 | EW61: 0 | EX61: 0 | EY61: 0 | EZ61: 0 | FA61: 0 | FB61: 0 | FC61: 0 | FD61: 0 | FE61: 0 | FF61: 0 | FG61: 0 | FH61: 0 | FO61: 23 | FP61: 15 | FQ61: 23 | FR61: Nəsimi | FS61: 313 | FT61: 134 | FU61: 313
BK62: 451665450 | BL62: 8 nömrəli tam orta məktəb | BM62: 8 | BN62: tam orta məktəb | BO62: Azərbaycan, rus | BP62: 14 | BQ62: 0 | BR62: 43.142857 | BS62: 28 | BT62: 27.571429 | BU62: 98.714286 | BV62: 32.904762 | BW62: 2 | BX62: 10 | BY62: 2 | BZ62: 0 | CA62: 0 | CB62: 0 | CC62: 11 | CD62: 1 | CE62: 2 | CF62: 0 | CG62: 0 | CH62: 0 | CI62: 11 | CJ62: 3 | CK62: 0 | CL62: 0 | CM62: 0 | CN62: 0 | CO62: 0 | CP62: 0 | CQ62: 52 | CR62: 0 | CS62: 61.846154 | CT62: 48.846154 | CU62: 58.230769 | CV62: 42.519231 | CW62: 168.92308 | CX62: 56.307692 | CY62: 52.860577 | CZ62: 3 | DA62: 19 | DB62: 20 | DC62: 10 | DD62: 0 | DE62: 0 | DF62: 14 | DG62: 21 | DH62: 11 | DI62: 6 | DJ62: 1 | DK62: 0 | DL62: 10 | DM62: 17 | DN62: 13 | DO62: 12 | DP62: 0 | DQ62: 0 | DR62: 17 | DS62: 27 | DT62: 8 | DU62: 0 | DV62: 0 | DW62: 0 | DX62: 0 | DY62: 0 | DZ62: 66 | EA62: 0 | EB62: 57.878788 | EC62: 44.424242 | ED62: 51.727273 | EE62: 42.519231 | EF62: 154.0303 | EG62: 51.343434 | EH62: 48.627525 | EI62: 5 | EJ62: 29 | EK62: 22 | EL62: 10 | EM62: 0 | EN62: 0 | EO62: 25 | EP62: 22 | EQ62: 13 | ER62: 6 | ES62: 1 | ET62: 0 | EU62: 21 | EV62: 20 | EW62: 13 | EX62: 12 | EY62: 0 | EZ62: 0 | FA62: 17 | FB62: 27 | FC62: 8 | FD62: 0 | FE62: 0 | FF62: 0 | FG62: 0 | FH62: 0 | FI62: 275 | FJ62: 27 | FK62: 52 | FL62: 21 | FM62: 7 | FN62: 10 | FO62: 23 | FP62: 15 | FQ62: 23 | FR62: Nəsimi | FS62: 313 | FT62: 134 | FU62: 313
BK63: 438201532 | BL63: 9 nömrəli tam orta məktəb | BM63: 9 | BN63: tam orta məktəb | BO63: Azərbaycan, rus | BP63: 65 | BQ63: 0 | BR63: 54.076923 | BS63: 45.230769 | BT63: 43.6 | BU63: 142.90769 | BV63: 47.635897 | BW63: 12 | BX63: 25 | BY63: 21 | BZ63: 7 | CA63: 0 | CB63: 0 | CC63: 23 | CD63: 24 | CE63: 8 | CF63: 10 | CG63: 1 | CH63: 1 | CI63: 27 | CJ63: 19 | CK63: 15 | CL63: 4 | CM63: 0 | CN63: 0 | CO63: 0 | CP63: 0 | CQ63: 23 | CR63: 0 | CS63: 57 | CT63: 45.565217 | CU63: 45.347826 | CV63: 55.956522 | CW63: 147.91304 | CX63: 49.304348 | CY63: 50.967391 | CZ63: 3 | DA63: 9 | DB63: 9 | DC63: 2 | DD63: 0 | DE63: 0 | DF63: 6 | DG63: 11 | DH63: 4 | DI63: 2 | DJ63: 0 | DK63: 0 | DL63: 7 | DM63: 11 | DN63: 2 | DO63: 3 | DP63: 0 | DQ63: 0 | DR63: 1 | DS63: 16 | DT63: 6 | DU63: 0 | DV63: 0 | DW63: 0 | DX63: 0 | DY63: 0 | DZ63: 88 | EA63: 0 | EB63: 54.840909 | EC63: 45.318182 | ED63: 44.056818 | EE63: 55.956522 | EF63: 144.21591 | EG63: 48.07197 | EH63: 48.506629 | EI63: 15 | EJ63: 34 | EK63: 30 | EL63: 9 | EM63: 0 | EN63: 0 | EO63: 29 | EP63: 35 | EQ63: 12 | ER63: 12 | ES63: 1 | ET63: 1 | EU63: 34 | EV63: 30 | EW63: 17 | EX63: 7 | EY63: 0 | EZ63: 0 | FA63: 1 | FB63: 16 | FC63: 6 | FD63: 0 | FE63: 0 | FF63: 0 | FG63: 0 | FH63: 0 | FI63: 86 | FJ63: 74 | FK63: 89 | FL63: 12 | FM63: 15 | FN63: 14 | FO63: 23 | FP63: 15 | FQ63: 23 | FR63: Nəsimi | FS63: 313 | FT63: 134 | FU63: 313
BK64: 819115969 | BL64: 14 nömrəli tam orta məktəb | BM64: 14 | BN64: tam orta məktəb | BO64: Azərbaycan, rus | BP64: 71 | BQ64: 0 | BR64: 61.732394 | BS64: 46.478873 | BT64: 40.56338 | BU64: 148.77465 | BV64: 49.591549 | BW64: 8 | BX64: 23 | BY64: 30 | BZ64: 10 | CA64: 0 | CB64: 0 | CC64: 18 | CD64: 35 | CE64: 10 | CF64: 8 | CG64: 0 | CH64: 0 | CI64: 30 | CJ64: 28 | CK64: 9 | CL64: 4 | CM64: 0 | CN64: 1 | CO64: 0 | CP64: 0 | CQ64: 43 | CR64: 0 | CS64: 59.162791 | CT64: 46.325581 | CU64: 51.418605 | CV64: 61.465116 | CW64: 156.90698 | CX64: 52.302326 | CY64: 54.593023 | CZ64: 6 | DA64: 18 | DB64: 12 | DC64: 7 | DD64: 0 | DE64: 0 | DF64: 15 | DG64: 19 | DH64: 7 | DI64: 2 | DJ64: 0 | DK64: 1 | DL64: 8 | DM64: 21 | DN64: 7 | DO64: 7 | DP64: 0 | DQ64: 0 | DR64: 2 | DS64: 16 | DT64: 22 | DU64: 3 | DV64: 0 | DW64: 0 | DX64: 0 | DY64: 0 | DZ64: 114 | EA64: 0 | EB64: 60.763158 | EC64: 46.421053 | ED64: 44.657895 | EE64: 61.465116 | EF64: 151.84211 | EG64: 50.614035 | EH64: 51.47807 | EI64: 14 | EJ64: 41 | EK64: 42 | EL64: 17 | EM64: 0 | EN64: 0 | EO64: 33 | EP64: 54 | EQ64: 17 | ER64: 10 | ES64: 0 | ET64: 1 | EU64: 38 | EV64: 49 | EW64: 16 | EX64: 11 | EY64: 0 | EZ64: 1 | FA64: 2 | FB64: 16 | FC64: 22 | FD64: 3 | FE64: 0 | FF64: 0 | FG64: 0 | FH64: 0 | FI64: 60 | FJ64: 49 | FK64: 63 | FL64: 10 | FM64: 10 | FN64: 12 | FO64: 23 | FP64: 15 | FQ64: 23 | FR64: Nəsimi | FS64: 313 | FT64: 134 | FU64: 313
BK65: 146214860 | BL65: 16 nömrəli texniki-humanitar lisey | BM65: 16 | BN65: THL | BO65: Azərbaycan, rus | BP65: 26 | BQ65: 0 | BR65: 65.884615 | BS65: 52 | BT65: 52.692308 | BU65: 170.57692 | BV65: 56.858974 | BW65: 1 | BX65: 7 | BY65: 13 | BZ65: 5 | CA65: 0 | CB65: 0 | CC65: 7 | CD65: 9 | CE65: 7 | CF65: 3 | CG65: 0 | CH65: 0 | CI65: 8 | CJ65: 6 | CK65: 6 | CL65: 6 | CM65: 0 | CN65: 0 | CO65: 0 | CP65: 0 | CQ65: 8 | CR65: 0 | CS65: 61.375 | CT65: 38.5 | CU65: 55.25 | CV65: 49.125 | CW65: 155.125 | CX65: 51.708333 | CY65: 51.0625 | CZ65: 0 | DA65: 4 | DB65: 4 | DC65: 0 | DD65: 0 | DE65: 0 | DF65: 2 | DG65: 5 | DH65: 1 | DI65: 0 | DJ65: 0 | DK65: 0 | DL65: 0 | DM65: 6 | DN65: 1 | DO65: 1 | DP65: 0 | DQ65: 0 | DR65: 1 | DS65: 5 | DT65: 2 | DU65: 0 | DV65: 0 | DW65: 0 | DX65: 0 | DY65: 0 | DZ65: 34 | EA65: 0 | EB65: 64.823529 | EC65: 48.823529 | ED65: 53.294118 | EE65: 49.125 | EF65: 166.94118 | EG65: 55.647059 | EH65: 55.495098 | EI65: 1 | EJ65: 11 | EK65: 17 | EL65: 5 | EM65: 0 | EN65: 0 | EO65: 9 | EP65: 14 | EQ65: 8 | ER65: 3 | ES65: 0 | ET65: 0 | EU65: 8 | EV65: 12 | EW65: 7 | EX65: 7 | EY65: 0 | EZ65: 0 | FA65: 1 | FB65: 5 | FC65: 2 | FD65: 0 | FE65: 0 | FF65: 0 | FG65: 0 | FH65: 0 | FI65: 17 | FJ65: 55 | FK65: 27 | FL65: 3 | FM65: 11 | FN65: 6 | FO65: 23 | FP65: 15 | FQ65: 23 | FR65: Nəsimi | FS65: 313 | FT65: 134 | FU65: 313
BK66: 935684566 | BL66: 19 nömrəli tam orta məktəb | BM66: 19 | BN66: tam orta məktəb | BO66: Azərbaycan | BP66: 120 | BQ66: 1 | BR66: 46.361345 | BS66: 33.680672 | BT66: 31.840336 | BU66: 111.88235 | BV66: 37.294118 | BW66: 39 | BX66: 44 | BY66: 31 | BZ66: 5 | CA66: 2 | CB66: 0 | CC66: 66 | CD66: 38 | CE66: 9 | CF66: 6 | CG66: 1 | CH66: 0 | CI66: 78 | CJ66: 26 | CK66: 13 | CL66: 2 | CM66: 2 | CN66: 0 | CO66: 1 | CP66: 0 | CQ66: 0 | CR66: 0 | CZ66: 0 | DA66: 0 | DB66: 0 | DC66: 0 | DD66: 0 | DE66: 0 | DF66: 0 | DG66: 0 | DH66: 0 | DI66: 0 | DJ66: 0 | DK66: 0 | DL66: 0 | DM66: 0 | DN66: 0 | DO66: 0 | DP66: 0 | DQ66: 0 | DR66: 0 | DS66: 0 | DT66: 0 | DU66: 0 | DV66: 0 | DW66: 0 | DX66: 0 | DY66: 0 | DZ66: 120 | EA66: 1 | EB66: 46.361345 | EC66: 33.680672 | ED66: 31.840336 | EF66: 111.88235 | EG66: 37.294118 | EH66: 37.294118 | EI66: 39 | EJ66: 44 | EK66: 31 | EL66: 5 | EM66: 2 | EN66: 0 | EO66: 66 | EP66: 38 | EQ66: 9 | ER66: 6 | ES66: 1 | ET66: 0 | EU66: 78 | EV66: 26 | EW66: 13 | EX66: 2 | EY66: 2 | EZ66: 0 | FA66: 0 | FB66: 0 | FC66: 0 | FD66: 0 | FE66: 0 | FF66: 0 | FG66: 1 | FH66: 0 | FI66: 233 | FK66: 240 | FL66: 20 | FN66: 21 | FO66: 23 | FP66: 15 | FQ66: 23 | FR66: Nəsimi | FS66: 313 | FT66: 134 | FU66: 313
BK67: 778590205 | BL67: 35 nömrəli tam orta məktəb | BM67: 35 | BN67: tam orta məktəb | BO67: Azərbaycan | BP67: 50 | BQ67: 0 | BR67: 46.72 | BS67: 38.16 | BT67: 32.04 | BU67: 116.92 | BV67: 38.973333 | BW67: 12 | BX67: 24 | BY67: 13 | BZ67: 1 | CA67: 0 | CB67: 0 | CC67: 19 | CD67: 26 | CE67: 2 | CF67: 3 | CG67: 1 | CH67: 0 | CI67: 25 | CJ67: 21 | CK67: 4 | CL67: 0 | CM67: 0 | CN67: 0 | CO67: 0 | CP67: 0 | CQ67: 0 | CR67: 0 | CZ67: 0 | DA67: 0 | DB67: 0 | DC67: 0 | DD67: 0 | DE67: 0 | DF67: 0 | DG67: 0 | DH67: 0 | DI67: 0 | DJ67: 0 | DK67: 0 | DL67: 0 | DM67: 0 | DN67: 0 | DO67: 0 | DP67: 0 | DQ67: 0 | DR67: 0 | DS67: 0 | DT67: 0 | DU67: 0 | DV67: 0 | DW67: 0 | DX67: 0 | DY67: 0 | DZ67: 50 | EA67: 0 | EB67: 46.72 | EC67: 38.16 | ED67: 32.04 | EF67: 116.92 | EG67: 38.973333 | EH67: 38.973333 | EI67: 12 | EJ67: 24 | EK67: 13 | EL67: 1 | EM67: 0 | EN67: 0 | EO67: 19 | EP67: 26 | EQ67: 2 | ER67: 3 | ES67: 1 | ET67: 0 | EU67: 25 | EV67: 21 | EW67: 4 | EX67: 0 | EY67: 0 | EZ67: 0 | FA67: 0 | FB67: 0 | FC67: 0 | FD67: 0 | FE67: 0 | FF67: 0 | FG67: 0 | FH67: 0 | FI67: 211 | FK67: 217 | FL67: 19 | FN67: 20 | FO67: 23 | FP67: 15 | FQ67: 23 | FR67: Nəsimi | FS67: 313 | FT67: 134 | FU67: 313
BK68: 358784818 | BL68: 42 nömrəli tam orta məktəb | BM68: 42 | BN68: tam orta məktəb | BO68: Azərbaycan, rus | BP68: 67 | BQ68: 0 | BR68: 62.910448 | BS68: 46.80597 | BT68: 47.970149 | BU68: 157.68657 | BV68: 52.562189 | BW68: 5 | BX68: 23 | BY68: 21 | BZ68: 18 | CA68: 0 | CB68: 0 | CC68: 24 | CD68: 20 | CE68: 14 | CF68: 9 | CG68: 0 | CH68: 1 | CI68: 23 | CJ68: 24 | CK68: 12 | CL68: 8 | CM68: 1 | CN68: 0 | CO68: 0 | CP68: 0 | CQ68: 37 | CR68: 0 | CS68: 63.486486 | CT68: 55.783784 | CU68: 65.432432 | CV68: 57.594595 | CW68: 184.7027 | CX68: 61.567568 | CY68: 60.574324 | CZ68: 4 | DA68: 11 | DB68: 16 | DC68: 6 | DD68: 0 | DE68: 0 | DF68: 7 | DG68: 15 | DH68: 10 | DI68: 5 | DJ68: 0 | DK68: 0 | DL68: 8 | DM68: 7 | DN68: 10 | DO68: 12 | DP68: 0 | DQ68: 2 | DR68: 6 | DS68: 12 | DT68: 17 | DU68: 2 | DV68: 0 | DW68: 0 | DX68: 0 | DY68: 0 | DZ68: 104 | EA68: 0 | EB68: 63.115385 | EC68: 50 | ED68: 54.182692 | EE68: 57.594595 | EF68: 167.29808 | EG68: 55.766026 | EH68: 55.41266 | EI68: 9 | EJ68: 34 | EK68: 37 | EL68: 24 | EM68: 0 | EN68: 0 | EO68: 31 | EP68: 35 | EQ68: 24 | ER68: 14 | ES68: 0 | ET68: 1 | EU68: 31 | EV68: 31 | EW68: 22 | EX68: 20 | EY68: 1 | EZ68: 2 | FA68: 6 | FB68: 12 | FC68: 17 | FD68: 2 | FE68: 0 | FF68: 0 | FG68: 0 | FH68: 0 | FI68: 37 | FJ68: 8 | FK68: 26 | FL68: 6 | FM68: 4 | FN68: 5 | FO68: 23 | FP68: 15 | FQ68: 23 | FR68: Nəsimi | FS68: 313 | FT68: 134 | FU68: 313
BK69: 808556781 | BL69: 44 nömrəli tam orta məktəb | BM69: 44 | BN69: tam orta məktəb | BO69: Azərbaycan | BP69: 57 | BQ69: 0 | BR69: 48.157895 | BS69: 39.719298 | BT69: 37.245614 | BU69: 125.12281 | BV69: 41.707602 | BW69: 17 | BX69: 20 | BY69: 15 | BZ69: 5 | CA69: 0 | CB69: 0 | CC69: 23 | CD69: 21 | CE69: 7 | CF69: 6 | CG69: 0 | CH69: 1 | CI69: 30 | CJ69: 15 | CK69: 8 | CL69: 4 | CM69: 0 | CN69: 1 | CO69: 0 | CP69: 0 | CQ69: 0 | CR69: 0 | CZ69: 0 | DA69: 0 | DB69: 0 | DC69: 0 | DD69: 0 | DE69: 0 | DF69: 0 | DG69: 0 | DH69: 0 | DI69: 0 | DJ69: 0 | DK69: 0 | DL69: 0 | DM69: 0 | DN69: 0 | DO69: 0 | DP69: 0 | DQ69: 0 | DR69: 0 | DS69: 0 | DT69: 0 | DU69: 0 | DV69: 0 | DW69: 0 | DX69: 0 | DY69: 0 | DZ69: 57 | EA69: 0 | EB69: 48.157895 | EC69: 39.719298 | ED69: 37.245614 | EF69: 125.12281 | EG69: 41.707602 | EH69: 41.707602 | EI69: 17 | EJ69: 20 | EK69: 15 | EL69: 5 | EM69: 0 | EN69: 0 | EO69: 23 | EP69: 21 | EQ69: 7 | ER69: 6 | ES69: 0 | ET69: 1 | EU69: 30 | EV69: 15 | EW69: 8 | EX69: 4 | EY69: 0 | EZ69: 1 | FA69: 0 | FB69: 0 | FC69: 0 | FD69: 0 | FE69: 0 | FF69: 0 | FG69: 0 | FH69: 0 | FI69: 163 | FK69: 179 | FL69: 17 | FN69: 19 | FO69: 23 | FP69: 15 | FQ69: 23 | FR69: Nəsimi | FS69: 313 | FT69: 134 | FU69: 313
BK70: 388537788 | BL70: 46 nömrəli tam orta məktəb | BM70: 46 | BN70: tam orta məktəb | BO70: Azərbaycan, rus | BP70: 26 | BQ70: 0 | BR70: 47.192308 | BS70: 39.384615 | BT70: 32.538462 | BU70: 119.11538 | BV70: 39.705128 | BW70: 7 | BX70: 11 | BY70: 7 | BZ70: 1 | CA70: 1 | CB70: 0 | CC70: 11 | CD70: 10 | CE70: 2 | CF70: 3 | CG70: 1 | CH70: 1 | CI70: 14 | CJ70: 9 | CK70: 3 | CL70: 0 | CM70: 1 | CN70: 0 | CO70: 1 | CP70: 0 | CQ70: 49 | CR70: 0 | CS70: 64.857143 | CT70: 49.469388 | CU70: 61.428571 | CV70: 46.204082 | CW70: 175.7551 | CX70: 58.585034 | CY70: 55.489796 | CZ70: 0 | DA70: 21 | DB70: 22 | DC70: 6 | DD70: 0 | DE70: 0 | DF70: 14 | DG70: 17 | DH70: 11 | DI70: 7 | DJ70: 0 | DK70: 1 | DL70: 10 | DM70: 14 | DN70: 11 | DO70: 14 | DP70: 0 | DQ70: 2 | DR70: 14 | DS70: 22 | DT70: 12 | DU70: 1 | DV70: 0 | DW70: 0 | DX70: 0 | DY70: 0 | DZ70: 75 | EA70: 0 | EB70: 58.733333 | EC70: 45.973333 | ED70: 51.413333 | EE70: 46.204082 | EF70: 156.12 | EG70: 52.04 | EH70: 50.017778 | EI70: 7 | EJ70: 32 | EK70: 29 | EL70: 7 | EM70: 1 | EN70: 0 | EO70: 25 | EP70: 27 | EQ70: 13 | ER70: 10 | ES70: 1 | ET70: 2 | EU70: 24 | EV70: 23 | EW70: 14 | EX70: 14 | EY70: 1 | EZ70: 2 | FA70: 14 | FB70: 22 | FC70: 12 | FD70: 1 | FE70: 0 | FF70: 0 | FG70: 1 | FH70: 0 | FI70: 199 | FJ70: 17 | FK70: 46 | FL70: 18 | FM70: 5 | FN70: 8 | FO70: 23 | FP70: 15 | FQ70: 23 | FR70: Nəsimi | FS70: 313 | FT70: 134 | FU70: 313
BK71: 100682682 | BL71: 54 nömrəli tam orta məktəb | BM71: 54 | BN71: tam orta məktəb | BO71: Azərbaycan | BP71: 136 | BQ71: 0 | BR71: 63.691176 | BS71: 53.764706 | BT71: 51.742647 | BU71: 169.19853 | BV71: 56.39951 | BW71: 6 | BX71: 48 | BY71: 62 | BZ71: 20 | CA71: 0 | CB71: 0 | CC71: 30 | CD71: 53 | CE71: 26 | CF71: 27 | CG71: 0 | CH71: 1 | CI71: 33 | CJ71: 54 | CK71: 29 | CL71: 20 | CM71: 0 | CN71: 1 | CO71: 0 | CP71: 0 | CQ71: 0 | CR71: 0 | CZ71: 0 | DA71: 0 | DB71: 0 | DC71: 0 | DD71: 0 | DE71: 0 | DF71: 0 | DG71: 0 | DH71: 0 | DI71: 0 | DJ71: 0 | DK71: 0 | DL71: 0 | DM71: 0 | DN71: 0 | DO71: 0 | DP71: 0 | DQ71: 0 | DR71: 0 | DS71: 0 | DT71: 0 | DU71: 0 | DV71: 0 | DW71: 0 | DX71: 0 | DY71: 0 | DZ71: 136 | EA71: 0 | EB71: 63.691176 | EC71: 53.764706 | ED71: 51.742647 | EF71: 169.19853 | EG71: 56.39951 | EH71: 56.39951 | EI71: 6 | EJ71: 48 | EK71: 62 | EL71: 20 | EM71: 0 | EN71: 0 | EO71: 30 | EP71: 53 | EQ71: 26 | ER71: 27 | ES71: 0 | ET71: 1 | EU71: 33 | EV71: 54 | EW71: 29 | EX71: 20 | EY71: 0 | EZ71: 1 | FA71: 0 | FB71: 0 | FC71: 0 | FD71: 0 | FE71: 0 | FF71: 0 | FG71: 0 | FH71: 0 | FI71: 21 | FK71: 20 | FL71: 4 | FN71: 4 | FO71: 23 | FP71: 15 | FQ71: 23 | FR71: Nəsimi | FS71: 313 | FT71: 134 | FU71: 313
BK72: 449714993 | BL72: 111 nömrəli tam orta məktəb | BM72: 111 | BN72: tam orta məktəb | BO72: Azərbaycan, rus | BP72: 81 | BQ72: 0 | BR72: 50.469136 | BS72: 37.333333 | BT72: 38.82716 | BU72: 126.62963 | BV72: 42.209877 | BW72: 16 | BX72: 36 | BY72: 24 | BZ72: 5 | CA72: 1 | CB72: 1 | CC72: 35 | CD72: 32 | CE72: 9 | CF72: 5 | CG72: 2 | CH72: 0 | CI72: 40 | CJ72: 27 | CK72: 8 | CL72: 6 | CM72: 1 | CN72: 1 | CO72: 1 | CP72: 0 | CQ72: 25 | CR72: 0 | CS72: 52.96 | CT72: 45.44 | CU72: 50.2 | CV72: 52.6 | CW72: 148.6 | CX72: 49.533333 | CY72: 50.3 | CZ72: 8 | DA72: 6 | DB72: 6 | DC72: 5 | DD72: 0 | DE72: 0 | DF72: 9 | DG72: 10 | DH72: 3 | DI72: 3 | DJ72: 1 | DK72: 0 | DL72: 8 | DM72: 7 | DN72: 7 | DO72: 3 | DP72: 1 | DQ72: 1 | DR72: 5 | DS72: 10 | DT72: 7 | DU72: 3 | DV72: 0 | DW72: 0 | DX72: 0 | DY72: 0 | DZ72: 106 | EA72: 0 | EB72: 51.056604 | EC72: 39.245283 | ED72: 41.509434 | EE72: 52.6 | EF72: 131.81132 | EG72: 43.937107 | EH72: 44.117925 | EI72: 24 | EJ72: 42 | EK72: 30 | EL72: 10 | EM72: 1 | EN72: 1 | EO72: 44 | EP72: 42 | EQ72: 12 | ER72: 8 | ES72: 3 | ET72: 0 | EU72: 48 | EV72: 34 | EW72: 15 | EX72: 9 | EY72: 2 | EZ72: 2 | FA72: 5 | FB72: 10 | FC72: 7 | FD72: 3 | FE72: 0 | FF72: 0 | FG72: 1 | FH72: 0 | FI72: 158 | FJ72: 71 | FK72: 143 | FL72: 16 | FM72: 14 | FN72: 18 | FO72: 23 | FP72: 15 | FQ72: 23 | FR72: Nəsimi | FS72: 313 | FT72: 134 | FU72: 313
BK73: 757787527 | BL73: 151 nömrəli tam orta məktəb | BM73: 151 | BN73: tam orta məktəb | BO73: Azərbaycan, rus | BP73: 23 | BQ73: 0 | BR73: 51.391304 | BS73: 34.782609 | BT73: 42.130435 | BU73: 128.30435 | BV73: 42.768116 | BW73: 5 | BX73: 8 | BY73: 10 | BZ73: 0 | CA73: 0 | CB73: 0 | CC73: 11 | CD73: 10 | CE73: 2 | CF73: 0 | CG73: 0 | CH73: 0 | CI73: 9 | CJ73: 8 | CK73: 6 | CL73: 0 | CM73: 0 | CN73: 0 | CO73: 0 | CP73: 0 | CQ73: 23 | CR73: 0 | CS73: 61.478261 | CT73: 43.478261 | CU73: 49.782609 | CV73: 49.086957 | CW73: 154.73913 | CX73: 51.57971 | CY73: 50.956522 | CZ73: 2 | DA73: 7 | DB73: 11 | DC73: 3 | DD73: 0 | DE73: 0 | DF73: 8 | DG73: 10 | DH73: 3 | DI73: 2 | DJ73: 0 | DK73: 0 | DL73: 9 | DM73: 4 | DN73: 6 | DO73: 4 | DP73: 0 | DQ73: 0 | DR73: 3 | DS73: 12 | DT73: 8 | DU73: 0 | DV73: 0 | DW73: 0 | DX73: 0 | DY73: 0 | DZ73: 46 | EA73: 0 | EB73: 56.434783 | EC73: 39.130435 | ED73: 45.956522 | EE73: 49.086957 | EF73: 141.52174 | EG73: 47.173913 | EH73: 46.862319 | EI73: 7 | EJ73: 15 | EK73: 21 | EL73: 3 | EM73: 0 | EN73: 0 | EO73: 19 | EP73: 20 | EQ73: 5 | ER73: 2 | ES73: 0 | ET73: 0 | EU73: 18 | EV73: 12 | EW73: 12 | EX73: 4 | EY73: 0 | EZ73: 0 | FA73: 3 | FB73: 12 | FC73: 8 | FD73: 0 | FE73: 0 | FF73: 0 | FG73: 0 | FH73: 0 | FI73: 147 | FJ73: 56 | FK73: 105 | FL73: 15 | FM73: 12 | FN73: 16 | FO73: 23 | FP73: 15 | FQ73: 23 | FR73: Nəsimi | FS73: 313 | FT73: 134 | FU73: 313
BK74: 534244208 | BL74: 159 nömrəli tam orta məktəb | BM74: 159 | BN74: tam orta məktəb | BO74: Azərbaycan | BP74: 118 | BQ74: 0 | BR74: 55.347458 | BS74: 45.491525 | BT74: 43.694915 | BU74: 144.5339 | BV74: 48.177966 | BW74: 20 | BX74: 47 | BY74: 40 | BZ74: 11 | CA74: 1 | CB74: 0 | CC74: 45 | CD74: 38 | CE74: 17 | CF74: 18 | CG74: 3 | CH74: 1 | CI74: 48 | CJ74: 35 | CK74: 22 | CL74: 13 | CM74: 2 | CN74: 0 | CO74: 1 | CP74: 0 | CQ74: 0 | CR74: 0 | CZ74: 0 | DA74: 0 | DB74: 0 | DC74: 0 | DD74: 0 | DE74: 0 | DF74: 0 | DG74: 0 | DH74: 0 | DI74: 0 | DJ74: 0 | DK74: 0 | DL74: 0 | DM74: 0 | DN74: 0 | DO74: 0 | DP74: 0 | DQ74: 0 | DR74: 0 | DS74: 0 | DT74: 0 | DU74: 0 | DV74: 0 | DW74: 0 | DX74: 0 | DY74: 0 | DZ74: 118 | EA74: 0 | EB74: 55.347458 | EC74: 45.491525 | ED74: 43.694915 | EF74: 144.5339 | EG74: 48.177966 | EH74: 48.177966 | EI74: 20 | EJ74: 47 | EK74: 40 | EL74: 11 | EM74: 1 | EN74: 0 | EO74: 45 | EP74: 38 | EQ74: 17 | ER74: 18 | ES74: 3 | ET74: 1 | EU74: 48 | EV74: 35 | EW74: 22 | EX74: 13 | EY74: 2 | EZ74: 0 | FA74: 0 | FB74: 0 | FC74: 0 | FD74: 0 | FE74: 0 | FF74: 0 | FG74: 1 | FH74: 0 | FI74: 74 | FK74: 85 | FL74: 11 | FN74: 13 | FO74: 23 | FP74: 15 | FQ74: 23 | FR74: Nəsimi | FS74: 313 | FT74: 134 | FU74: 313
BK75: 138043367 | BL75: 164 nömrəli tam orta məktəb | BM75: 164 | BN75: tam orta məktəb | BO75: Azərbaycan, rus | BP75: 51 | BQ75: 0 | BR75: 58.156863 | BS75: 54.039216 | BT75: 51.705882 | BU75: 163.90196 | BV75: 54.633987 | BW75: 7 | BX75: 21 | BY75: 14 | BZ75: 9 | CA75: 0 | CB75: 0 | CC75: 10 | CD75: 22 | CE75: 7 | CF75: 12 | CG75: 0 | CH75: 2 | CI75: 14 | CJ75: 18 | CK75: 8 | CL75: 11 | CM75: 0 | CN75: 0 | CO75: 0 | CP75: 0 | CQ75: 68 | CR75: 0 | CS75: 66.647059 | CT75: 56.764706 | CU75: 69.455882 | CV75: 52.970588 | CW75: 192.86765 | CX75: 64.289216 | CY75: 61.459559 | CZ75: 3 | DA75: 19 | DB75: 31 | DC75: 15 | DD75: 0 | DE75: 0 | DF75: 13 | DG75: 27 | DH75: 11 | DI75: 17 | DJ75: 0 | DK75: 1 | DL75: 7 | DM75: 20 | DN75: 16 | DO75: 25 | DP75: 0 | DQ75: 9 | DR75: 14 | DS75: 28 | DT75: 19 | DU75: 7 | DV75: 0 | DW75: 0 | DX75: 0 | DY75: 0 | DZ75: 119 | EA75: 0 | EB75: 63.008403 | EC75: 55.596639 | ED75: 61.848739 | EE75: 52.970588 | EF75: 180.45378 | EG75: 60.151261 | EH75: 58.534314 | EI75: 10 | EJ75: 40 | EK75: 45 | EL75: 24 | EM75: 0 | EN75: 0 | EO75: 23 | EP75: 49 | EQ75: 18 | ER75: 29 | ES75: 0 | ET75: 3 | EU75: 21 | EV75: 38 | EW75: 24 | EX75: 36 | EY75: 0 | EZ75: 9 | FA75: 14 | FB75: 28 | FC75: 19 | FD75: 7 | FE75: 0 | FF75: 0 | FG75: 0 | FH75: 0 | FI75: 28 | FJ75: 4 | FK75: 10 | FL75: 5 | FM75: 2 | FN75: 2 | FO75: 23 | FP75: 15 | FQ75: 23 | FR75: Nəsimi | FS75: 313 | FT75: 134 | FU75: 313
BK76: 421113845 | BL76: 211 nömrəli tam orta məktəb | BM76: 211 | BN76: tam orta məktəb | BO76: Azərbaycan, rus | BP76: 102 | BQ76: 0 | BR76: 59.294118 | BS76: 49.607843 | BT76: 44.941176 | BU76: 153.84314 | BV76: 51.281046 | BW76: 13 | BX76: 35 | BY76: 39 | BZ76: 15 | CA76: 0 | CB76: 0 | CC76: 32 | CD76: 36 | CE76: 17 | CF76: 17 | CG76: 0 | CH76: 4 | CI76: 35 | CJ76: 42 | CK76: 12 | CL76: 13 | CM76: 0 | CN76: 1 | CO76: 0 | CP76: 0 | CQ76: 48 | CR76: 0 | CS76: 59.916667 | CT76: 50.75 | CU76: 50.104167 | CV76: 53.5 | CW76: 160.77083 | CX76: 53.590278 | CY76: 53.567708 | CZ76: 3 | DA76: 20 | DB76: 19 | DC76: 6 | DD76: 0 | DE76: 0 | DF76: 9 | DG76: 22 | DH76: 9 | DI76: 8 | DJ76: 1 | DK76: 0 | DL76: 14 | DM76: 18 | DN76: 10 | DO76: 6 | DP76: 0 | DQ76: 1 | DR76: 6 | DS76: 26 | DT76: 16 | DU76: 0 | DV76: 0 | DW76: 0 | DX76: 0 | DY76: 0 | DZ76: 150 | EA76: 0 | EB76: 59.493333 | EC76: 49.973333 | ED76: 46.593333 | EE76: 53.5 | EF76: 156.06 | EG76: 52.02 | EH76: 52.012778 | EI76: 16 | EJ76: 55 | EK76: 58 | EL76: 21 | EM76: 0 | EN76: 0 | EO76: 41 | EP76: 58 | EQ76: 26 | ER76: 25 | ES76: 1 | ET76: 4 | EU76: 49 | EV76: 60 | EW76: 22 | EX76: 19 | EY76: 0 | EZ76: 2 | FA76: 6 | FB76: 26 | FC76: 16 | FD76: 0 | FE76: 0 | FF76: 0 | FG76: 0 | FH76: 0 | FI76: 46 | FJ76: 39 | FK76: 48 | FL76: 7 | FM76: 8 | FN76: 9 | FO76: 23 | FP76: 15 | FQ76: 23 | FR76: Nəsimi | FS76: 313 | FT76: 134 | FU76: 313
BK77: 662937603 | BL77: 240 nömrəli tam orta məktəb | BM77: 240 | BN77: tam orta məktəb | BO77: Azərbaycan, rus | BP77: 119 | BQ77: 0 | BR77: 65.142857 | BS77: 56.033613 | BT77: 54.428571 | BU77: 175.60504 | BV77: 58.535014 | BW77: 9 | BX77: 38 | BY77: 49 | BZ77: 23 | CA77: 0 | CB77: 0 | CC77: 21 | CD77: 48 | CE77: 22 | CF77: 28 | CG77: 0 | CH77: 5 | CI77: 30 | CJ77: 40 | CK77: 26 | CL77: 23 | CM77: 0 | CN77: 4 | CO77: 0 | CP77: 0 | CQ77: 15 | CR77: 0 | CS77: 68.8 | CT77: 56.266667 | CU77: 65.266667 | CV77: 64.333333 | CW77: 190.33333 | CX77: 63.444444 | CY77: 63.666667 | CZ77: 0 | DA77: 5 | DB77: 7 | DC77: 3 | DD77: 0 | DE77: 0 | DF77: 2 | DG77: 6 | DH77: 3 | DI77: 4 | DJ77: 1 | DK77: 0 | DL77: 1 | DM77: 5 | DN77: 6 | DO77: 3 | DP77: 0 | DQ77: 0 | DR77: 1 | DS77: 6 | DT77: 6 | DU77: 2 | DV77: 0 | DW77: 0 | DX77: 0 | DY77: 0 | DZ77: 134 | EA77: 0 | EB77: 65.552239 | EC77: 56.059701 | ED77: 55.641791 | EE77: 64.333333 | EF77: 177.25373 | EG77: 59.084577 | EH77: 59.109453 | EI77: 9 | EJ77: 43 | EK77: 56 | EL77: 26 | EM77: 0 | EN77: 0 | EO77: 23 | EP77: 54 | EQ77: 25 | ER77: 32 | ES77: 1 | ET77: 5 | EU77: 31 | EV77: 45 | EW77: 32 | EX77: 26 | EY77: 0 | EZ77: 4 | FA77: 1 | FB77: 6 | FC77: 6 | FD77: 2 | FE77: 0 | FF77: 0 | FG77: 0 | FH77: 0 | FI77: 12 | FJ77: 6 | FK77: 12 | FL77: 2 | FM77: 3 | FN77: 3 | FO77: 23 | FP77: 15 | FQ77: 23 | FR77: Nəsimi | FS77: 313 | FT77: 134 | FU77: 313
BK78: 687416034 | BL78: 247 nomrəli tam orta məktəb | BM78: 247 | BN78: tam orta məktəb | BO78: Azərbaycan, rus | BP78: 40 | BQ78: 0 | BR78: 58.15 | BS78: 35.8 | BT78: 38.675 | BU78: 132.625 | BV78: 44.208333 | BW78: 4 | BX78: 16 | BY78: 17 | BZ78: 3 | CA78: 0 | CB78: 0 | CC78: 20 | CD78: 16 | CE78: 2 | CF78: 2 | CG78: 0 | CH78: 0 | CI78: 17 | CJ78: 16 | CK78: 5 | CL78: 2 | CM78: 0 | CN78: 0 | CO78: 0 | CP78: 0 | CQ78: 17 | CR78: 0 | CS78: 59.705882 | CT78: 48 | CU78: 46.117647 | CV78: 55.647059 | CW78: 153.82353 | CX78: 51.27451 | CY78: 52.367647 | CZ78: 3 | DA78: 6 | DB78: 4 | DC78: 4 | DD78: 0 | DE78: 0 | DF78: 6 | DG78: 8 | DH78: 0 | DI78: 3 | DJ78: 0 | DK78: 0 | DL78: 9 | DM78: 1 | DN78: 4 | DO78: 3 | DP78: 0 | DQ78: 0 | DR78: 3 | DS78: 6 | DT78: 4 | DU78: 4 | DV78: 0 | DW78: 0 | DX78: 0 | DY78: 0 | DZ78: 57 | EA78: 0 | EB78: 58.614035 | EC78: 39.438596 | ED78: 40.894737 | EE78: 55.647059 | EF78: 138.94737 | EG78: 46.315789 | EH78: 46.641813 | EI78: 7 | EJ78: 22 | EK78: 21 | EL78: 7 | EM78: 0 | EN78: 0 | EO78: 26 | EP78: 24 | EQ78: 2 | ER78: 5 | ES78: 0 | ET78: 0 | EU78: 26 | EV78: 17 | EW78: 9 | EX78: 5 | EY78: 0 | EZ78: 0 | FA78: 3 | FB78: 6 | FC78: 4 | FD78: 4 | FE78: 0 | FF78: 0 | FG78: 0 | FH78: 0 | FI78: 129 | FJ78: 58 | FK78: 117 | FL78: 14 | FM78: 13 | FN78: 17 | FO78: 23 | FP78: 15 | FQ78: 23 | FR78: Nəsimi | FS78: 313 | FT78: 134 | FU78: 313
BK79: 119723300 | BL79: 266 nömrəli tam orta məktəb | BM79: 266 | BN79: tam orta məktəb | BO79: Azərbaycan | BP79: 59 | BQ79: 0 | BR79: 53.711864 | BS79: 46.237288 | BT79: 41.881356 | BU79: 141.83051 | BV79: 47.276836 | BW79: 11 | BX79: 25 | BY79: 20 | BZ79: 3 | CA79: 0 | CB79: 0 | CC79: 20 | CD79: 22 | CE79: 12 | CF79: 5 | CG79: 0 | CH79: 0 | CI79: 28 | CJ79: 17 | CK79: 6 | CL79: 8 | CM79: 0 | CN79: 1 | CO79: 0 | CP79: 0 | CQ79: 0 | CR79: 0 | CZ79: 0 | DA79: 0 | DB79: 0 | DC79: 0 | DD79: 0 | DE79: 0 | DF79: 0 | DG79: 0 | DH79: 0 | DI79: 0 | DJ79: 0 | DK79: 0 | DL79: 0 | DM79: 0 | DN79: 0 | DO79: 0 | DP79: 0 | DQ79: 0 | DR79: 0 | DS79: 0 | DT79: 0 | DU79: 0 | DV79: 0 | DW79: 0 | DX79: 0 | DY79: 0 | DZ79: 59 | EA79: 0 | EB79: 53.711864 | EC79: 46.237288 | ED79: 41.881356 | EF79: 141.83051 | EG79: 47.276836 | EH79: 47.276836 | EI79: 11 | EJ79: 25 | EK79: 20 | EL79: 3 | EM79: 0 | EN79: 0 | EO79: 20 | EP79: 22 | EQ79: 12 | ER79: 5 | ES79: 0 | ET79: 0 | EU79: 28 | EV79: 17 | EW79: 6 | EX79: 8 | EY79: 0 | EZ79: 1 | FA79: 0 | FB79: 0 | FC79: 0 | FD79: 0 | FE79: 0 | FF79: 0 | FG79: 0 | FH79: 0 | FI79: 90 | FK79: 103 | FL79: 13 | FN79: 15 | FO79: 23 | FP79: 15 | FQ79: 23 | FR79: Nəsimi | FS79: 313 | FT79: 134 | FU79: 313
BK80: 814401406 | BL80: 268 nömrəli xüsusi təhsil məktəbi-əqli məhdudiyyətli uşaqlar üçün | BM80: 268 | BN80: XTM | BO80: Azərbaycan, rus | BP80: 0 | BQ80: 0 | BW80: 0 | BX80: 0 | BY80: 0 | BZ80: 0 | CA80: 0 | CB80: 0 | CC80: 0 | CD80: 0 | CE80: 0 | CF80: 0 | CG80: 0 | CH80: 0 | CI80: 0 | CJ80: 0 | CK80: 0 | CL80: 0 | CM80: 0 | CN80: 0 | CO80: 0 | CP80: 0 | CQ80: 0 | CR80: 0 | CZ80: 0 | DA80: 0 | DB80: 0 | DC80: 0 | DD80: 0 | DE80: 0 | DF80: 0 | DG80: 0 | DH80: 0 | DI80: 0 | DJ80: 0 | DK80: 0 | DL80: 0 | DM80: 0 | DN80: 0 | DO80: 0 | DP80: 0 | DQ80: 0 | DR80: 0 | DS80: 0 | DT80: 0 | DU80: 0 | DV80: 0 | DW80: 0 | DX80: 0 | DY80: 0 | DZ80: 0 | EA80: 0 | EI80: 0 | EJ80: 0 | EK80: 0 | EL80: 0 | EM80: 0 | EN80: 0 | EO80: 0 | EP80: 0 | EQ80: 0 | ER80: 0 | ES80: 0 | ET80: 0 | EU80: 0 | EV80: 0 | EW80: 0 | EX80: 0 | EY80: 0 | EZ80: 0 | FA80: 0 | FB80: 0 | FC80: 0 | FD80: 0 | FE80: 0 | FF80: 0 | FG80: 0 | FH80: 0 | FO80: 23 | FP80: 15 | FQ80: 23 | FR80: Nəsimi | FS80: 313 | FT80: 134 | FU80: 313
BK81: 920972354 | BL81: Texniki-Humanitar Lisey | BM81: THL | BN81: THL | BO81: Azərbaycan, rus | BP81: 102 | BQ81: 0 | BR81: 75.578431 | BS81: 74 | BT81: 67.480392 | BU81: 217.05882 | BV81: 72.352941 | BW81: 0 | BX81: 16 | BY81: 43 | BZ81: 43 | CA81: 0 | CB81: 2 | CC81: 5 | CD81: 23 | CE81: 22 | CF81: 52 | CG81: 0 | CH81: 12 | CI81: 7 | CJ81: 30 | CK81: 29 | CL81: 36 | CM81: 0 | CN81: 2 | CO81: 0 | CP81: 2 | CQ81: 38 | CR81: 0 | CS81: 78.684211 | CT81: 76.105263 | CU81: 77.578947 | CV81: 71 | CW81: 232.36842 | CX81: 77.45614 | CY81: 75.842105 | CZ81: 0 | DA81: 1 | DB81: 21 | DC81: 16 | DD81: 0 | DE81: 1 | DF81: 2 | DG81: 6 | DH81: 8 | DI81: 22 | DJ81: 0 | DK81: 3 | DL81: 2 | DM81: 6 | DN81: 9 | DO81: 21 | DP81: 0 | DQ81: 2 | DR81: 2 | DS81: 8 | DT81: 14 | DU81: 14 | DV81: 0 | DW81: 1 | DX81: 0 | DY81: 0 | DZ81: 140 | EA81: 0 | EB81: 76.421429 | EC81: 74.571429 | ED81: 70.221429 | EE81: 71 | EF81: 221.21429 | EG81: 73.738095 | EH81: 73.3 | EI81: 0 | EJ81: 17 | EK81: 64 | EL81: 59 | EM81: 0 | EN81: 3 | EO81: 7 | EP81: 29 | EQ81: 30 | ER81: 74 | ES81: 0 | ET81: 15 | EU81: 9 | EV81: 36 | EW81: 38 | EX81: 57 | EY81: 0 | EZ81: 4 | FA81: 2 | FB81: 8 | FC81: 14 | FD81: 14 | FE81: 0 | FF81: 1 | FG81: 0 | FH81: 2 | FI81: 3 | FJ81: 1 | FK81: 3 | FL81: 1 | FM81: 1 | FN81: 1 | FO81: 23 | FP81: 15 | FQ81: 23 | FR81: Nəsimi | FS81: 313 | FT81: 134 | FU81: 313
BK82: 222994854 | BL82: Bakı şəhəri 2 saylı xüsusi axşam tam orta məktəb (1 saylı CÇM) | BM82: 2 | BN82: XƏQTOM | BO82: Azərbaycan, rus | BP82: 10 | BQ82: 0 | BR82: 30.3 | BS82: 49.2 | BT82: 10.3 | BU82: 89.8 | BV82: 29.933333 | BW82: 6 | BX82: 4 | BY82: 0 | BZ82: 0 | CA82: 0 | CB82: 0 | CC82: 0 | CD82: 10 | CE82: 0 | CF82: 0 | CG82: 0 | CH82: 0 | CI82: 8 | CJ82: 2 | CK82: 0 | CL82: 0 | CM82: 6 | CN82: 0 | CO82: 0 | CP82: 0 | CQ82: 6 | CR82: 0 | CS82: 24 | CT82: 30 | CV82: 36.5 | CW82: 54 | CX82: 27 | CY82: 30.166667 | CZ82: 5 | DA82: 1 | DB82: 0 | DC82: 0 | DD82: 0 | DE82: 0 | DF82: 2 | DG82: 4 | DH82: 0 | DI82: 0 | DJ82: 1 | DK82: 0 | DL82: 0 | DM82: 0 | DN82: 0 | DO82: 0 | DP82: 0 | DQ82: 0 | DR82: 1 | DS82: 5 | DT82: 0 | DU82: 0 | DV82: 0 | DW82: 0 | DX82: 0 | DY82: 0 | DZ82: 16 | EA82: 0 | EB82: 27.9375 | EC82: 42 | ED82: 10.3 | EE82: 36.5 | EF82: 76.375 | EG82: 28.833333 | EH82: 30.020833 | EI82: 11 | EJ82: 5 | EK82: 0 | EL82: 0 | EM82: 0 | EN82: 0 | EO82: 2 | EP82: 14 | EQ82: 0 | ER82: 0 | ES82: 1 | ET82: 0 | EU82: 8 | EV82: 2 | EW82: 0 | EX82: 0 | EY82: 6 | EZ82: 0 | FA82: 1 | FB82: 5 | FC82: 0 | FD82: 0 | FE82: 0 | FF82: 0 | FG82: 0 | FH82: 0 | FI82: 294 | FJ82: 133 | FK82: 305 | FL82: 23 | FM82: 13 | FN82: 24 | FO82: 26 | FP82: 13 | FQ82: 26 | FR82: Nizami | FS82: 313 | FT82: 134 | FU82: 313
BK83: 521241153 | BL83: 3 nömrəli xüsusi təhsil məktəbi-əqli məhdudiyyətli uşaqlar üçün | BM83: 3 | BN83: XTM | BO83: Azərbaycan, rus | BP83: 47 | BQ83: 0 | BR83: 10.382979 | BS83: 13.531915 | BT83: 11.765957 | BU83: 35.680851 | BV83: 11.893617 | BW83: 45 | BX83: 2 | BY83: 0 | BZ83: 0 | CA83: 10 | CB83: 0 | CC83: 42 | CD83: 0 | CE83: 3 | CF83: 2 | CG83: 18 | CH83: 0 | CI83: 40 | CJ83: 7 | CK83: 0 | CL83: 0 | CM83: 15 | CN83: 0 | CO83: 4 | CP83: 0 | CQ83: 6 | CR83: 0 | CS83: 6.6666667 | CT83: 12 | CV83: 26.166667 | CW83: 18.666667 | CX83: 9.3333333 | CY83: 14.944444 | CZ83: 6 | DA83: 0 | DB83: 0 | DC83: 0 | DD83: 1 | DE83: 0 | DF83: 5 | DG83: 1 | DH83: 0 | DI83: 0 | DJ83: 1 | DK83: 0 | DL83: 0 | DM83: 0 | DN83: 0 | DO83: 0 | DP83: 0 | DQ83: 0 | DR83: 5 | DS83: 1 | DT83: 0 | DU83: 0 | DV83: 0 | DW83: 0 | DX83: 0 | DY83: 0 | DZ83: 53 | EA83: 0 | EB83: 9.9622642 | EC83: 13.358491 | ED83: 11.765957 | EE83: 26.166667 | EF83: 33.754717 | EG83: 11.603774 | EH83: 12.238994 | EI83: 51 | EJ83: 2 | EK83: 0 | EL83: 0 | EM83: 11 | EN83: 0 | EO83: 47 | EP83: 1 | EQ83: 3 | ER83: 2 | ES83: 19 | ET83: 0 | EU83: 40 | EV83: 7 | EW83: 0 | EX83: 0 | EY83: 15 | EZ83: 0 | FA83: 5 | FB83: 1 | FC83: 0 | FD83: 0 | FE83: 0 | FF83: 0 | FG83: 4 | FH83: 0 | FI83: 313 | FJ83: 134 | FK83: 314 | FL83: 25 | FM83: 14 | FN83: 25 | FO83: 26 | FP83: 13 | FQ83: 26 | FR83: Nizami | FS83: 313 | FT83: 134 | FU83: 313
BL84: Uşaq-Gənclər İnkişaf Mərkəzi | BM84: 8 | BN84: UGİM | BO84: Azərbaycan, rus | BP84: 0 | BQ84: 0 | BW84: 0 | BX84: 0 | BY84: 0 | BZ84: 0 | CA84: 0 | CB84: 0 | CC84: 0 | CD84: 0 | CE84: 0 | CF84: 0 | CG84: 0 | CH84: 0 | CI84: 0 | CJ84: 0 | CK84: 0 | CL84: 0 | CM84: 0 | CN84: 0 | CO84: 0 | CP84: 0 | CQ84: 0 | CR84: 0 | CZ84: 0 | DA84: 0 | DB84: 0 | DC84: 0 | DD84: 0 | DE84: 0 | DF84: 0 | DG84: 0 | DH84: 0 | DI84: 0 | DJ84: 0 | DK84: 0 | DL84: 0 | DM84: 0 | DN84: 0 | DO84: 0 | DP84: 0 | DQ84: 0 | DR84: 0 | DS84: 0 | DT84: 0 | DU84: 0 | DV84: 0 | DW84: 0 | DX84: 0 | DY84: 0 | DZ84: 0 | EA84: 0 | EI84: 0 | EJ84: 0 | EK84: 0 | EL84: 0 | EM84: 0 | EN84: 0 | EO84: 0 | EP84: 0 | EQ84: 0 | ER84: 0 | ES84: 0 | ET84: 0 | EU84: 0 | EV84: 0 | EW84: 0 | EX84: 0 | EY84: 0 | EZ84: 0 | FA84: 0 | FB84: 0 | FC84: 0 | FD84: 0 | FE84: 0 | FF84: 0 | FG84: 0 | FH84: 0 | FO84: 26 | FP84: 13 | FQ84: 26 | FR84: Nizami | FS84: 313 | FT84: 134 | FU84: 313
BK85: 950613140 | BL85: 10 nömrəli tam orta məktəb | BM85: 10 | BN85: tam orta məktəb | BO85: Azərbaycan, rus | BP85: 50 | BQ85: 0 | BR85: 54.96 | BS85: 43.04 | BT85: 42.38 | BU85: 140.38 | BV85: 46.793333 | BW85: 12 | BX85: 15 | BY85: 17 | BZ85: 6 | CA85: 0 | CB85: 0 | CC85: 21 | CD85: 16 | CE85: 8 | CF85: 5 | CG85: 1 | CH85: 1 | CI85: 21 | CJ85: 19 | CK85: 6 | CL85: 4 | CM85: 0 | CN85: 0 | CO85: 0 | CP85: 0 | CQ85: 53 | CR85: 0 | CS85: 54.037736 | CT85: 40.45283 | CU85: 52.830189 | CV85: 52.792453 | CW85: 147.32075 | CX85: 49.106918 | CY85: 50.028302 | CZ85: 9 | DA85: 26 | DB85: 11 | DC85: 7 | DD85: 0 | DE85: 0 | DF85: 21 | DG85: 22 | DH85: 4 | DI85: 6 | DJ85: 0 | DK85: 0 | DL85: 15 | DM85: 19 | DN85: 8 | DO85: 11 | DP85: 0 | DQ85: 3 | DR85: 9 | DS85: 25 | DT85: 16 | DU85: 3 | DV85: 0 | DW85: 0 | DX85: 0 | DY85: 0 | DZ85: 103 | EA85: 0 | EB85: 54.485437 | EC85: 41.708738 | ED85: 47.757282 | EE85: 52.792453 | EF85: 143.95146 | EG85: 47.983819 | EH85: 48.457929 | EI85: 21 | EJ85: 41 | EK85: 28 | EL85: 13 | EM85: 0 | EN85: 0 | EO85: 42 | EP85: 38 | EQ85: 12 | ER85: 11 | ES85: 1 | ET85: 1 | EU85: 36 | EV85: 38 | EW85: 14 | EX85: 15 | EY85: 0 | EZ85: 3 | FA85: 9 | FB85: 25 | FC85: 16 | FD85: 3 | FE85: 0 | FF85: 0 | FG85: 0 | FH85: 0 | FI85: 96 | FJ85: 77 | FK85: 90 | FL85: 16 | FM85: 6 | FN85: 16 | FO85: 26 | FP85: 13 | FQ85: 26 | FR85: Nizami | FS85: 313 | FT85: 134 | FU85: 313
BK86: 694329559 | BL86: 12 nömrəli tam orta məktəb | BM86: 12 | BN86: tam orta məktəb | BO86: Azərbaycan | BP86: 125 | BQ86: 0 | BR86: 56.816 | BS86: 48.192 | BT86: 42.296 | BU86: 147.304 | BV86: 49.101333 | BW86: 23 | BX86: 42 | BY86: 43 | BZ86: 17 | CA86: 0 | CB86: 0 | CC86: 45 | CD86: 38 | CE86: 24 | CF86: 18 | CG86: 0 | CH86: 1 | CI86: 62 | CJ86: 29 | CK86: 25 | CL86: 9 | CM86: 0 | CN86: 0 | CO86: 0 | CP86: 0 | CQ86: 0 | CR86: 0 | CZ86: 0 | DA86: 0 | DB86: 0 | DC86: 0 | DD86: 0 | DE86: 0 | DF86: 0 | DG86: 0 | DH86: 0 | DI86: 0 | DJ86: 0 | DK86: 0 | DL86: 0 | DM86: 0 | DN86: 0 | DO86: 0 | DP86: 0 | DQ86: 0 | DR86: 0 | DS86: 0 | DT86: 0 | DU86: 0 | DV86: 0 | DW86: 0 | DX86: 0 | DY86: 0 | DZ86: 125 | EA86: 0 | EB86: 56.816 | EC86: 48.192 | ED86: 42.296 | EF86: 147.304 | EG86: 49.101333 | EH86: 49.101333 | EI86: 23 | EJ86: 42 | EK86: 43 | EL86: 17 | EM86: 0 | EN86: 0 | EO86: 45 | EP86: 38 | EQ86: 24 | ER86: 18 | ES86: 0 | ET86: 1 | EU86: 62 | EV86: 29 | EW86: 25 | EX86: 9 | EY86: 0 | EZ86: 0 | FA86: 0 | FB86: 0 | FC86: 0 | FD86: 0 | FE86: 0 | FF86: 0 | FG86: 0 | FH86: 0 | FI86: 63 | FK86: 69 | FL86: 11 | FN86: 12 | FO86: 26 | FP86: 13 | FQ86: 26 | FR86: Nizami | FS86: 313 | FT86: 134 | FU86: 313
BK87: 818931898 | BL87: 32 nömrəli tam orta məktəb | BM87: 32 | BN87: tam orta məktəb | BO87: Azərbaycan, rus | BP87: 79 | BQ87: 0 | BR87: 62.708861 | BS87: 58.987342 | BT87: 50.860759 | BU87: 172.55696 | BV87: 57.518987 | BW87: 8 | BX87: 25 | BY87: 25 | BZ87: 21 | CA87: 0 | CB87: 3 | CC87: 16 | CD87: 24 | CE87: 17 | CF87: 22 | CG87: 0 | CH87: 6 | CI87: 25 | CJ87: 25 | CK87: 13 | CL87: 16 | CM87: 1 | CN87: 2 | CO87: 0 | CP87: 2 | CQ87: 32 | CR87: 0 | CS87: 54.625 | CT87: 36.5 | CU87: 52.46875 | CV87: 53.78125 | CW87: 143.59375 | CX87: 47.864583 | CY87: 49.34375 | CZ87: 5 | DA87: 15 | DB87: 9 | DC87: 3 | DD87: 0 | DE87: 0 | DF87: 16 | DG87: 10 | DH87: 2 | DI87: 4 | DJ87: 0 | DK87: 0 | DL87: 8 | DM87: 11 | DN87: 7 | DO87: 6 | DP87: 0 | DQ87: 1 | DR87: 4 | DS87: 16 | DT87: 10 | DU87: 2 | DV87: 0 | DW87: 0 | DX87: 0 | DY87: 0 | DZ87: 111 | EA87: 0 | EB87: 60.378378 | EC87: 52.504505 | ED87: 51.324324 | EE87: 53.78125 | EF87: 164.20721 | EG87: 54.735736 | EH87: 55.162162 | EI87: 13 | EJ87: 40 | EK87: 34 | EL87: 24 | EM87: 0 | EN87: 3 | EO87: 32 | EP87: 34 | EQ87: 19 | ER87: 26 | ES87: 0 | ET87: 6 | EU87: 33 | EV87: 36 | EW87: 20 | EX87: 22 | EY87: 1 | EZ87: 3 | FA87: 4 | FB87: 16 | FC87: 10 | FD87: 2 | FE87: 0 | FF87: 0 | FG87: 0 | FH87: 2 | FI87: 14 | FJ87: 89 | FK87: 31 | FL87: 3 | FM87: 8 | FN87: 6 | FO87: 26 | FP87: 13 | FQ87: 26 | FR87: Nizami | FS87: 313 | FT87: 134 | FU87: 313
BK88: 964417898 | BL88: 61 nömrəli tam orta məktəb | BM88: 61 | BN88: tam orta məktəb | BO88: Azərbaycan, rus | BP88: 70 | BQ88: 1 | BR88: 54.42029 | BS88: 44.753623 | BT88: 41.985507 | BU88: 141.15942 | BV88: 47.05314 | BW88: 11 | BX88: 30 | BY88: 21 | BZ88: 7 | CA88: 0 | CB88: 0 | CC88: 24 | CD88: 27 | CE88: 10 | CF88: 8 | CG88: 0 | CH88: 3 | CI88: 34 | CJ88: 15 | CK88: 14 | CL88: 6 | CM88: 0 | CN88: 1 | CO88: 0 | CP88: 0 | CQ88: 39 | CR88: 1 | CS88: 55.842105 | CT88: 44.736842 | CU88: 50.078947 | CV88: 49.263158 | CW88: 150.65789 | CX88: 50.219298 | CY88: 49.980263 | CZ88: 4 | DA88: 21 | DB88: 7 | DC88: 6 | DD88: 0 | DE88: 0 | DF88: 12 | DG88: 15 | DH88: 7 | DI88: 4 | DJ88: 0 | DK88: 1 | DL88: 14 | DM88: 11 | DN88: 5 | DO88: 8 | DP88: 0 | DQ88: 2 | DR88: 6 | DS88: 19 | DT88: 11 | DU88: 2 | DV88: 1 | DW88: 0 | DX88: 0 | DY88: 0 | DZ88: 109 | EA88: 2 | EB88: 54.925234 | EC88: 44.747664 | ED88: 44.859813 | EE88: 49.263158 | EF88: 144.53271 | EG88: 48.17757 | EH88: 48.092679 | EI88: 15 | EJ88: 51 | EK88: 28 | EL88: 13 | EM88: 0 | EN88: 0 | EO88: 36 | EP88: 42 | EQ88: 17 | ER88: 12 | ES88: 0 | ET88: 4 | EU88: 48 | EV88: 26 | EW88: 19 | EX88: 14 | EY88: 0 | EZ88: 3 | FA88: 6 | FB88: 19 | FC88: 11 | FD88: 2 | FE88: 1 | FF88: 0 | FG88: 0 | FH88: 0 | FI88: 93 | FJ88: 64 | FK88: 86 | FL88: 15 | FM88: 4 | FN88: 15 | FO88: 26 | FP88: 13 | FQ88: 26 | FR88: Nizami | FS88: 313 | FT88: 134 | FU88: 313
BK89: 125219641 | BL89: 62 nömrəli məktəb-lisey | BM89: 62 | BN89: məktəb-lisey | BO89: Azərbaycan | BP89: 111 | BQ89: 0 | BR89: 71.486486 | BS89: 64.504505 | BT89: 60.585586 | BU89: 196.57658 | BV89: 65.525526 | BW89: 2 | BX89: 30 | BY89: 46 | BZ89: 33 | CA89: 0 | CB89: 4 | CC89: 10 | CD89: 39 | CE89: 32 | CF89: 30 | CG89: 0 | CH89: 12 | CI89: 19 | CJ89: 32 | CK89: 31 | CL89: 29 | CM89: 0 | CN89: 0 | CO89: 0 | CP89: 0 | CQ89: 0 | CR89: 0 | CZ89: 0 | DA89: 0 | DB89: 0 | DC89: 0 | DD89: 0 | DE89: 0 | DF89: 0 | DG89: 0 | DH89: 0 | DI89: 0 | DJ89: 0 | DK89: 0 | DL89: 0 | DM89: 0 | DN89: 0 | DO89: 0 | DP89: 0 | DQ89: 0 | DR89: 0 | DS89: 0 | DT89: 0 | DU89: 0 | DV89: 0 | DW89: 0 | DX89: 0 | DY89: 0 | DZ89: 111 | EA89: 0 | EB89: 71.486486 | EC89: 64.504505 | ED89: 60.585586 | EF89: 196.57658 | EG89: 65.525526 | EH89: 65.525526 | EI89: 2 | EJ89: 30 | EK89: 46 | EL89: 33 | EM89: 0 | EN89: 4 | EO89: 10 | EP89: 39 | EQ89: 32 | ER89: 30 | ES89: 0 | ET89: 12 | EU89: 19 | EV89: 32 | EW89: 31 | EX89: 29 | EY89: 0 | EZ89: 0 | FA89: 0 | FB89: 0 | FC89: 0 | FD89: 0 | FE89: 0 | FF89: 0 | FG89: 0 | FH89: 0 | FI89: 7 | FK89: 6 | FL89: 1 | FN89: 1 | FO89: 26 | FP89: 13 | FQ89: 26 | FR89: Nizami | FS89: 313 | FT89: 134 | FU89: 313
BK90: 530509102 | BL90: 70 nömrəli məktəb-lisey | BM90: 70 | BN90: məktəb-lisey | BO90: Azərbaycan | BP90: 177 | BQ90: 0 | BR90: 62.757062 | BS90: 55.502825 | BT90: 50.056497 | BU90: 168.31638 | BV90: 56.105461 | BW90: 16 | BX90: 65 | BY90: 52 | BZ90: 44 | CA90: 0 | CB90: 1 | CC90: 44 | CD90: 51 | CE90: 46 | CF90: 36 | CG90: 1 | CH90: 8 | CI90: 53 | CJ90: 65 | CK90: 38 | CL90: 21 | CM90: 0 | CN90: 1 | CO90: 0 | CP90: 0 | CQ90: 0 | CR90: 0 | CZ90: 0 | DA90: 0 | DB90: 0 | DC90: 0 | DD90: 0 | DE90: 0 | DF90: 0 | DG90: 0 | DH90: 0 | DI90: 0 | DJ90: 0 | DK90: 0 | DL90: 0 | DM90: 0 | DN90: 0 | DO90: 0 | DP90: 0 | DQ90: 0 | DR90: 0 | DS90: 0 | DT90: 0 | DU90: 0 | DV90: 0 | DW90: 0 | DX90: 0 | DY90: 0 | DZ90: 177 | EA90: 0 | EB90: 62.757062 | EC90: 55.502825 | ED90: 50.056497 | EF90: 168.31638 | EG90: 56.105461 | EH90: 56.105461 | EI90: 16 | EJ90: 65 | EK90: 52 | EL90: 44 | EM90: 0 | EN90: 1 | EO90: 44 | EP90: 51 | EQ90: 46 | ER90: 36 | ES90: 1 | ET90: 8 | EU90: 53 | EV90: 65 | EW90: 38 | EX90: 21 | EY90: 0 | EZ90: 1 | FA90: 0 | FB90: 0 | FC90: 0 | FD90: 0 | FE90: 0 | FF90: 0 | FG90: 0 | FH90: 0 | FI90: 24 | FK90: 24 | FL90: 6 | FN90: 5 | FO90: 26 | FP90: 13 | FQ90: 26 | FR90: Nizami | FS90: 313 | FT90: 134 | FU90: 313
BK91: 770351652 | BL91: 109 nömrəli tam orta məktəb | BM91: 109 | BN91: tam orta məktəb | BO91: Azərbaycan | BP91: 63 | BQ91: 0 | BR91: 58.349206 | BS91: 44.571429 | BT91: 42.412698 | BU91: 145.33333 | BV91: 48.444444 | BW91: 9 | BX91: 24 | BY91: 17 | BZ91: 13 | CA91: 1 | CB91: 0 | CC91: 27 | CD91: 18 | CE91: 9 | CF91: 9 | CG91: 1 | CH91: 3 | CI91: 31 | CJ91: 12 | CK91: 14 | CL91: 6 | CM91: 1 | CN91: 0 | CO91: 1 | CP91: 0 | CQ91: 0 | CR91: 0 | CZ91: 0 | DA91: 0 | DB91: 0 | DC91: 0 | DD91: 0 | DE91: 0 | DF91: 0 | DG91: 0 | DH91: 0 | DI91: 0 | DJ91: 0 | DK91: 0 | DL91: 0 | DM91: 0 | DN91: 0 | DO91: 0 | DP91: 0 | DQ91: 0 | DR91: 0 | DS91: 0 | DT91: 0 | DU91: 0 | DV91: 0 | DW91: 0 | DX91: 0 | DY91: 0 | DZ91: 63 | EA91: 0 | EB91: 58.349206 | EC91: 44.571429 | ED91: 42.412698 | EF91: 145.33333 | EG91: 48.444444 | EH91: 48.444444 | EI91: 9 | EJ91: 24 | EK91: 17 | EL91: 13 | EM91: 1 | EN91: 0 | EO91: 27 | EP91: 18 | EQ91: 9 | ER91: 9 | ES91: 1 | ET91: 3 | EU91: 31 | EV91: 12 | EW91: 14 | EX91: 6 | EY91: 1 | EZ91: 0 | FA91: 0 | FB91: 0 | FC91: 0 | FD91: 0 | FE91: 0 | FF91: 0 | FG91: 1 | FH91: 0 | FI91: 71 | FK91: 81 | FL91: 14 | FN91: 14 | FO91: 26 | FP91: 13 | FQ91: 26 | FR91: Nizami | FS91: 313 | FT91: 134 | FU91: 313
BK92: 553750720 | BL92: 129 nömrəli tam orta məktəb | BM92: 129 | BN92: tam orta məktəb | BO92: Azərbaycan | BP92: 92 | BQ92: 0 | BR92: 66.858696 | BS92: 53.565217 | BT92: 47.956522 | BU92: 168.38043 | BV92: 56.126812 | BW92: 9 | BX92: 26 | BY92: 27 | BZ92: 30 | CA92: 1 | CB92: 2 | CC92: 24 | CD92: 28 | CE92: 20 | CF92: 20 | CG92: 0 | CH92: 3 | CI92: 33 | CJ92: 28 | CK92: 20 | CL92: 11 | CM92: 0 | CN92: 1 | CO92: 0 | CP92: 0 | CQ92: 0 | CR92: 0 | CZ92: 0 | DA92: 0 | DB92: 0 | DC92: 0 | DD92: 0 | DE92: 0 | DF92: 0 | DG92: 0 | DH92: 0 | DI92: 0 | DJ92: 0 | DK92: 0 | DL92: 0 | DM92: 0 | DN92: 0 | DO92: 0 | DP92: 0 | DQ92: 0 | DR92: 0 | DS92: 0 | DT92: 0 | DU92: 0 | DV92: 0 | DW92: 0 | DX92: 0 | DY92: 0 | DZ92: 92 | EA92: 0 | EB92: 66.858696 | EC92: 53.565217 | ED92: 47.956522 | EF92: 168.38043 | EG92: 56.126812 | EH92: 56.126812 | EI92: 9 | EJ92: 26 | EK92: 27 | EL92: 30 | EM92: 1 | EN92: 2 | EO92: 24 | EP92: 28 | EQ92: 20 | ER92: 20 | ES92: 0 | ET92: 3 | EU92: 33 | EV92: 28 | EW92: 20 | EX92: 11 | EY92: 0 | EZ92: 1 | FA92: 0 | FB92: 0 | FC92: 0 | FD92: 0 | FE92: 0 | FF92: 0 | FG92: 0 | FH92: 0 | FI92: 23 | FK92: 23 | FL92: 5 | FN92: 4 | FO92: 26 | FP92: 13 | FQ92: 26 | FR92: Nizami | FS92: 313 | FT92: 134 | FU92: 313
BK93: 253371454 | BL93: 145 nömrəli tam orta məktəb | BM93: 145 | BN93: tam orta məktəb | BO93: Azərbaycan, rus | BP93: 25 | BQ93: 0 | BR93: 60.08 | BS93: 58.24 | BT93: 52.72 | BU93: 171.04 | BV93: 57.013333 | BW93: 3 | BX93: 9 | BY93: 8 | BZ93: 5 | CA93: 0 | CB93: 0 | CC93: 7 | CD93: 6 | CE93: 2 | CF93: 10 | CG93: 0 | CH93: 3 | CI93: 8 | CJ93: 9 | CK93: 2 | CL93: 6 | CM93: 0 | CN93: 0 | CO93: 0 | CP93: 0 | CQ93: 163 | CR93: 0 | CS93: 62.128834 | CT93: 54.208589 | CU93: 62.95092 | CV93: 51.711656 | CW93: 179.28834 | CX93: 59.762781 | CY93: 57.75 | CZ93: 11 | DA93: 65 | DB93: 62 | DC93: 25 | DD93: 0 | DE93: 0 | DF93: 32 | DG93: 67 | DH93: 35 | DI93: 29 | DJ93: 0 | DK93: 4 | DL93: 25 | DM93: 39 | DN93: 61 | DO93: 38 | DP93: 0 | DQ93: 7 | DR93: 29 | DS93: 82 | DT93: 40 | DU93: 12 | DV93: 1 | DW93: 1 | DX93: 0 | DY93: 0 | DZ93: 188 | EA93: 0 | EB93: 61.856383 | EC93: 54.744681 | ED93: 61.590426 | EE93: 51.711656 | EF93: 178.19149 | EG93: 59.397163 | EH93: 57.652039 | EI93: 14 | EJ93: 74 | EK93: 70 | EL93: 30 | EM93: 0 | EN93: 0 | EO93: 39 | EP93: 73 | EQ93: 37 | ER93: 39 | ES93: 0 | ET93: 7 | EU93: 33 | EV93: 48 | EW93: 63 | EX93: 44 | EY93: 0 | EZ93: 7 | FA93: 29 | FB93: 82 | FC93: 40 | FD93: 12 | FE93: 1 | FF93: 1 | FG93: 0 | FH93: 0 | FI93: 16 | FJ93: 10 | FK93: 11 | FL93: 4 | FM93: 1 | FN93: 3 | FO93: 26 | FP93: 13 | FQ93: 26 | FR93: Nizami | FS93: 313 | FT93: 134 | FU93: 313
BK94: 144738206 | BL94: 201 nömrəli tam orta məktəb | BM94: 201 | BN94: tam orta məktəb | BO94: Azərbaycan, rus | BP94: 82 | BQ94: 1 | BR94: 44.975309 | BS94: 36.444444 | BT94: 33.950617 | BU94: 115.37037 | BV94: 38.45679 | BW94: 23 | BX94: 36 | BY94: 17 | BZ94: 5 | CA94: 0 | CB94: 0 | CC94: 45 | CD94: 21 | CE94: 10 | CF94: 5 | CG94: 0 | CH94: 1 | CI94: 48 | CJ94: 23 | CK94: 6 | CL94: 4 | CM94: 0 | CN94: 0 | CO94: 0 | CP94: 0 | CQ94: 18 | CR94: 0 | CS94: 42.777778 | CT94: 37.777778 | CU94: 40.388889 | CV94: 45.722222 | CW94: 120.94444 | CX94: 40.314815 | CY94: 41.666667 | CZ94: 7 | DA94: 7 | DB94: 4 | DC94: 0 | DD94: 0 | DE94: 0 | DF94: 7 | DG94: 8 | DH94: 2 | DI94: 1 | DJ94: 0 | DK94: 0 | DL94: 9 | DM94: 5 | DN94: 1 | DO94: 3 | DP94: 0 | DQ94: 0 | DR94: 5 | DS94: 9 | DT94: 4 | DU94: 0 | DV94: 0 | DW94: 0 | DX94: 0 | DY94: 0 | DZ94: 100 | EA94: 1 | EB94: 44.575758 | EC94: 36.686869 | ED94: 35.121212 | EE94: 45.722222 | EF94: 116.38384 | EG94: 38.794613 | EH94: 39.040404 | EI94: 30 | EJ94: 43 | EK94: 21 | EL94: 5 | EM94: 0 | EN94: 0 | EO94: 52 | EP94: 29 | EQ94: 12 | ER94: 6 | ES94: 0 | ET94: 1 | EU94: 57 | EV94: 28 | EW94: 7 | EX94: 7 | EY94: 0 | EZ94: 0 | FA94: 5 | FB94: 9 | FC94: 4 | FD94: 0 | FE94: 0 | FF94: 0 | FG94: 0 | FH94: 0 | FI94: 217 | FJ94: 119 | FK94: 219 | FL94: 21 | FM94: 11 | FN94: 22 | FO94: 26 | FP94: 13 | FQ94: 26 | FR94: Nizami | FS94: 313 | FT94: 134 | FU94: 313
BK95: 578683257 | BL95: 210 nömrəli tam orta məktəb | BM95: 210 | BN95: tam orta məktəb | BO95: Azərbaycan, rus | BP95: 49 | BQ95: 0 | BR95: 57.571429 | BS95: 50.693878 | BT95: 42.897959 | BU95: 151.16327 | BV95: 50.387755 | BW95: 4 | BX95: 26 | BY95: 11 | BZ95: 8 | CA95: 0 | CB95: 1 | CC95: 13 | CD95: 18 | CE95: 8 | CF95: 10 | CG95: 0 | CH95: 2 | CI95: 23 | CJ95: 18 | CK95: 2 | CL95: 6 | CM95: 0 | CN95: 0 | CO95: 0 | CP95: 0 | CQ95: 55 | CR95: 0 | CS95: 54.109091 | CT95: 48.509091 | CU95: 53.127273 | CV95: 54.872727 | CW95: 155.74545 | CX95: 51.915152 | CY95: 52.654545 | CZ95: 9 | DA95: 24 | DB95: 20 | DC95: 2 | DD95: 0 | DE95: 0 | DF95: 14 | DG95: 21 | DH95: 18 | DI95: 2 | DJ95: 0 | DK95: 0 | DL95: 14 | DM95: 17 | DN95: 15 | DO95: 9 | DP95: 0 | DQ95: 1 | DR95: 3 | DS95: 35 | DT95: 12 | DU95: 5 | DV95: 0 | DW95: 0 | DX95: 0 | DY95: 0 | DZ95: 104 | EA95: 0 | EB95: 55.740385 | EC95: 49.538462 | ED95: 48.307692 | EE95: 54.872727 | EF95: 153.58654 | EG95: 51.195513 | EH95: 51.586538 | EI95: 13 | EJ95: 50 | EK95: 31 | EL95: 10 | EM95: 0 | EN95: 1 | EO95: 27 | EP95: 39 | EQ95: 26 | ER95: 12 | ES95: 0 | ET95: 2 | EU95: 37 | EV95: 35 | EW95: 17 | EX95: 15 | EY95: 0 | EZ95: 1 | FA95: 3 | FB95: 35 | FC95: 12 | FD95: 5 | FE95: 0 | FF95: 0 | FG95: 0 | FH95: 0 | FI95: 50 | FJ95: 52 | FK95: 56 | FL95: 10 | FM95: 3 | FN95: 10 | FO95: 26 | FP95: 13 | FQ95: 26 | FR95: Nizami | FS95: 313 | FT95: 134 | FU95: 313
BK96: 239649532 | BL96: 214 nömrəli tam orta məktəb | BM96: 214 | BN96: tam orta məktəb | BO96: Azərbaycan, rus | BP96: 76 | BQ96: 0 | BR96: 57.486842 | BS96: 44.526316 | BT96: 45.157895 | BU96: 147.17105 | BV96: 49.057018 | BW96: 8 | BX96: 30 | BY96: 31 | BZ96: 7 | CA96: 0 | CB96: 1 | CC96: 26 | CD96: 30 | CE96: 15 | CF96: 5 | CG96: 0 | CH96: 1 | CI96: 32 | CJ96: 22 | CK96: 17 | CL96: 5 | CM96: 0 | CN96: 0 | CO96: 0 | CP96: 0 | CQ96: 79 | CR96: 0 | CS96: 56.113924 | CT96: 45.873418 | CU96: 55.316456 | CV96: 48.607595 | CW96: 157.3038 | CX96: 52.434599 | CY96: 51.477848 | CZ96: 9 | DA96: 38 | DB96: 29 | DC96: 3 | DD96: 0 | DE96: 0 | DF96: 20 | DG96: 40 | DH96: 13 | DI96: 6 | DJ96: 1 | DK96: 1 | DL96: 19 | DM96: 24 | DN96: 19 | DO96: 17 | DP96: 0 | DQ96: 1 | DR96: 19 | DS96: 36 | DT96: 20 | DU96: 4 | DV96: 0 | DW96: 0 | DX96: 0 | DY96: 0 | DZ96: 155 | EA96: 0 | EB96: 56.787097 | EC96: 45.212903 | ED96: 50.335484 | EE96: 48.607595 | EF96: 152.33548 | EG96: 50.778495 | EH96: 50.29086 | EI96: 17 | EJ96: 68 | EK96: 60 | EL96: 10 | EM96: 0 | EN96: 1 | EO96: 46 | EP96: 70 | EQ96: 28 | ER96: 11 | ES96: 1 | ET96: 2 | EU96: 51 | EV96: 46 | EW96: 36 | EX96: 22 | EY96: 0 | EZ96: 1 | FA96: 19 | FB96: 36 | FC96: 20 | FD96: 4 | FE96: 0 | FF96: 0 | FG96: 0 | FH96: 0 | FI96: 65 | FJ96: 47 | FK96: 61 | FL96: 12 | FM96: 2 | FN96: 11 | FO96: 26 | FP96: 13 | FQ96: 26 | FR96: Nizami | FS96: 313 | FT96: 134 | FU96: 313
BK97: 977278602 | BL97: 220 nömrəli məktəb-lisey | BM97: 220 | BN97: məktəb-lisey | BO97: Azərbaycan | BP97: 178 | BQ97: 1 | BR97: 67.079096 | BS97: 59.073446 | BT97: 56.011299 | BU97: 182.16384 | BV97: 60.721281 | BW97: 13 | BX97: 52 | BY97: 55 | BZ97: 57 | CA97: 0 | CB97: 1 | CC97: 35 | CD97: 52 | CE97: 39 | CF97: 51 | CG97: 2 | CH97: 14 | CI97: 42 | CJ97: 55 | CK97: 43 | CL97: 37 | CM97: 0 | CN97: 2 | CO97: 0 | CP97: 0 | CQ97: 0 | CR97: 0 | CZ97: 0 | DA97: 0 | DB97: 0 | DC97: 0 | DD97: 0 | DE97: 0 | DF97: 0 | DG97: 0 | DH97: 0 | DI97: 0 | DJ97: 0 | DK97: 0 | DL97: 0 | DM97: 0 | DN97: 0 | DO97: 0 | DP97: 0 | DQ97: 0 | DR97: 0 | DS97: 0 | DT97: 0 | DU97: 0 | DV97: 0 | DW97: 0 | DX97: 0 | DY97: 0 | DZ97: 178 | EA97: 1 | EB97: 67.079096 | EC97: 59.073446 | ED97: 56.011299 | EF97: 182.16384 | EG97: 60.721281 | EH97: 60.721281 | EI97: 13 | EJ97: 52 | EK97: 55 | EL97: 57 | EM97: 0 | EN97: 1 | EO97: 35 | EP97: 52 | EQ97: 39 | ER97: 51 | ES97: 2 | ET97: 14 | EU97: 42 | EV97: 55 | EW97: 43 | EX97: 37 | EY97: 0 | EZ97: 2 | FA97: 0 | FB97: 0 | FC97: 0 | FD97: 0 | FE97: 0 | FF97: 0 | FG97: 0 | FH97: 0 | FI97: 9 | FK97: 9 | FL97: 2 | FN97: 2 | FO97: 26 | FP97: 13 | FQ97: 26 | FR97: Nizami | FS97: 313 | FT97: 134 | FU97: 313
BK98: 950322173 | BL98: 227 nömrəli tam orta məktəb | BM98: 227 | BN98: tam orta məktəb | BO98: Azərbaycan | BP98: 88 | BQ98: 1 | BR98: 56.965517 | BS98: 40.689655 | BT98: 39.551724 | BU98: 137.2069 | BV98: 45.735632 | BW98: 9 | BX98: 41 | BY98: 25 | BZ98: 12 | CA98: 0 | CB98: 0 | CC98: 36 | CD98: 33 | CE98: 10 | CF98: 8 | CG98: 0 | CH98: 1 | CI98: 38 | CJ98: 33 | CK98: 10 | CL98: 6 | CM98: 0 | CN98: 1 | CO98: 0 | CP98: 0 | CQ98: 0 | CR98: 0 | CZ98: 0 | DA98: 0 | DB98: 0 | DC98: 0 | DD98: 0 | DE98: 0 | DF98: 0 | DG98: 0 | DH98: 0 | DI98: 0 | DJ98: 0 | DK98: 0 | DL98: 0 | DM98: 0 | DN98: 0 | DO98: 0 | DP98: 0 | DQ98: 0 | DR98: 0 | DS98: 0 | DT98: 0 | DU98: 0 | DV98: 0 | DW98: 0 | DX98: 0 | DY98: 0 | DZ98: 88 | EA98: 1 | EB98: 56.965517 | EC98: 40.689655 | ED98: 39.551724 | EF98: 137.2069 | EG98: 45.735632 | EH98: 45.735632 | EI98: 9 | EJ98: 41 | EK98: 25 | EL98: 12 | EM98: 0 | EN98: 0 | EO98: 36 | EP98: 33 | EQ98: 10 | ER98: 8 | ES98: 0 | ET98: 1 | EU98: 38 | EV98: 33 | EW98: 10 | EX98: 6 | EY98: 0 | EZ98: 1 | FA98: 0 | FB98: 0 | FC98: 0 | FD98: 0 | FE98: 0 | FF98: 0 | FG98: 0 | FH98: 0 | FI98: 107 | FK98: 121 | FL98: 17 | FN98: 17 | FO98: 26 | FP98: 13 | FQ98: 26 | FR98: Nizami | FS98: 313 | FT98: 134 | FU98: 313
BK99: 172576371 | BL99: 229 nömrəli tam orta məktəb | BM99: 229 | BN99: tam orta məktəb | BO99: Azərbaycan, rus | BP99: 85 | BQ99: 0 | BR99: 60.329412 | BS99: 48.658824 | BT99: 48.364706 | BU99: 157.35294 | BV99: 52.45098 | BW99: 8 | BX99: 35 | BY99: 25 | BZ99: 17 | CA99: 0 | CB99: 2 | CC99: 25 | CD99: 32 | CE99: 15 | CF99: 13 | CG99: 2 | CH99: 3 | CI99: 34 | CJ99: 20 | CK99: 17 | CL99: 14 | CM99: 0 | CN99: 4 | CO99: 0 | CP99: 0 | CQ99: 31 | CR99: 0 | CS99: 54.419355 | CT99: 39.096774 | CU99: 50.967742 | CV99: 57.193548 | CW99: 144.48387 | CX99: 48.16129 | CY99: 50.419355 | CZ99: 3 | DA99: 16 | DB99: 11 | DC99: 1 | DD99: 0 | DE99: 0 | DF99: 14 | DG99: 11 | DH99: 4 | DI99: 2 | DJ99: 0 | DK99: 0 | DL99: 8 | DM99: 13 | DN99: 6 | DO99: 4 | DP99: 0 | DQ99: 2 | DR99: 1 | DS99: 16 | DT99: 12 | DU99: 2 | DV99: 0 | DW99: 0 | DX99: 0 | DY99: 0 | DZ99: 116 | EA99: 0 | EB99: 58.75 | EC99: 46.103448 | ED99: 49.060345 | EE99: 57.193548 | EF99: 153.91379 | EG99: 51.304598 | EH99: 51.908046 | EI99: 11 | EJ99: 51 | EK99: 36 | EL99: 18 | EM99: 0 | EN99: 2 | EO99: 39 | EP99: 43 | EQ99: 19 | ER99: 15 | ES99: 2 | ET99: 3 | EU99: 42 | EV99: 33 | EW99: 23 | EX99: 18 | EY99: 0 | EZ99: 6 | FA99: 1 | FB99: 16 | FC99: 12 | FD99: 2 | FE99: 0 | FF99: 0 | FG99: 0 | FH99: 0 | FI99: 38 | FJ99: 86 | FK99: 54 | FL99: 9 | FM99: 7 | FN99: 9 | FO99: 26 | FP99: 13 | FQ99: 26 | FR99: Nizami | FS99: 313 | FT99: 134 | FU99: 313
BK100: 641789859 | BL100: 238 nömrəli tam orta məktəb | BM100: 238 | BN100: tam orta məktəb | BO100: Azərbaycan | BP100: 128 | BQ100: 1 | BR100: 57.425197 | BS100: 44.535433 | BT100: 44.708661 | BU100: 146.66929 | BV100: 48.889764 | BW100: 18 | BX100: 57 | BY100: 32 | BZ100: 20 | CA100: 0 | CB100: 0 | CC100: 45 | CD100: 48 | CE100: 20 | CF100: 14 | CG100: 2 | CH100: 2 | CI100: 52 | CJ100: 40 | CK100: 19 | CL100: 16 | CM100: 2 | CN100: 0 | CO100: 0 | CP100: 0 | CQ100: 0 | CR100: 0 | CZ100: 0 | DA100: 0 | DB100: 0 | DC100: 0 | DD100: 0 | DE100: 0 | DF100: 0 | DG100: 0 | DH100: 0 | DI100: 0 | DJ100: 0 | DK100: 0 | DL100: 0 | DM100: 0 | DN100: 0 | DO100: 0 | DP100: 0 | DQ100: 0 | DR100: 0 | DS100: 0 | DT100: 0 | DU100: 0 | DV100: 0 | DW100: 0 | DX100: 0 | DY100: 0 | DZ100: 128 | EA100: 1 | EB100: 57.425197 | EC100: 44.535433 | ED100: 44.708661 | EF100: 146.66929 | EG100: 48.889764 | EH100: 48.889764 | EI100: 18 | EJ100: 57 | EK100: 32 | EL100: 20 | EM100: 0 | EN100: 0 | EO100: 45 | EP100: 48 | EQ100: 20 | ER100: 14 | ES100: 2 | ET100: 2 | EU100: 52 | EV100: 40 | EW100: 19 | EX100: 16 | EY100: 2 | EZ100: 0 | FA100: 0 | FB100: 0 | FC100: 0 | FD100: 0 | FE100: 0 | FF100: 0 | FG100: 0 | FH100: 0 | FI100: 67 | FK100: 75 | FL100: 13 | FN100: 13 | FO100: 26 | FP100: 13 | FQ100: 26 | FR100: Nizami | FS100: 313 | FT100: 134 | FU100: 313
...

Sheet Buraxılış 2022
A1: Diqqət! Aşağıdakı qırmızı xanaya təhsil müəssisəsinin UTİS kodunu daxil edin. | B1: Dövlət İmtahan Mərkəzi tərəfindən 2022-ci ildə IX siniflər üzrə keçirilən buraxılış imtahanlarının nəticələri | BP1: Azərbaycan bölməsi | CQ1: Rus bölməsi | DZ1: Ümumi
B2: Bölmələr | C2: Şagird sayı | D2: İştirak etməyən şagird sayı | E2: Tədris dili | F2: Riyaziyyat | G2: Xarici dil | H2: Azərbaycan dili | I2: Orta bal 3 fənn üzrə | J2: Orta faiz 3 fənn üzrə | K2: Orta faiz 4 fənn üzrə | L2: Tədris dili | R2: Riyaziyyat | X2: Xarici dil | AD2: Azərbaycan dili | AJ2: Ümumi 0 bal toplayan şagird sayı | AK2: Ümumi 300 bal toplayan şagird sayı | AL2: BŞTİ üzrə reytinq | AO2: Rayon üzrə reytinq | BP2: Şagird sayı | BQ2: İştirak etməyən şagird sayı | BR2: Tədris dili | BS2: Riyaziyyat | BT2: Xarici dil | BU2: Orta bal 3 fənn üzrə | BV2: Orta faiz 3 fənn üzrə | BW2: Tədris dili | CC2: Riyaziyyat | CI2: Xarici dil | CO2: Ümumi 0 bal toplayan şagird sayı | CP2: Ümumi 300 bal toplayan şagird sayı | CQ2: Şagird sayı | CR2: İştirak etməyən şagird sayı | CS2: Tədris dili | CT2: Riyaziyyat | CU2: Xarici dil | CV2: Azərbaycan dili | CW2: Orta bal 3 fənn üzrə | CX2: Orta faiz 3 fənn üzrə | CY2: Orta faiz 4 fənn üzrə | CZ2: Tədris dili | DF2: Riyaziyyat | DL2: Xarici dil | DR2: Azərbaycan dili | DX2: Ümumi 0 bal toplayan şagird sayı | DY2: Ümumi 300 bal toplayan şagird sayı | DZ2: Şagird sayı | EA2: İştirak etməyən şagird sayı | EB2: Tədris dili | EC2: Riyaziyyat | ED2: Xarici dil | EE2: Azərbaycan dili | EF2: Orta bal 3 fənn üzrə | EG2: Orta faiz 3 fənn üzrə | EH2: Orta faiz 4 fənn üzrə | EI2: Tədris dili | EO2: Riyaziyyat | EU2: Xarici dil | FA2: Azərbaycan dili | FG2: Ümumi 0 bal toplayan şagird sayı | FH2: Ümumi 300 bal toplayan şagird sayı | FI2: BŞTİ üzrə reytinq | FL2: Rayon üzrə reytinq
L3: [0-30] | M3: (30-60] | N3: (60-80] | O3: (80-100] | P3: 0 bal toplayan | Q3: 100 bal toplayan | R3: [0-30] | S3: (30-60] | T3: (60-80] | U3: (80-100] | V3: 0 bal toplayan | W3: 100 bal toplayan | X3: [0-30] | Y3: (30-60] | Z3: (60-80] | AA3: (80-100] | AB3: 0 bal toplayan | AC3: 100 bal toplayan | AD3: [0-30] | AE3: (30-60] | AF3: (60-80] | AG3: (80-100] | AH3: 0 bal toplayan | AI3: 100 bal toplayan | AL3: Azərbaycan bölməsi | AM3: Rus bölməsi | AN3: Ümumi | AO3: Azərbaycan bölməsi | AP3: Rus bölməsi | AQ3: Ümumi | BK3: Təhsil müəssisəsinin UTİS kodu | BL3: Təhsil müəsisəsinin adı | BM3: Təhsil müəssi-səsinin indeksi | BN3: Təhsil müəssisəsinin növü | BO3: Bölmələr | BW3: [0-30] | BX3: (30-60] | BY3: (60-80] | BZ3: (80-100] | CA3: 0 bal toplayan | CB3: 100 bal toplayan | CC3: [0-30] | CD3: (30-60] | CE3: (60-80] | CF3: (80-100] | CG3: 0 bal toplayan | CH3: 100 bal toplayan | CI3: [0-30] | CJ3: (30-60] | CK3: (60-80] | CL3: (80-100] | CM3: 0 bal toplayan | CN3: 100 bal toplayan | CZ3: [0-30] | DA3: (30-60] | DB3: (60-80] | DC3: (80-100] | DD3: 0 bal toplayan | DE3: 100 bal toplayan | DF3: [0-30] | DG3: (30-60] | DH3: (60-80] | DI3: (80-100] | DJ3: 0 bal toplayan | DK3: 100 bal toplayan | DL3: [0-30] | DM3: (30-60] | DN3: (60-80] | DO3: (80-100] | DP3: 0 bal toplayan | DQ3: 100 bal toplayan | DR3: [0-30] | DS3: (30-60] | DT3: (60-80] | DU3: (80-100] | DV3: 0 bal toplayan | DW3: 100 bal toplayan | EI3: [0-30] | EJ3: (30-60] | EK3: (60-80] | EL3: (80-100] | EM3: 0 bal toplayan | EN3: 100 bal toplayan | EO3: [0-30] | EP3: (30-60] | EQ3: (60-80] | ER3: (80-100] | ES3: 0 bal toplayan | ET3: 100 bal toplayan | EU3: [0-30] | EV3: (30-60] | EW3: (60-80] | EX3: (80-100] | EY3: 0 bal toplayan | EZ3: 100 bal toplayan | FA3: [0-30] | FB3: (30-60] | FC3: (60-80] | FD3: (80-100] | FE3: 0 bal toplayan | FF3: 100 bal toplayan | FI3: Azərbaycan bölməsi | FJ3: Rus bölməsi | FK3: Ümumi | FL3: Azərbaycan bölməsi | FM3: Rus bölməsi | FN3: Ümumi | FO3: Azərbaycan | FP3: Rus | FQ3: Ümumi
B4: Azərbaycan | C4: =VLOOKUP($A$4,$BK:$FN,6,0) -> #N/A | D4: =VLOOKUP($A$4,$BK:$FN,7,0) -> #N/A | E4: =VLOOKUP($A$4,$BK:$FN,8,0) -> #N/A | F4: =VLOOKUP($A$4,$BK:$FN,9,0) -> #N/A | G4: =VLOOKUP($A$4,$BK:$FN,10,0) -> #N/A | I4: =VLOOKUP($A$4,$BK:$FN,11,0) -> #N/A | J4: =VLOOKUP($A$4,$BK:$FN,12,0) -> #N/A | L4: =VLOOKUP($A$4,$BK:$FN,13,0) -> #N/A | M4: =VLOOKUP($A$4,$BK:$FN,14,0) -> #N/A | N4: =VLOOKUP($A$4,$BK:$FN,15,0) -> #N/A | O4: =VLOOKUP($A$4,$BK:$FN,16,0) -> #N/A | P4: =VLOOKUP($A$4,$BK:$FN,17,0) -> #N/A | Q4: =VLOOKUP($A$4,$BK:$FN,18,0) -> #N/A | R4: =VLOOKUP($A$4,$BK:$FN,19,0) -> #N/A | S4: =VLOOKUP($A$4,$BK:$FN,20,0) -> #N/A | T4: =VLOOKUP($A$4,$BK:$FN,21,0) -> #N/A | U4: =VLOOKUP($A$4,$BK:$FN,22,0) -> #N/A | V4: =VLOOKUP($A$4,$BK:$FN,23,0) -> #N/A | W4: =VLOOKUP($A$4,$BK:$FN,24,0) -> #N/A | X4: =VLOOKUP($A$4,$BK:$FN,25,0) -> #N/A | Y4: =VLOOKUP($A$4,$BK:$FN,26,0) -> #N/A | Z4: =VLOOKUP($A$4,$BK:$FN,27,0) -> #N/A | AA4: =VLOOKUP($A$4,$BK:$FN,28,0) -> #N/A | AB4: =VLOOKUP($A$4,$BK:$FN,29,0) -> #N/A | AC4: =VLOOKUP($A$4,$BK:$FN,30,0) -> #N/A | AJ4: =VLOOKUP($A$4,$BK:$FN,31,0) -> #N/A | AK4: =VLOOKUP($A$4,$BK:$FN,32,0) -> #N/A | AL4: =VLOOKUP($A$4,$BK:$FN,103,0) -> #N/A | AM4: =VLOOKUP($A$4,$BK:$FN,104,0) -> #N/A | AN4: =VLOOKUP($A$4,$BK:$FN,105,0) -> #N/A | AO4: =VLOOKUP($A$4,$BK:$FN,106,0) -> #N/A | AP4: =VLOOKUP($A$4,$BK:$FN,107,0) -> #N/A | AQ4: =VLOOKUP($A$4,$BK:$FN,108,0) -> #N/A | BK4: 321554343 | BL4: 3 nömrəli tam orta məktəb | BM4: 3 | BN4: tam orta məktəb | BO4: Azərbaycan | BP4: 132 | BQ4: 0 | BR4: 64.293939 | BS4: 40.356818 | BT4: 45.834091 | BU4: 150.48485 | BV4: 50.161616 | BW4: 11 | BX4: 42 | BY4: 40 | BZ4: 39 | CA4: 0 | CB4: 0 | CC4: 55 | CD4: 47 | CE4: 17 | CF4: 13 | CG4: 3 | CH4: 0 | CI4: 43 | CJ4: 47 | CK4: 33 | CL4: 9 | CM4: 1 | CN4: 0 | CO4: 0 | CP4: 0 | CQ4: 0 | CR4: 0 | CZ4: 0 | DA4: 0 | DB4: 0 | DC4: 0 | DD4: 0 | DE4: 0 | DF4: 0 | DG4: 0 | DH4: 0 | DI4: 0 | DJ4: 0 | DK4: 0 | DL4: 0 | DM4: 0 | DN4: 0 | DO4: 0 | DP4: 0 | DQ4: 0 | DR4: 0 | DS4: 0 | DT4: 0 | DU4: 0 | DV4: 0 | DW4: 0 | DX4: 0 | DY4: 0 | DZ4: 132 | EA4: 0 | EB4: 64.293939 | EC4: 40.356818 | ED4: 45.834091 | EF4: 150.48485 | EG4: 50.161616 | EH4: 50.161616 | EI4: 11 | EJ4: 42 | EK4: 40 | EL4: 39 | EM4: 0 | EN4: 0 | EO4: 55 | EP4: 47 | EQ4: 17 | ER4: 13 | ES4: 3 | ET4: 0 | EU4: 43 | EV4: 47 | EW4: 33 | EX4: 9 | EY4: 1 | EZ4: 0 | FA4: 0 | FB4: 0 | FC4: 0 | FD4: 0 | FE4: 0 | FF4: 0 | FG4: 0 | FH4: 0 | FI4: 25 | FK4: 33 | FL4: 2 | FN4: 2 | FO4: 34 | FP4: 19 | FQ4: 34 | FR4: Binəqədi | FS4: 313 | FT4: 134 | FU4: 313
A5: =VLOOKUP(A4,BK:BL,2,0) -> #N/A | B5: Rus | C5: =VLOOKUP($A$4,$BK:$FN,33,0) -> #N/A | D5: =VLOOKUP($A$4,$BK:$FN,34,0) -> #N/A | E5: =VLOOKUP($A$4,$BK:$FN,35,0) -> #N/A | F5: =VLOOKUP($A$4,$BK:$FN,36,0) -> #N/A | G5: =VLOOKUP($A$4,$BK:$FN,37,0) -> #N/A | H5: =VLOOKUP($A$4,$BK:$FN,38,0) -> #N/A | I5: =VLOOKUP($A$4,$BK:$FN,39,0) -> #N/A | J5: =VLOOKUP($A$4,$BK:$FN,40,0) -> #N/A | K5: =VLOOKUP($A$4,$BK:$FN,41,0) -> #N/A | L5: =VLOOKUP($A$4,$BK:$FN,42,0) -> #N/A | M5: =VLOOKUP($A$4,$BK:$FN,43,0) -> #N/A | N5: =VLOOKUP($A$4,$BK:$FN,44,0) -> #N/A | O5: =VLOOKUP($A$4,$BK:$FN,45,0) -> #N/A | P5: =VLOOKUP($A$4,$BK:$FN,46,0) -> #N/A | Q5: =VLOOKUP($A$4,$BK:$FN,47,0) -> #N/A | R5: =VLOOKUP($A$4,$BK:$FN,48,0) -> #N/A | S5: =VLOOKUP($A$4,$BK:$FN,49,0) -> #N/A | T5: =VLOOKUP($A$4,$BK:$FN,50,0) -> #N/A | U5: =VLOOKUP($A$4,$BK:$FN,51,0) -> #N/A | V5: =VLOOKUP($A$4,$BK:$FN,52,0) -> #N/A | W5: =VLOOKUP($A$4,$BK:$FN,53,0) -> #N/A | X5: =VLOOKUP($A$4,$BK:$FN,54,0) -> #N/A | Y5: =VLOOKUP($A$4,$BK:$FN,55,0) -> #N/A | Z5: =VLOOKUP($A$4,$BK:$FN,56,0) -> #N/A | AA5: =VLOOKUP($A$4,$BK:$FN,57,0) -> #N/A | AB5: =VLOOKUP($A$4,$BK:$FN,58,0) -> #N/A | AC5: =VLOOKUP($A$4,$BK:$FN,59,0) -> #N/A | AD5: =VLOOKUP($A$4,$BK:$FN,60,0) -> #N/A | AE5: =VLOOKUP($A$4,$BK:$FN,61,0) -> #N/A | AF5: =VLOOKUP($A$4,$BK:$FN,62,0) -> #N/A | AG5: =VLOOKUP($A$4,$BK:$FN,63,0) -> #N/A | AH5: =VLOOKUP($A$4,$BK:$FN,64,0) -> #N/A | AI5: =VLOOKUP($A$4,$BK:$FN,65,0) -> #N/A | AJ5: =VLOOKUP($A$4,$BK:$FN,66,0) -> #N/A | AK5: =VLOOKUP($A$4,$BK:$FN,67,0) -> #N/A | BL5: Uşaq-Gənclər İnkişaf Mərkəzi | BM5: 6 | BN5: UGİM | BO5: Azərbaycan, rus | BP5: 0 | BQ5: 0 | BW5: 0 | BX5: 0 | BY5: 0 | BZ5: 0 | CA5: 0 | CB5: 0 | CC5: 0 | CD5: 0 | CE5: 0 | CF5: 0 | CG5: 0 | CH5: 0 | CI5: 0 | CJ5: 0 | CK5: 0 | CL5: 0 | CM5: 0 | CN5: 0 | CO5: 0 | CP5: 0 | CQ5: 0 | CR5: 0 | CZ5: 0 | DA5: 0 | DB5: 0 | DC5: 0 | DD5: 0 | DE5: 0 | DF5: 0 | DG5: 0 | DH5: 0 | DI5: 0 | DJ5: 0 | DK5: 0 | DL5: 0 | DM5: 0 | DN5: 0 | DO5: 0 | DP5: 0 | DQ5: 0 | DR5: 0 | DS5: 0 | DT5: 0 | DU5: 0 | DV5: 0 | DW5: 0 | DX5: 0 | DY5: 0 | DZ5: 0 | EA5: 0 | EI5: 0 | EJ5: 0 | EK5: 0 | EL5: 0 | EM5: 0 | EN5: 0 | EO5: 0 | EP5: 0 | EQ5: 0 | ER5: 0 | ES5: 0 | ET5: 0 | EU5: 0 | EV5: 0 | EW5: 0 | EX5: 0 | EY5: 0 | EZ5: 0 | FA5: 0 | FB5: 0 | FC5: 0 | FD5: 0 | FE5: 0 | FF5: 0 | FG5: 0 | FH5: 0 | FO5: 34 | FP5: 19 | FQ5: 34 | FR5: Binəqədi | FS5: 313 | FT5: 134 | FU5: 313
B6: Ümumi | C6: =VLOOKUP($A$4,$BK:$FN,68,0) -> #N/A | D6: =VLOOKUP($A$4,$BK:$FN,69,0) -> #N/A | E6: =VLOOKUP($A$4,$BK:$FN,70,0) -> #N/A | F6: =VLOOKUP($A$4,$BK:$FN,71,0) -> #N/A | G6: =VLOOKUP($A$4,$BK:$FN,72,0) -> #N/A | H6: =VLOOKUP($A$4,$BK:$FN,73,0) -> #N/A | I6: =VLOOKUP($A$4,$BK:$FN,74,0) -> #N/A | J6: =VLOOKUP($A$4,$BK:$FN,75,0) -> #N/A | K6: =VLOOKUP($A$4,$BK:$FN,76,0) -> #N/A | L6: =VLOOKUP($A$4,$BK:$FN,77,0) -> #N/A | M6: =VLOOKUP($A$4,$BK:$FN,78,0) -> #N/A | N6: =VLOOKUP($A$4,$BK:$FN,79,0) -> #N/A | O6: =VLOOKUP($A$4,$BK:$FN,80,0) -> #N/A | P6: =VLOOKUP($A$4,$BK:$FN,81,0) -> #N/A | Q6: =VLOOKUP($A$4,$BK:$FN,82,0) -> #N/A | R6: =VLOOKUP($A$4,$BK:$FN,83,0) -> #N/A | S6: =VLOOKUP($A$4,$BK:$FN,84,0) -> #N/A | T6: =VLOOKUP($A$4,$BK:$FN,85,0) -> #N/A | U6: =VLOOKUP($A$4,$BK:$FN,86,0) -> #N/A | V6: =VLOOKUP($A$4,$BK:$FN,87,0) -> #N/A | W6: =VLOOKUP($A$4,$BK:$FN,88,0) -> #N/A | X6: =VLOOKUP($A$4,$BK:$FN,89,0) -> #N/A | Y6: =VLOOKUP($A$4,$BK:$FN,90,0) -> #N/A | Z6: =VLOOKUP($A$4,$BK:$FN,91,0) -> #N/A | AA6: =VLOOKUP($A$4,$BK:$FN,92,0) -> #N/A | AB6: =VLOOKUP($A$4,$BK:$FN,93,0) -> #N/A | AC6: =VLOOKUP($A$4,$BK:$FN,94,0) -> #N/A | AD6: =VLOOKUP($A$4,$BK:$FN,95,0) -> #N/A | AE6: =VLOOKUP($A$4,$BK:$FN,96,0) -> #N/A | AF6: =VLOOKUP($A$4,$BK:$FN,97,0) -> #N/A | AG6: =VLOOKUP($A$4,$BK:$FN,98,0) -> #N/A | AH6: =VLOOKUP($A$4,$BK:$FN,99,0) -> #N/A | AI6: =VLOOKUP($A$4,$BK:$FN,100,0) -> #N/A | AJ6: =VLOOKUP($A$4,$BK:$FN,101,0) -> #N/A | AK6: =VLOOKUP($A$4,$BK:$FN,102,0) -> #N/A | BK6: 747538865 | BL6: 30 nömrəli tam orta məktəb | BM6: 30 | BN6: tam orta məktəb | BO6: Azərbaycan, rus | BP6: 32 | BQ6: 0 | BR6: 50.91875 | BS6: 30.959375 | BT6: 33.54375 | BU6: 115.42188 | BV6: 38.473958 | BW6: 4 | BX6: 20 | BY6: 6 | BZ6: 2 | CA6: 0 | CB6: 0 | CC6: 20 | CD6: 8 | CE6: 2 | CF6: 2 | CG6: 0 | CH6: 0 | CI6: 17 | CJ6: 10 | CK6: 5 | CL6: 0 | CM6: 0 | CN6: 0 | CO6: 0 | CP6: 0 | CQ6: 13 | CR6: 0 | CS6: 54.230769 | CT6: 37.223077 | CU6: 42.984615 | CV6: 57.615385 | CW6: 134.43846 | CX6: 44.812821 | CY6: 48.013462 | CZ6: 3 | DA6: 3 | DB6: 6 | DC6: 1 | DD6: 0 | DE6: 0 | DF6: 5 | DG6: 5 | DH6: 3 | DI6: 0 | DJ6: 0 | DK6: 0 | DL6: 4 | DM6: 7 | DN6: 2 | DO6: 0 | DP6: 0 | DQ6: 0 | DR6: 4 | DS6: 2 | DT6: 2 | DU6: 5 | DV6: 0 | DW6: 0 | DX6: 0 | DY6: 0 | DZ6: 45 | EA6: 0 | EB6: 51.875556 | EC6: 32.768889 | ED6: 36.271111 | EE6: 57.615385 | EF6: 120.91556 | EG6: 40.305185 | EH6: 41.229815 | EI6: 7 | EJ6: 23 | EK6: 12 | EL6: 3 | EM6: 0 | EN6: 0 | EO6: 25 | EP6: 13 | EQ6: 5 | ER6: 2 | ES6: 0 | ET6: 0 | EU6: 21 | EV6: 17 | EW6: 7 | EX6: 0 | EY6: 0 | EZ6: 0 | FA6: 4 | FB6: 2 | FC6: 2 | FD6: 5 | FE6: 0 | FF6: 0 | FG6: 0 | FH6: 0 | FI6: 184 | FJ6: 90 | FK6: 161 | FL6: 25 | FM6: 13 | FN6: 22 | FO6: 34 | FP6: 19 | FQ6: 34 | FR6: Binəqədi | FS6: 313 | FT6: 134 | FU6: 313
A7: Bakı Şəhəri üzrə Təhsil İdarəsi | C7: 34813 | D7: 452 | E7: =VLOOKUP($A$7,$BK:$FN,70,0) -> 54.484055 | F7: =VLOOKUP($A$7,$BK:$FN,71,0) -> 33.023661 | G7: =VLOOKUP($A$7,$BK:$FN,72,0) -> 38.848735 | H7: =VLOOKUP($A$7,$BK:$FN,73,0) -> 56.899834 | I7: =VLOOKUP($A$7,$BK:$FN,74,0) -> 126.35645 | J7: =VLOOKUP($A$7,$BK:$FN,75,0) -> 42.118817 | K7: =VLOOKUP($A$7,$BK:$FN,76,0) -> 42.446729 | AL7: =VLOOKUP($A$4,$BK:$FU,113,0) -> #N/A | AM7: =VLOOKUP($A$4,$BK:$FU,114,0) -> #N/A | AN7: =VLOOKUP($A$4,$BK:$FU,115,0) -> #N/A | AO7: =VLOOKUP($A$4,$BK:$FQ,109,0) -> #N/A | AP7: =VLOOKUP($A$4,$BK:$FQ,110,0) -> #N/A | AQ7: =VLOOKUP($A$4,$BK:$FQ,111,0) -> #N/A | BK7: 466471470 | BL7: 83 nömrəli məktəb-lisey | BM7: 83 | BN7: məktəb-lisey | BO7: Azərbaycan, rus | BP7: 110 | BQ7: 0 | BR7: 71.287273 | BS7: 46.308182 | BT7: 54.433636 | BU7: 172.02909 | BV7: 57.34303 | BW7: 4 | BX7: 24 | BY7: 39 | BZ7: 43 | CA7: 0 | CB7: 2 | CC7: 34 | CD7: 41 | CE7: 22 | CF7: 13 | CG7: 0 | CH7: 0 | CI7: 22 | CJ7: 41 | CK7: 30 | CL7: 17 | CM7: 0 | CN7: 0 | CO7: 0 | CP7: 0 | CQ7: 57 | CR7: 0 | CS7: 63.52807 | CT7: 30.703509 | CU7: 49.480702 | CV7: 62.561404 | CW7: 143.71228 | CX7: 47.904094 | CY7: 51.568421 | CZ7: 4 | DA7: 20 | DB7: 16 | DC7: 17 | DD7: 0 | DE7: 0 | DF7: 35 | DG7: 15 | DH7: 6 | DI7: 1 | DJ7: 0 | DK7: 0 | DL7: 16 | DM7: 21 | DN7: 13 | DO7: 7 | DP7: 0 | DQ7: 0 | DR7: 5 | DS7: 22 | DT7: 16 | DU7: 14 | DV7: 0 | DW7: 1 | DX7: 0 | DY7: 0 | DZ7: 167 | EA7: 0 | EB7: 68.638922 | EC7: 40.982036 | ED7: 52.743114 | EE7: 62.561404 | EF7: 162.36407 | EG7: 54.121357 | EH7: 55.372056 | EI7: 8 | EJ7: 44 | EK7: 55 | EL7: 60 | EM7: 0 | EN7: 2 | EO7: 69 | EP7: 56 | EQ7: 28 | ER7: 14 | ES7: 0 | ET7: 0 | EU7: 38 | EV7: 62 | EW7: 43 | EX7: 24 | EY7: 0 | EZ7: 0 | FA7: 5 | FB7: 22 | FC7: 16 | FD7: 14 | FE7: 0 | FF7: 1 | FG7: 0 | FH7: 0 | FI7: 11 | FJ7: 68 | FK7: 14 | FL7: 1 | FM7: 10 | FN7: 1 | FO7: 34 | FP7: 19 | FQ7: 34 | FR7: Binəqədi | FS7: 313 | FT7: 134 | FU7: 313
BK8: 233824167 | BL8: 99 nömrəli tam orta məktəb | BM8: 99 | BN8: tam orta məktəb | BO8: Azərbaycan | BP8: 135 | BQ8: 7 | BR8: 54.821094 | BS8: 32.075 | BT8: 36.485937 | BU8: 123.38203 | BV8: 41.127344 | BW8: 24 | BX8: 49 | BY8: 32 | BZ8: 23 | CA8: 0 | CB8: 0 | CC8: 78 | CD8: 32 | CE8: 13 | CF8: 5 | CG8: 3 | CH8: 0 | CI8: 65 | CJ8: 40 | CK8: 13 | CL8: 10 | CM8: 1 | CN8: 0 | CO8: 0 | CP8: 0 | CQ8: 0 | CR8: 0 | CZ8: 0 | DA8: 0 | DB8: 0 | DC8: 0 | DD8: 0 | DE8: 0 | DF8: 0 | DG8: 0 | DH8: 0 | DI8: 0 | DJ8: 0 | DK8: 0 | DL8: 0 | DM8: 0 | DN8: 0 | DO8: 0 | DP8: 0 | DQ8: 0 | DR8: 0 | DS8: 0 | DT8: 0 | DU8: 0 | DV8: 0 | DW8: 0 | DX8: 0 | DY8: 0 | DZ8: 135 | EA8: 7 | EB8: 54.821094 | EC8: 32.075 | ED8: 36.485937 | EF8: 123.38203 | EG8: 41.127344 | EH8: 41.127344 | EI8: 24 | EJ8: 49 | EK8: 32 | EL8: 23 | EM8: 0 | EN8: 0 | EO8: 78 | EP8: 32 | EQ8: 13 | ER8: 5 | ES8: 3 | ET8: 0 | EU8: 65 | EV8: 40 | EW8: 13 | EX8: 10 | EY8: 1 | EZ8: 0 | FA8: 0 | FB8: 0 | FC8: 0 | FD8: 0 | FE8: 0 | FF8: 0 | FG8: 0 | FH8: 0 | FI8: 130 | FK8: 146 | FL8: 18 | FN8: 20 | FO8: 34 | FP8: 19 | FQ8: 34 | FR8: Binəqədi | FS8: 313 | FT8: 134 | FU8: 313
BK9: 509986830 | BL9: 100 nömrəli tam orta məktəb | BM9: 100 | BN9: tam orta məktəb | BO9: Azərbaycan, rus | BP9: 111 | BQ9: 0 | BR9: 54.745946 | BS9: 31.741441 | BT9: 37.871171 | BU9: 124.35856 | BV9: 41.452853 | BW9: 19 | BX9: 47 | BY9: 22 | BZ9: 23 | CA9: 0 | CB9: 0 | CC9: 57 | CD9: 42 | CE9: 10 | CF9: 2 | CG9: 0 | CH9: 0 | CI9: 53 | CJ9: 33 | CK9: 19 | CL9: 6 | CM9: 1 | CN9: 0 | CO9: 0 | CP9: 0 | CQ9: 24 | CR9: 0 | CS9: 63.520833 | CT9: 35.383333 | CU9: 45.35 | CV9: 53.875 | CW9: 144.25417 | CX9: 48.084722 | CY9: 49.532292 | CZ9: 0 | DA9: 10 | DB9: 9 | DC9: 5 | DD9: 0 | DE9: 1 | DF9: 9 | DG9: 13 | DH9: 2 | DI9: 0 | DJ9: 0 | DK9: 0 | DL9: 5 | DM9: 14 | DN9: 4 | DO9: 1 | DP9: 0 | DQ9: 0 | DR9: 5 | DS9: 6 | DT9: 9 | DU9: 4 | DV9: 0 | DW9: 0 | DX9: 0 | DY9: 0 | DZ9: 135 | EA9: 0 | EB9: 56.305926 | EC9: 32.388889 | ED9: 39.200741 | EE9: 53.875 | EF9: 127.89556 | EG9: 42.631852 | EH9: 42.889198 | EI9: 19 | EJ9: 57 | EK9: 31 | EL9: 28 | EM9: 0 | EN9: 1 | EO9: 66 | EP9: 55 | EQ9: 12 | ER9: 2 | ES9: 0 | ET9: 0 | EU9: 58 | EV9: 47 | EW9: 23 | EX9: 7 | EY9: 1 | EZ9: 0 | FA9: 5 | FB9: 6 | FC9: 9 | FD9: 4 | FE9: 0 | FF9: 0 | FG9: 0 | FH9: 0 | FI9: 127 | FJ9: 66 | FK9: 127 | FL9: 17 | FM9: 9 | FN9: 16 | FO9: 34 | FP9: 19 | FQ9: 34 | FR9: Binəqədi | FS9: 313 | FT9: 134 | FU9: 313
BK10: 152156460 | BL10: 102 nömrəli tam orta məktəb | BM10: 102 | BN10: tam orta məktəb | BO10: Azərbaycan, rus | BP10: 39 | BQ10: 0 | BR10: 53.092308 | BS10: 30.317949 | BT10: 35.061538 | BU10: 118.47179 | BV10: 39.490598 | BW10: 6 | BX10: 21 | BY10: 5 | BZ10: 7 | CA10: 0 | CB10: 0 | CC10: 22 | CD10: 12 | CE10: 4 | CF10: 1 | CG10: 2 | CH10: 0 | CI10: 19 | CJ10: 14 | CK10: 6 | CL10: 0 | CM10: 0 | CN10: 0 | CO10: 0 | CP10: 0 | CQ10: 61 | CR10: 0 | CS10: 68.255738 | CT10: 40.563934 | CU10: 48.840984 | CV10: 64.606557 | CW10: 157.66066 | CX10: 52.553552 | CY10: 55.566803 | CZ10: 5 | DA10: 13 | DB10: 22 | DC10: 21 | DD10: 0 | DE10: 0 | DF10: 18 | DG10: 34 | DH10: 7 | DI10: 2 | DJ10: 0 | DK10: 0 | DL10: 11 | DM10: 31 | DN10: 14 | DO10: 5 | DP10: 0 | DQ10: 0 | DR10: 5 | DS10: 18 | DT10: 23 | DU10: 15 | DV10: 0 | DW10: 0 | DX10: 0 | DY10: 0 | DZ10: 100 | EA10: 0 | EB10: 62.342 | EC10: 36.568 | ED10: 43.467 | EE10: 64.606557 | EF10: 142.377 | EG10: 47.459 | EH10: 49.297083 | EI10: 11 | EJ10: 34 | EK10: 27 | EL10: 28 | EM10: 0 | EN10: 0 | EO10: 40 | EP10: 46 | EQ10: 11 | ER10: 3 | ES10: 2 | ET10: 0 | EU10: 30 | EV10: 45 | EW10: 20 | EX10: 5 | EY10: 0 | EZ10: 0 | FA10: 5 | FB10: 18 | FC10: 23 | FD10: 15 | FE10: 0 | FF10: 0 | FG10: 0 | FH10: 0 | FI10: 166 | FJ10: 35 | FK10: 58 | FL10: 21 | FM10: 4 | FN10: 6 | FO10: 34 | FP10: 19 | FQ10: 34 | FR10: Binəqədi | FS10: 313 | FT10: 134 | FU10: 313
BK11: 951827026 | BL11: 103 nömrəli tam orta məktəb | BM11: 103 | BN11: tam orta məktəb | BO11: Azərbaycan | BP11: 109 | BQ11: 1 | BR11: 46.690741 | BS11: 25.368519 | BT11: 29.027778 | BU11: 101.08704 | BV11: 33.695679 | BW11: 34 | BX11: 40 | BY11: 23 | BZ11: 11 | CA11: 1 | CB11: 1 | CC11: 73 | CD11: 26 | CE11: 6 | CF11: 3 | CG11: 1 | CH11: 0 | CI11: 69 | CJ11: 30 | CK11: 4 | CL11: 5 | CM11: 2 | CN11: 0 | CO11: 0 | CP11: 0 | CQ11: 0 | CR11: 0 | CZ11: 0 | DA11: 0 | DB11: 0 | DC11: 0 | DD11: 0 | DE11: 0 | DF11: 0 | DG11: 0 | DH11: 0 | DI11: 0 | DJ11: 0 | DK11: 0 | DL11: 0 | DM11: 0 | DN11: 0 | DO11: 0 | DP11: 0 | DQ11: 0 | DR11: 0 | DS11: 0 | DT11: 0 | DU11: 0 | DV11: 0 | DW11: 0 | DX11: 0 | DY11: 0 | DZ11: 109 | EA11: 1 | EB11: 46.690741 | EC11: 25.368519 | ED11: 29.027778 | EF11: 101.08704 | EG11: 33.695679 | EH11: 33.695679 | EI11: 34 | EJ11: 40 | EK11: 23 | EL11: 11 | EM11: 1 | EN11: 1 | EO11: 73 | EP11: 26 | EQ11: 6 | ER11: 3 | ES11: 1 | ET11: 0 | EU11: 69 | EV11: 30 | EW11: 4 | EX11: 5 | EY11: 2 | EZ11: 0 | FA11: 0 | FB11: 0 | FC11: 0 | FD11: 0 | FE11: 0 | FF11: 0 | FG11: 0 | FH11: 0 | FI11: 263 | FK11: 265 | FL11: 30 | FN11: 30 | FO11: 34 | FP11: 19 | FQ11: 34 | FR11: Binəqədi | FS11: 313 | FT11: 134 | FU11: 313
BL12: 115 saylı xüsusi əyani-qiyabi tam orta məktəb-axşam məktəbi (11 saylı CÇM) | BM12: 115 | BN12: XƏQTOM | BO12: Azərbaycan, rus | BP12: 7 | BQ12: 0 | BR12: 30.657143 | BS12: 28.071429 | BT12: 15.114286 | BU12: 73.842857 | BV12: 24.614286 | BW12: 5 | BX12: 2 | BY12: 0 | BZ12: 0 | CA12: 0 | CB12: 0 | CC12: 6 | CD12: 1 | CE12: 0 | CF12: 0 | CG12: 0 | CH12: 0 | CI12: 7 | CJ12: 0 | CK12: 0 | CL12: 0 | CM12: 0 | CN12: 0 | CO12: 0 | CP12: 0 | CQ12: 0 | CR12: 0 | CZ12: 0 | DA12: 0 | DB12: 0 | DC12: 0 | DD12: 0 | DE12: 0 | DF12: 0 | DG12: 0 | DH12: 0 | DI12: 0 | DJ12: 0 | DK12: 0 | DL12: 0 | DM12: 0 | DN12: 0 | DO12: 0 | DP12: 0 | DQ12: 0 | DR12: 0 | DS12: 0 | DT12: 0 | DU12: 0 | DV12: 0 | DW12: 0 | DX12: 0 | DY12: 0 | DZ12: 7 | EA12: 0 | EB12: 30.657143 | EC12: 28.071429 | ED12: 15.114286 | EF12: 73.842857 | EG12: 24.614286 | EH12: 24.614286 | EI12: 5 | EJ12: 2 | EK12: 0 | EL12: 0 | EM12: 0 | EN12: 0 | EO12: 6 | EP12: 1 | EQ12: 0 | ER12: 0 | ES12: 0 | ET12: 0 | EU12: 7 | EV12: 0 | EW12: 0 | EX12: 0 | EY12: 0 | EZ12: 0 | FA12: 0 | FB12: 0 | FC12: 0 | FD12: 0 | FE12: 0 | FF12: 0 | FG12: 0 | FH12: 0 | FI12: 304 | FK12: 307 | FL12: 33 | FN12: 33 | FO12: 34 | FP12: 19 | FQ12: 34 | FR12: Binəqədi | FS12: 313 | FT12: 134 | FU12: 313
BK13: 542867191 | BL13: 115 nömrəli tam orta məktəb | BM13: 115 | BN13: tam orta məktəb | BO13: Azərbaycan, rus | BP13: 114 | BQ13: 0 | BR13: 57.392105 | BS13: 32.083333 | BT13: 39.55 | BU13: 129.02544 | BV13: 43.00848 | BW13: 23 | BX13: 32 | BY13: 33 | BZ13: 26 | CA13: 0 | CB13: 0 | CC13: 62 | CD13: 39 | CE13: 7 | CF13: 6 | CG13: 4 | CH13: 0 | CI13: 45 | CJ13: 48 | CK13: 13 | CL13: 8 | CM13: 1 | CN13: 0 | CO13: 0 | CP13: 0 | CQ13: 18 | CR13: 0 | CS13: 57.85 | CT13: 29.233333 | CU13: 39.861111 | CV13: 53.222222 | CW13: 126.94444 | CX13: 42.314815 | CY13: 45.041667 | CZ13: 3 | DA13: 5 | DB13: 7 | DC13: 3 | DD13: 0 | DE13: 0 | DF13: 13 | DG13: 3 | DH13: 1 | DI13: 1 | DJ13: 0 | DK13: 0 | DL13: 8 | DM13: 7 | DN13: 2 | DO13: 1 | DP13: 0 | DQ13: 0 | DR13: 2 | DS13: 10 | DT13: 5 | DU13: 1 | DV13: 0 | DW13: 0 | DX13: 0 | DY13: 0 | DZ13: 132 | EA13: 0 | EB13: 57.454545 | EC13: 31.694697 | ED13: 39.592424 | EE13: 53.222222 | EF13: 128.74167 | EG13: 42.913889 | EH13: 43.285732 | EI13: 26 | EJ13: 37 | EK13: 40 | EL13: 29 | EM13: 0 | EN13: 0 | EO13: 75 | EP13: 42 | EQ13: 8 | ER13: 7 | ES13: 4 | ET13: 0 | EU13: 53 | EV13: 55 | EW13: 15 | EX13: 9 | EY13: 1 | EZ13: 0 | FA13: 2 | FB13: 10 | FC13: 5 | FD13: 1 | FE13: 0 | FF13: 0 | FG13: 0 | FH13: 0 | FI13: 102 | FJ13: 100 | FK13: 121 | FL13: 11 | FM13: 14 | FN13: 14 | FO13: 34 | FP13: 19 | FQ13: 34 | FR13: Binəqədi | FS13: 313 | FT13: 134 | FU13: 313
BK14: 180574458 | BL14: 126 nömrəli tam orta məktəb | BM14: 126 | BN14: TN | BO14: Azərbaycan, rus | BP14: 60 | BQ14: 1 | BR14: 54.022034 | BS14: 27.825424 | BT14: 37.437288 | BU14: 119.28475 | BV14: 39.761582 | BW14: 14 | BX14: 17 | BY14: 15 | BZ14: 13 | CA14: 1 | CB14: 0 | CC14: 35 | CD14: 17 | CE14: 5 | CF14: 2 | CG14: 2 | CH14: 0 | CI14: 29 | CJ14: 20 | CK14: 4 | CL14: 6 | CM14: 1 | CN14: 0 | CO14: 1 | CP14: 0 | CQ14: 20 | CR14: 0 | CS14: 54.455 | CT14: 27.23 | CU14: 41.025 | CV14: 52.8 | CW14: 122.71 | CX14: 40.903333 | CY14: 43.8775 | CZ14: 4 | DA14: 7 | DB14: 8 | DC14: 1 | DD14: 0 | DE14: 0 | DF14: 12 | DG14: 7 | DH14: 0 | DI14: 1 | DJ14: 0 | DK14: 0 | DL14: 7 | DM14: 10 | DN14: 3 | DO14: 0 | DP14: 0 | DQ14: 0 | DR14: 3 | DS14: 8 | DT14: 8 | DU14: 1 | DV14: 0 | DW14: 0 | DX14: 0 | DY14: 0 | DZ14: 80 | EA14: 1 | EB14: 54.131646 | EC14: 27.674684 | ED14: 38.34557 | EE14: 52.8 | EF14: 120.1519 | EG14: 40.050633 | EH14: 40.803586 | EI14: 18 | EJ14: 24 | EK14: 23 | EL14: 14 | EM14: 1 | EN14: 0 | EO14: 47 | EP14: 24 | EQ14: 5 | ER14: 3 | ES14: 2 | ET14: 0 | EU14: 36 | EV14: 30 | EW14: 7 | EX14: 6 | EY14: 1 | EZ14: 0 | FA14: 3 | FB14: 8 | FC14: 8 | FD14: 1 | FE14: 0 | FF14: 0 | FG14: 1 | FH14: 0 | FI14: 157 | FJ14: 108 | FK14: 163 | FL14: 20 | FM14: 15 | FN14: 23 | FO14: 34 | FP14: 19 | FQ14: 34 | FR14: Binəqədi | FS14: 313 | FT14: 134 | FU14: 313
BK15: 150425330 | BL15: 135 nömrəli tam orta məktəb | BM15: 135 | BN15: tam orta məktəb | BO15: Azərbaycan | BP15: 54 | BQ15: 0 | BR15: 55.524074 | BS15: 31.446296 | BT15: 41.942593 | BU15: 128.91296 | BV15: 42.970988 | BW15: 8 | BX15: 20 | BY15: 19 | BZ15: 7 | CA15: 1 | CB15: 0 | CC15: 27 | CD15: 21 | CE15: 5 | CF15: 1 | CG15: 1 | CH15: 0 | CI15: 15 | CJ15: 27 | CK15: 10 | CL15: 2 | CM15: 1 | CN15: 0 | CO15: 1 | CP15: 0 | CQ15: 0 | CR15: 0 | CZ15: 0 | DA15: 0 | DB15: 0 | DC15: 0 | DD15: 0 | DE15: 0 | DF15: 0 | DG15: 0 | DH15: 0 | DI15: 0 | DJ15: 0 | DK15: 0 | DL15: 0 | DM15: 0 | DN15: 0 | DO15: 0 | DP15: 0 | DQ15: 0 | DR15: 0 | DS15: 0 | DT15: 0 | DU15: 0 | DV15: 0 | DW15: 0 | DX15: 0 | DY15: 0 | DZ15: 54 | EA15: 0 | EB15: 55.524074 | EC15: 31.446296 | ED15: 41.942593 | EF15: 128.91296 | EG15: 42.970988 | EH15: 42.970988 | EI15: 8 | EJ15: 20 | EK15: 19 | EL15: 7 | EM15: 1 | EN15: 0 | EO15: 27 | EP15: 21 | EQ15: 5 | ER15: 1 | ES15: 1 | ET15: 0 | EU15: 15 | EV15: 27 | EW15: 10 | EX15: 2 | EY15: 1 | EZ15: 0 | FA15: 0 | FB15: 0 | FC15: 0 | FD15: 0 | FE15: 0 | FF15: 0 | FG15: 1 | FH15: 0 | FI15: 104 | FK15: 118 | FL15: 12 | FN15: 13 | FO15: 34 | FP15: 19 | FQ15: 34 | FR15: Binəqədi | FS15: 313 | FT15: 134 | FU15: 313
BK16: 306648932 | BL16: 143 nömrəli tam orta məktəb | BM16: 143 | BN16: tam orta məktəb | BO16: Azərbaycan, rus | BP16: 69 | BQ16: 0 | BR16: 53.426087 | BS16: 27.113043 | BT16: 35.72029 | BU16: 116.25942 | BV16: 38.75314 | BW16: 17 | BX16: 22 | BY16: 18 | BZ16: 12 | CA16: 0 | CB16: 0 | CC16: 46 | CD16: 17 | CE16: 4 | CF16: 2 | CG16: 1 | CH16: 0 | CI16: 32 | CJ16: 29 | CK16: 4 | CL16: 4 | CM16: 0 | CN16: 0 | CO16: 0 | CP16: 0 | CQ16: 22 | CR16: 0 | CS16: 66.8 | CT16: 28.672727 | CU16: 49.2 | CV16: 63.772727 | CW16: 144.67273 | CX16: 48.224242 | CY16: 52.111364 | CZ16: 1 | DA16: 5 | DB16: 12 | DC16: 4 | DD16: 0 | DE16: 1 | DF16: 15 | DG16: 5 | DH16: 2 | DI16: 0 | DJ16: 0 | DK16: 0 | DL16: 6 | DM16: 9 | DN16: 6 | DO16: 1 | DP16: 0 | DQ16: 0 | DR16: 2 | DS16: 6 | DT16: 11 | DU16: 3 | DV16: 0 | DW16: 0 | DX16: 0 | DY16: 0 | DZ16: 91 | EA16: 0 | EB16: 56.659341 | EC16: 27.49011 | ED16: 38.979121 | EE16: 63.772727 | EF16: 123.12857 | EG16: 41.042857 | EH16: 41.982601 | EI16: 18 | EJ16: 27 | EK16: 30 | EL16: 16 | EM16: 0 | EN16: 1 | EO16: 61 | EP16: 22 | EQ16: 6 | ER16: 2 | ES16: 1 | ET16: 0 | EU16: 38 | EV16: 38 | EW16: 10 | EX16: 5 | EY16: 0 | EZ16: 0 | FA16: 2 | FB16: 6 | FC16: 11 | FD16: 3 | FE16: 0 | FF16: 0 | FG16: 0 | FH16: 0 | FI16: 179 | FJ16: 64 | FK16: 147 | FL16: 23 | FM16: 8 | FN16: 21 | FO16: 34 | FP16: 19 | FQ16: 34 | FR16: Binəqədi | FS16: 313 | FT16: 134 | FU16: 313
BK17: 750038450 | BL17: 144 nömrəli tam orta məktəb | BM17: 144 | BN17: tam orta məktəb | BO17: Azərbaycan | BP17: 68 | BQ17: 0 | BR17: 57.627941 | BS17: 34.605882 | BT17: 39.529412 | BU17: 131.76324 | BV17: 43.921078 | BW17: 8 | BX17: 28 | BY17: 21 | BZ17: 11 | CA17: 0 | CB17: 0 | CC17: 34 | CD17: 25 | CE17: 6 | CF17: 3 | CG17: 0 | CH17: 0 | CI17: 26 | CJ17: 31 | CK17: 10 | CL17: 1 | CM17: 0 | CN17: 0 | CO17: 0 | CP17: 0 | CQ17: 0 | CR17: 0 | CZ17: 0 | DA17: 0 | DB17: 0 | DC17: 0 | DD17: 0 | DE17: 0 | DF17: 0 | DG17: 0 | DH17: 0 | DI17: 0 | DJ17: 0 | DK17: 0 | DL17: 0 | DM17: 0 | DN17: 0 | DO17: 0 | DP17: 0 | DQ17: 0 | DR17: 0 | DS17: 0 | DT17: 0 | DU17: 0 | DV17: 0 | DW17: 0 | DX17: 0 | DY17: 0 | DZ17: 68 | EA17: 0 | EB17: 57.627941 | EC17: 34.605882 | ED17: 39.529412 | EF17: 131.76324 | EG17: 43.921078 | EH17: 43.921078 | EI17: 8 | EJ17: 28 | EK17: 21 | EL17: 11 | EM17: 0 | EN17: 0 | EO17: 34 | EP17: 25 | EQ17: 6 | ER17: 3 | ES17: 0 | ET17: 0 | EU17: 26 | EV17: 31 | EW17: 10 | EX17: 1 | EY17: 0 | EZ17: 0 | FA17: 0 | FB17: 0 | FC17: 0 | FD17: 0 | FE17: 0 | FF17: 0 | FG17: 0 | FH17: 0 | FI17: 82 | FK17: 102 | FL17: 9 | FN17: 11 | FO17: 34 | FP17: 19 | FQ17: 34 | FR17: Binəqədi | FS17: 313 | FT17: 134 | FU17: 313
BK18: 566880664 | BL18: 157 nömrəli tam orta məktəb | BM18: 157 | BN18: tam orta məktəb | BO18: Azərbaycan, rus | BP18: 75 | BQ18: 0 | BR18: 58.221333 | BS18: 34.813333 | BT18: 41.06 | BU18: 134.09467 | BV18: 44.698222 | BW18: 14 | BX18: 25 | BY18: 22 | BZ18: 14 | CA18: 0 | CB18: 1 | CC18: 36 | CD18: 28 | CE18: 7 | CF18: 4 | CG18: 2 | CH18: 0 | CI18: 23 | CJ18: 39 | CK18: 10 | CL18: 3 | CM18: 0 | CN18: 0 | CO18: 0 | CP18: 0 | CQ18: 32 | CR18: 0 | CS18: 62.46875 | CT18: 46.3 | CU18: 49.359375 | CV18: 57.1875 | CW18: 158.12813 | CX18: 52.709375 | CY18: 53.828906 | CZ18: 5 | DA18: 6 | DB18: 12 | DC18: 9 | DD18: 1 | DE18: 0 | DF18: 7 | DG18: 16 | DH18: 8 | DI18: 1 | DJ18: 1 | DK18: 0 | DL18: 9 | DM18: 13 | DN18: 3 | DO18: 7 | DP18: 1 | DQ18: 0 | DR18: 5 | DS18: 10 | DT18: 12 | DU18: 5 | DV18: 0 | DW18: 0 | DX18: 1 | DY18: 0 | DZ18: 107 | EA18: 0 | EB18: 59.491589 | EC18: 38.248598 | ED18: 43.542056 | EE18: 57.1875 | EF18: 141.28224 | EG18: 47.094081 | EH18: 47.428894 | EI18: 19 | EJ18: 31 | EK18: 34 | EL18: 23 | EM18: 1 | EN18: 1 | EO18: 43 | EP18: 44 | EQ18: 15 | ER18: 5 | ES18: 3 | ET18: 0 | EU18: 32 | EV18: 52 | EW18: 13 | EX18: 10 | EY18: 1 | EZ18: 0 | FA18: 5 | FB18: 10 | FC18: 12 | FD18: 5 | FE18: 0 | FF18: 0 | FG18: 1 | FH18: 0 | FI18: 72 | FJ18: 33 | FK18: 62 | FL18: 8 | FM18: 3 | FN18: 7 | FO18: 34 | FP18: 19 | FQ18: 34 | FR18: Binəqədi | FS18: 313 | FT18: 134 | FU18: 313
BK19: 523653991 | BL19: 179 nömrəli tam orta məktəb | BM19: 179 | BN19: tam orta məktəb | BO19: Azərbaycan, rus | BP19: 222 | BQ19: 4 | BR19: 45.751376 | BS19: 24.719266 | BT19: 28.372477 | BU19: 98.843119 | BV19: 32.947706 | BW19: 58 | BX19: 110 | BY19: 31 | BZ19: 19 | CA19: 1 | CB19: 1 | CC19: 154 | CD19: 53 | CE19: 6 | CF19: 5 | CG19: 6 | CH19: 1 | CI19: 140 | CJ19: 63 | CK19: 12 | CL19: 3 | CM19: 2 | CN19: 0 | CO19: 1 | CP19: 0 | CQ19: 36 | CR19: 0 | CS19: 49.122222 | CT19: 22.561111 | CU19: 36.444444 | CV19: 55.583333 | CW19: 108.12778 | CX19: 36.042593 | CY19: 40.927778 | CZ19: 11 | DA19: 11 | DB19: 10 | DC19: 4 | DD19: 0 | DE19: 0 | DF19: 25 | DG19: 11 | DH19: 0 | DI19: 0 | DJ19: 0 | DK19: 0 | DL19: 16 | DM19: 13 | DN19: 6 | DO19: 1 | DP19: 0 | DQ19: 0 | DR19: 5 | DS19: 14 | DT19: 15 | DU19: 2 | DV19: 0 | DW19: 0 | DX19: 0 | DY19: 0 | DZ19: 258 | EA19: 4 | EB19: 46.229134 | EC19: 24.413386 | ED19: 29.516535 | EE19: 55.583333 | EF19: 100.15906 | EG19: 33.386352 | EH19: 34.07874 | EI19: 69 | EJ19: 121 | EK19: 41 | EL19: 23 | EM19: 1 | EN19: 1 | EO19: 179 | EP19: 64 | EQ19: 6 | ER19: 5 | ES19: 6 | ET19: 1 | EU19: 156 | EV19: 76 | EW19: 18 | EX19: 4 | EY19: 2 | EZ19: 0 | FA19: 5 | FB19: 14 | FC19: 15 | FD19: 2 | FE19: 0 | FF19: 0 | FG19: 1 | FH19: 0 | FI19: 268 | FJ19: 121 | FK19: 268 | FL19: 32 | FM19: 19 | FN19: 32 | FO19: 34 | FP19: 19 | FQ19: 34 | FR19: Binəqədi | FS19: 313 | FT19: 134 | FU19: 313
BK20: 891697193 | BL20: 182 nömrəli tam orta məktəb | BM20: 182 | BN20: tam orta məktəb | BO20: Azərbaycan | BP20: 415 | BQ20: 2 | BR20: 52.037772 | BS20: 29.79201 | BT20: 33.639467 | BU20: 115.46925 | BV20: 38.48975 | BW20: 99 | BX20: 153 | BY20: 85 | BZ20: 76 | CA20: 6 | CB20: 0 | CC20: 268 | CD20: 88 | CE20: 31 | CF20: 26 | CG20: 12 | CH20: 2 | CI20: 233 | CJ20: 117 | CK20: 43 | CL20: 20 | CM20: 6 | CN20: 3 | CO20: 6 | CP20: 0 | CQ20: 0 | CR20: 0 | CZ20: 0 | DA20: 0 | DB20: 0 | DC20: 0 | DD20: 0 | DE20: 0 | DF20: 0 | DG20: 0 | DH20: 0 | DI20: 0 | DJ20: 0 | DK20: 0 | DL20: 0 | DM20: 0 | DN20: 0 | DO20: 0 | DP20: 0 | DQ20: 0 | DR20: 0 | DS20: 0 | DT20: 0 | DU20: 0 | DV20: 0 | DW20: 0 | DX20: 0 | DY20: 0 | DZ20: 415 | EA20: 2 | EB20: 52.037772 | EC20: 29.79201 | ED20: 33.639467 | EF20: 115.46925 | EG20: 38.48975 | EH20: 38.48975 | EI20: 99 | EJ20: 153 | EK20: 85 | EL20: 76 | EM20: 6 | EN20: 0 | EO20: 268 | EP20: 88 | EQ20: 31 | ER20: 26 | ES20: 12 | ET20: 2 | EU20: 233 | EV20: 117 | EW20: 43 | EX20: 20 | EY20: 6 | EZ20: 3 | FA20: 0 | FB20: 0 | FC20: 0 | FD20: 0 | FE20: 0 | FF20: 0 | FG20: 6 | FH20: 0 | FI20: 183 | FK20: 195 | FL20: 24 | FN20: 25 | FO20: 34 | FP20: 19 | FQ20: 34 | FR20: Binəqədi | FS20: 313 | FT20: 134 | FU20: 313
BK21: 942021214 | BL21: 205 nömrəli tam orta məktəb | BM21: 205 | BN21: tam orta məktəb | BO21: Azərbaycan | BP21: 115 | BQ21: 0 | BR21: 50.60087 | BS21: 25.633043 | BT21: 33.142609 | BU21: 109.37652 | BV21: 36.458841 | BW21: 31 | BX21: 38 | BY21: 32 | BZ21: 14 | CA21: 0 | CB21: 0 | CC21: 78 | CD21: 29 | CE21: 7 | CF21: 1 | CG21: 2 | CH21: 0 | CI21: 63 | CJ21: 37 | CK21: 12 | CL21: 3 | CM21: 1 | CN21: 0 | CO21: 0 | CP21: 0 | CQ21: 0 | CR21: 0 | CZ21: 0 | DA21: 0 | DB21: 0 | DC21: 0 | DD21: 0 | DE21: 0 | DF21: 0 | DG21: 0 | DH21: 0 | DI21: 0 | DJ21: 0 | DK21: 0 | DL21: 0 | DM21: 0 | DN21: 0 | DO21: 0 | DP21: 0 | DQ21: 0 | DR21: 0 | DS21: 0 | DT21: 0 | DU21: 0 | DV21: 0 | DW21: 0 | DX21: 0 | DY21: 0 | DZ21: 115 | EA21: 0 | EB21: 50.60087 | EC21: 25.633043 | ED21: 33.142609 | EF21: 109.37652 | EG21: 36.458841 | EH21: 36.458841 | EI21: 31 | EJ21: 38 | EK21: 32 | EL21: 14 | EM21: 0 | EN21: 0 | EO21: 78 | EP21: 29 | EQ21: 7 | ER21: 1 | ES21: 2 | ET21: 0 | EU21: 63 | EV21: 37 | EW21: 12 | EX21: 3 | EY21: 1 | EZ21: 0 | FA21: 0 | FB21: 0 | FC21: 0 | FD21: 0 | FE21: 0 | FF21: 0 | FG21: 0 | FH21: 0 | FI21: 224 | FK21: 234 | FL21: 26 | FN21: 27 | FO21: 34 | FP21: 19 | FQ21: 34 | FR21: Binəqədi | FS21: 313 | FT21: 134 | FU21: 313
BK22: 677788676 | BL22: 217 nömrəli tam orta məktəb | BM22: 217 | BN22: tam orta məktəb | BO22: Azərbaycan | BP22: 229 | BQ22: 1 | BR22: 49.210965 | BS22: 26.892982 | BT22: 30.735965 | BU22: 106.83991 | BV22: 35.613304 | BW22: 52 | BX22: 106 | BY22: 47 | BZ22: 23 | CA22: 2 | CB22: 0 | CC22: 153 | CD22: 55 | CE22: 17 | CF22: 3 | CG22: 3 | CH22: 0 | CI22: 134 | CJ22: 77 | CK22: 13 | CL22: 4 | CM22: 1 | CN22: 0 | CO22: 1 | CP22: 0 | CQ22: 0 | CR22: 0 | CZ22: 0 | DA22: 0 | DB22: 0 | DC22: 0 | DD22: 0 | DE22: 0 | DF22: 0 | DG22: 0 | DH22: 0 | DI22: 0 | DJ22: 0 | DK22: 0 | DL22: 0 | DM22: 0 | DN22: 0 | DO22: 0 | DP22: 0 | DQ22: 0 | DR22: 0 | DS22: 0 | DT22: 0 | DU22: 0 | DV22: 0 | DW22: 0 | DX22: 0 | DY22: 0 | DZ22: 229 | EA22: 1 | EB22: 49.210965 | EC22: 26.892982 | ED22: 30.735965 | EF22: 106.83991 | EG22: 35.613304 | EH22: 35.613304 | EI22: 52 | EJ22: 106 | EK22: 47 | EL22: 23 | EM22: 2 | EN22: 0 | EO22: 153 | EP22: 55 | EQ22: 17 | ER22: 3 | ES22: 3 | ET22: 0 | EU22: 134 | EV22: 77 | EW22: 13 | EX22: 4 | EY22: 1 | EZ22: 0 | FA22: 0 | FB22: 0 | FC22: 0 | FD22: 0 | FE22: 0 | FF22: 0 | FG22: 1 | FH22: 0 | FI22: 238 | FK22: 244 | FL22: 28 | FN22: 28 | FO22: 34 | FP22: 19 | FQ22: 34 | FR22: Binəqədi | FS22: 313 | FT22: 134 | FU22: 313
BK23: 783942883 | BL23: 244 nömrəli tam orta məktəb | BM23: 244 | BN23: tam orta məktəb | BO23: Azərbaycan, rus | BP23: 171 | BQ23: 0 | BR23: 60.074854 | BS23: 35.662573 | BT23: 41.571345 | BU23: 137.30877 | BV23: 45.769591 | BW23: 25 | BX23: 61 | BY23: 43 | BZ23: 42 | CA23: 1 | CB23: 4 | CC23: 86 | CD23: 54 | CE23: 21 | CF23: 10 | CG23: 6 | CH23: 1 | CI23: 70 | CJ23: 59 | CK23: 28 | CL23: 14 | CM23: 1 | CN23: 1 | CO23: 1 | CP23: 0 | CQ23: 36 | CR23: 0 | CS23: 61.788889 | CT23: 28.880556 | CU23: 44.441667 | CV23: 58.611111 | CW23: 135.11111 | CX23: 45.037037 | CY23: 48.430556 | CZ23: 3 | DA23: 13 | DB23: 12 | DC23: 8 | DD23: 0 | DE23: 0 | DF23: 22 | DG23: 10 | DH23: 4 | DI23: 0 | DJ23: 1 | DK23: 0 | DL23: 12 | DM23: 15 | DN23: 8 | DO23: 1 | DP23: 0 | DQ23: 0 | DR23: 2 | DS23: 19 | DT23: 10 | DU23: 5 | DV23: 0 | DW23: 0 | DX23: 0 | DY23: 0 | DZ23: 207 | EA23: 0 | EB23: 60.372947 | EC23: 34.483092 | ED23: 42.070531 | EE23: 58.611111 | EF23: 136.92657 | EG23: 45.64219 | EH23: 46.232367 | EI23: 28 | EJ23: 74 | EK23: 55 | EL23: 50 | EM23: 1 | EN23: 4 | EO23: 108 | EP23: 64 | EQ23: 25 | ER23: 10 | ES23: 7 | ET23: 1 | EU23: 82 | EV23: 74 | EW23: 36 | EX23: 15 | EY23: 1 | EZ23: 1 | FA23: 2 | FB23: 19 | FC23: 10 | FD23: 5 | FE23: 0 | FF23: 0 | FG23: 1 | FH23: 0 | FI23: 58 | FJ23: 89 | FK23: 87 | FL23: 5 | FM23: 12 | FN23: 9 | FO23: 34 | FP23: 19 | FQ23: 34 | FR23: Binəqədi | FS23: 313 | FT23: 134 | FU23: 313
BK24: 749261545 | BL24: 246 nömrəli məktəb-lisey | BM24: 246 | BN24: məktəb-lisey | BO24: Azərbaycan, rus | BP24: 110 | BQ24: 1 | BR24: 59.287156 | BS24: 35.561468 | BT24: 41.741284 | BU24: 136.58991 | BV24: 45.529969 | BW24: 17 | BX24: 33 | BY24: 28 | BZ24: 31 | CA24: 0 | CB24: 0 | CC24: 51 | CD24: 37 | CE24: 16 | CF24: 5 | CG24: 2 | CH24: 0 | CI24: 43 | CJ24: 34 | CK24: 23 | CL24: 9 | CM24: 0 | CN24: 0 | CO24: 0 | CP24: 0 | CQ24: 28 | CR24: 1 | CS24: 62.57037 | CT24: 41.296296 | CU24: 44.774074 | CV24: 59.444444 | CW24: 148.64074 | CX24: 49.546914 | CY24: 52.021296 | CZ24: 5 | DA24: 4 | DB24: 11 | DC24: 7 | DD24: 0 | DE24: 1 | DF24: 12 | DG24: 9 | DH24: 2 | DI24: 4 | DJ24: 0 | DK24: 1 | DL24: 10 | DM24: 9 | DN24: 4 | DO24: 4 | DP24: 0 | DQ24: 0 | DR24: 4 | DS24: 8 | DT24: 10 | DU24: 5 | DV24: 0 | DW24: 1 | DX24: 0 | DY24: 0 | DZ24: 138 | EA24: 2 | EB24: 59.938971 | EC24: 36.7 | ED24: 42.343382 | EE24: 59.444444 | EF24: 138.98235 | EG24: 46.327451 | EH24: 46.818689 | EI24: 22 | EJ24: 37 | EK24: 39 | EL24: 38 | EM24: 0 | EN24: 1 | EO24: 63 | EP24: 46 | EQ24: 18 | ER24: 9 | ES24: 2 | ET24: 1 | EU24: 53 | EV24: 43 | EW24: 27 | EX24: 13 | EY24: 0 | EZ24: 0 | FA24: 4 | FB24: 8 | FC24: 10 | FD24: 5 | FE24: 0 | FF24: 1 | FG24: 0 | FH24: 0 | FI24: 62 | FJ24: 54 | FK24: 74 | FL24: 6 | FM24: 6 | FN24: 8 | FO24: 34 | FP24: 19 | FQ24: 34 | FR24: Binəqədi | FS24: 313 | FT24: 134 | FU24: 313
BK25: 341691360 | BL25: 248 nömrəli tam orta məktəb | BM25: 248 | BN25: tam orta məktəb | BO25: Azərbaycan, rus | BP25: 78 | BQ25: 0 | BR25: 59.161538 | BS25: 35.962821 | BT25: 43.402564 | BU25: 138.52692 | BV25: 46.175641 | BW25: 9 | BX25: 31 | BY25: 18 | BZ25: 20 | CA25: 0 | CB25: 0 | CC25: 43 | CD25: 20 | CE25: 8 | CF25: 7 | CG25: 0 | CH25: 0 | CI25: 30 | CJ25: 26 | CK25: 14 | CL25: 8 | CM25: 0 | CN25: 0 | CO25: 0 | CP25: 0 | CQ25: 67 | CR25: 0 | CS25: 62.947761 | CT25: 36.620896 | CU25: 49.308955 | CV25: 58.166667 | CW25: 148.87761 | CX25: 49.625871 | CY25: 51.714801 | CZ25: 4 | DA25: 21 | DB25: 31 | DC25: 11 | DD25: 0 | DE25: 0 | DF25: 31 | DG25: 21 | DH25: 11 | DI25: 4 | DJ25: 1 | DK25: 0 | DL25: 15 | DM25: 29 | DN25: 14 | DO25: 9 | DP25: 0 | DQ25: 0 | DR25: 7 | DS25: 25 | DT25: 27 | DU25: 7 | DV25: 0 | DW25: 0 | DX25: 0 | DY25: 0 | DZ25: 145 | EA25: 0 | EB25: 60.911034 | EC25: 36.266897 | ED25: 46.131724 | EE25: 58.166667 | EF25: 143.30966 | EG25: 47.769885 | EH25: 48.735115 | EI25: 13 | EJ25: 52 | EK25: 49 | EL25: 31 | EM25: 0 | EN25: 0 | EO25: 74 | EP25: 41 | EQ25: 19 | ER25: 11 | ES25: 1 | ET25: 0 | EU25: 45 | EV25: 55 | EW25: 28 | EX25: 17 | EY25: 0 | EZ25: 0 | FA25: 7 | FB25: 25 | FC25: 27 | FD25: 7 | FE25: 0 | FF25: 0 | FG25: 0 | FH25: 0 | FI25: 52 | FJ25: 51 | FK25: 56 | FL25: 4 | FM25: 5 | FN25: 5 | FO25: 34 | FP25: 19 | FQ25: 34 | FR25: Binəqədi | FS25: 313 | FT25: 134 | FU25: 313
BK26: 227519884 | BL26: 267 nömrəli məktəb-lisey | BM26: 267 | BN26: məktəb-lisey | BO26: Azərbaycan, rus | BP26: 71 | BQ26: 0 | BR26: 58.352113 | BS26: 31.433803 | BT26: 38.152113 | BU26: 127.93803 | BV26: 42.646009 | BW26: 7 | BX26: 31 | BY26: 21 | BZ26: 12 | CA26: 0 | CB26: 0 | CC26: 43 | CD26: 19 | CE26: 8 | CF26: 1 | CG26: 1 | CH26: 0 | CI26: 29 | CJ26: 26 | CK26: 16 | CL26: 0 | CM26: 1 | CN26: 0 | CO26: 0 | CP26: 0 | CQ26: 62 | CR26: 0 | CS26: 65.290323 | CT26: 43.708065 | CU26: 52.275806 | CV26: 57.435484 | CW26: 161.27419 | CX26: 53.758065 | CY26: 54.677419 | CZ26: 5 | DA26: 17 | DB26: 23 | DC26: 17 | DD26: 0 | DE26: 0 | DF26: 25 | DG26: 15 | DH26: 15 | DI26: 7 | DJ26: 1 | DK26: 0 | DL26: 12 | DM26: 25 | DN26: 18 | DO26: 7 | DP26: 0 | DQ26: 0 | DR26: 9 | DS26: 20 | DT26: 26 | DU26: 7 | DV26: 0 | DW26: 0 | DX26: 0 | DY26: 0 | DZ26: 133 | EA26: 0 | EB26: 61.586466 | EC26: 37.155639 | ED26: 44.73609 | EE26: 57.435484 | EF26: 143.4782 | EG26: 47.826065 | EH26: 48.254637 | EI26: 12 | EJ26: 48 | EK26: 44 | EL26: 29 | EM26: 0 | EN26: 0 | EO26: 68 | EP26: 34 | EQ26: 23 | ER26: 8 | ES26: 2 | ET26: 0 | EU26: 41 | EV26: 51 | EW26: 34 | EX26: 7 | EY26: 1 | EZ26: 0 | FA26: 9 | FB26: 20 | FC26: 26 | FD26: 7 | FE26: 0 | FF26: 0 | FG26: 0 | FH26: 0 | FI26: 110 | FJ26: 22 | FK26: 55 | FL26: 13 | FM26: 2 | FN26: 4 | FO26: 34 | FP26: 19 | FQ26: 34 | FR26: Binəqədi | FS26: 313 | FT26: 134 | FU26: 313
BK27: 793385579 | BL27: 276 nömrəli tam orta məktəb | BM27: 276 | BN27: tam orta məktəb | BO27: Azərbaycan, rus | BP27: 87 | BQ27: 1 | BR27: 57.977907 | BS27: 33.802326 | BT27: 43.705814 | BU27: 135.48605 | BV27: 45.162016 | BW27: 14 | BX27: 29 | BY27: 27 | BZ27: 16 | CA27: 1 | CB27: 0 | CC27: 42 | CD27: 29 | CE27: 10 | CF27: 5 | CG27: 2 | CH27: 1 | CI27: 32 | CJ27: 33 | CK27: 11 | CL27: 10 | CM27: 2 | CN27: 1 | CO27: 1 | CP27: 0 | CQ27: 45 | CR27: 0 | CS27: 62.635556 | CT27: 26.395556 | CU27: 49.668889 | CV27: 54.822222 | CW27: 138.7 | CX27: 46.233333 | CY27: 48.380556 | CZ27: 6 | DA27: 9 | DB27: 16 | DC27: 14 | DD27: 1 | DE27: 0 | DF27: 32 | DG27: 10 | DH27: 1 | DI27: 2 | DJ27: 2 | DK27: 0 | DL27: 13 | DM27: 15 | DN27: 12 | DO27: 5 | DP27: 1 | DQ27: 1 | DR27: 9 | DS27: 15 | DT27: 12 | DU27: 9 | DV27: 0 | DW27: 1 | DX27: 1 | DY27: 0 | DZ27: 132 | EA27: 1 | EB27: 59.577863 | EC27: 31.258015 | ED27: 45.754198 | EE27: 54.822222 | EF27: 136.59008 | EG27: 45.530025 | EH27: 46.267621 | EI27: 20 | EJ27: 38 | EK27: 43 | EL27: 30 | EM27: 2 | EN27: 0 | EO27: 74 | EP27: 39 | EQ27: 11 | ER27: 7 | ES27: 4 | ET27: 1 | EU27: 45 | EV27: 48 | EW27: 23 | EX27: 15 | EY27: 3 | EZ27: 2 | FA27: 9 | FB27: 15 | FC27: 12 | FD27: 9 | FE27: 0 | FF27: 1 | FG27: 2 | FH27: 0 | FI27: 66 | FJ27: 79 | FK27: 90 | FL27: 7 | FM27: 11 | FN27: 10 | FO27: 34 | FP27: 19 | FQ27: 34 | FR27: Binəqədi | FS27: 313 | FT27: 134 | FU27: 313
BK28: 199201762 | BL28: 283 nömrəli tam orta məktəb | BM28: 283 | BN28: tam orta məktəb | BO28: Azərbaycan, rus | BP28: 93 | BQ28: 3 | BR28: 54.377778 | BS28: 34.295556 | BT28: 38.984444 | BU28: 127.65778 | BV28: 42.552593 | BW28: 17 | BX28: 37 | BY28: 19 | BZ28: 17 | CA28: 0 | CB28: 0 | CC28: 47 | CD28: 27 | CE28: 10 | CF28: 6 | CG28: 2 | CH28: 1 | CI28: 38 | CJ28: 34 | CK28: 14 | CL28: 4 | CM28: 1 | CN28: 0 | CO28: 0 | CP28: 0 | CQ28: 14 | CR28: 0 | CS28: 53.792857 | CT28: 26.428571 | CU28: 38.221429 | CV28: 60.5 | CW28: 118.44286 | CX28: 39.480952 | CY28: 44.735714 | CZ28: 1 | DA28: 8 | DB28: 3 | DC28: 2 | DD28: 0 | DE28: 0 | DF28: 11 | DG28: 1 | DH28: 1 | DI28: 1 | DJ28: 0 | DK28: 0 | DL28: 6 | DM28: 6 | DN28: 2 | DO28: 0 | DP28: 0 | DQ28: 0 | DR28: 1 | DS28: 5 | DT28: 7 | DU28: 1 | DV28: 0 | DW28: 0 | DX28: 0 | DY28: 0 | DZ28: 107 | EA28: 3 | EB28: 54.299038 | EC28: 33.236538 | ED28: 38.881731 | EE28: 60.5 | EF28: 126.41731 | EG28: 42.139103 | EH28: 42.846474 | EI28: 18 | EJ28: 45 | EK28: 22 | EL28: 19 | EM28: 0 | EN28: 0 | EO28: 58 | EP28: 28 | EQ28: 11 | ER28: 7 | ES28: 2 | ET28: 1 | EU28: 44 | EV28: 40 | EW28: 16 | EX28: 4 | EY28: 1 | EZ28: 0 | FA28: 1 | FB28: 5 | FC28: 7 | FD28: 1 | FE28: 0 | FF28: 0 | FG28: 0 | FH28: 0 | FI28: 112 | FJ28: 112 | FK28: 131 | FL28: 14 | FM28: 18 | FN28: 17 | FO28: 34 | FP28: 19 | FQ28: 34 | FR28: Binəqədi | FS28: 313 | FT28: 134 | FU28: 313
BK29: 692159867 | BL29: 284 nömrəli tam orta məktəb | BM29: 284 | BN29: tam orta məktəb | BO29: Azərbaycan, rus | BP29: 246 | BQ29: 3 | BR29: 49.170782 | BS29: 28.236214 | BT29: 31.495062 | BU29: 108.90206 | BV29: 36.300686 | BW29: 59 | BX29: 106 | BY29: 45 | BZ29: 33 | CA29: 1 | CB29: 0 | CC29: 152 | CD29: 69 | CE29: 18 | CF29: 4 | CG29: 6 | CH29: 0 | CI29: 138 | CJ29: 83 | CK29: 15 | CL29: 7 | CM29: 2 | CN29: 0 | CO29: 0 | CP29: 0 | CQ29: 38 | CR29: 0 | CS29: 56.397368 | CT29: 25.402632 | CU29: 37.460526 | CV29: 61.605263 | CW29: 119.26053 | CX29: 39.753509 | CY29: 45.216447 | CZ29: 6 | DA29: 15 | DB29: 10 | DC29: 7 | DD29: 1 | DE29: 0 | DF29: 27 | DG29: 9 | DH29: 2 | DI29: 0 | DJ29: 2 | DK29: 0 | DL29: 19 | DM29: 13 | DN29: 5 | DO29: 1 | DP29: 0 | DQ29: 0 | DR29: 5 | DS29: 10 | DT29: 15 | DU29: 8 | DV29: 0 | DW29: 1 | DX29: 0 | DY29: 0 | DZ29: 284 | EA29: 3 | EB29: 50.148043 | EC29: 27.853025 | ED29: 32.301779 | EE29: 61.605263 | EF29: 110.30285 | EG29: 36.767616 | EH29: 37.506376 | EI29: 65 | EJ29: 121 | EK29: 55 | EL29: 40 | EM29: 2 | EN29: 0 | EO29: 179 | EP29: 78 | EQ29: 20 | ER29: 4 | ES29: 8 | ET29: 0 | EU29: 157 | EV29: 96 | EW29: 20 | EX29: 8 | EY29: 2 | EZ29: 0 | FA29: 5 | FB29: 10 | FC29: 15 | FD29: 8 | FE29: 0 | FF29: 1 | FG29: 0 | FH29: 0 | FI29: 228 | FJ29: 111 | FK29: 229 | FL29: 27 | FM29: 17 | FN29: 26 | FO29: 34 | FP29: 19 | FQ29: 34 | FR29: Binəqədi | FS29: 313 | FT29: 134 | FU29: 313
BK30: 407697984 | BL30: 297 nömrəli tam orta məktəb | BM30: 297 | BN30: tam orta məktəb | BO30: Azərbaycan, rus | BP30: 166 | BQ30: 0 | BR30: 57.981928 | BS30: 34.807831 | BT30: 37.968675 | BU30: 130.75843 | BV30: 43.586145 | BW30: 24 | BX30: 60 | BY30: 52 | BZ30: 30 | CA30: 0 | CB30: 2 | CC30: 87 | CD30: 48 | CE30: 25 | CF30: 6 | CG30: 5 | CH30: 0 | CI30: 73 | CJ30: 63 | CK30: 24 | CL30: 6 | CM30: 1 | CN30: 1 | CO30: 0 | CP30: 0 | CQ30: 32 | CR30: 0 | CS30: 57.99375 | CT30: 23.8375 | CU30: 39.515625 | CV30: 53.59375 | CW30: 121.34687 | CX30: 40.448958 | CY30: 43.735156 | CZ30: 3 | DA30: 11 | DB30: 17 | DC30: 1 | DD30: 0 | DE30: 0 | DF30: 27 | DG30: 2 | DH30: 3 | DI30: 0 | DJ30: 0 | DK30: 0 | DL30: 11 | DM30: 18 | DN30: 2 | DO30: 1 | DP30: 0 | DQ30: 0 | DR30: 7 | DS30: 9 | DT30: 14 | DU30: 2 | DV30: 0 | DW30: 0 | DX30: 0 | DY30: 0 | DZ30: 198 | EA30: 0 | EB30: 57.983838 | EC30: 33.034848 | ED30: 38.218687 | EE30: 53.59375 | EF30: 129.23737 | EG30: 43.079125 | EH30: 43.610227 | EI30: 27 | EJ30: 71 | EK30: 69 | EL30: 31 | EM30: 0 | EN30: 2 | EO30: 114 | EP30: 50 | EQ30: 28 | ER30: 6 | ES30: 5 | ET30: 0 | EU30: 84 | EV30: 81 | EW30: 26 | EX30: 7 | EY30: 1 | EZ30: 1 | FA30: 7 | FB30: 9 | FC30: 14 | FD30: 2 | FE30: 0 | FF30: 0 | FG30: 0 | FH30: 0 | FI30: 89 | FJ30: 110 | FK30: 114 | FL30: 10 | FM30: 16 | FN30: 12 | FO30: 34 | FP30: 19 | FQ30: 34 | FR30: Binəqədi | FS30: 313 | FT30: 134 | FU30: 313
BK31: 558335700 | BL31: 298 nömrəli tam orta məktəb | BM31: 298 | BN31: tam orta məktəb | BO31: Azərbaycan | BP31: 77 | BQ31: 1 | BR31: 57.397368 | BS31: 27.443421 | BT31: 31.969737 | BU31: 116.81053 | BV31: 38.936842 | BW31: 9 | BX31: 31 | BY31: 25 | BZ31: 11 | CA31: 0 | CB31: 0 | CC31: 46 | CD31: 24 | CE31: 5 | CF31: 1 | CG31: 2 | CH31: 0 | CI31: 45 | CJ31: 26 | CK31: 2 | CL31: 3 | CM31: 0 | CN31: 0 | CO31: 0 | CP31: 0 | CQ31: 0 | CR31: 0 | CZ31: 0 | DA31: 0 | DB31: 0 | DC31: 0 | DD31: 0 | DE31: 0 | DF31: 0 | DG31: 0 | DH31: 0 | DI31: 0 | DJ31: 0 | DK31: 0 | DL31: 0 | DM31: 0 | DN31: 0 | DO31: 0 | DP31: 0 | DQ31: 0 | DR31: 0 | DS31: 0 | DT31: 0 | DU31: 0 | DV31: 0 | DW31: 0 | DX31: 0 | DY31: 0 | DZ31: 77 | EA31: 1 | EB31: 57.397368 | EC31: 27.443421 | ED31: 31.969737 | EF31: 116.81053 | EG31: 38.936842 | EH31: 38.936842 | EI31: 9 | EJ31: 31 | EK31: 25 | EL31: 11 | EM31: 0 | EN31: 0 | EO31: 46 | EP31: 24 | EQ31: 5 | ER31: 1 | ES31: 2 | ET31: 0 | EU31: 45 | EV31: 26 | EW31: 2 | EX31: 3 | EY31: 0 | EZ31: 0 | FA31: 0 | FB31: 0 | FC31: 0 | FD31: 0 | FE31: 0 | FF31: 0 | FG31: 0 | FH31: 0 | FI31: 177 | FK31: 188 | FL31: 22 | FN31: 24 | FO31: 34 | FP31: 19 | FQ31: 34 | FR31: Binəqədi | FS31: 313 | FT31: 134 | FU31: 313
BK32: 316299466 | BL32: 299 nömrəli məktəb-lisey | BM32: 299 | BN32: məktəb-lisey | BO32: Azərbaycan, rus | BP32: 162 | BQ32: 0 | BR32: 61.370988 | BS32: 37.87716 | BT32: 41.591975 | BU32: 140.84012 | BV32: 46.946708 | BW32: 15 | BX32: 58 | BY32: 52 | BZ32: 37 | CA32: 0 | CB32: 1 | CC32: 67 | CD32: 68 | CE32: 17 | CF32: 10 | CG32: 2 | CH32: 0 | CI32: 62 | CJ32: 71 | CK32: 18 | CL32: 11 | CM32: 0 | CN32: 1 | CO32: 0 | CP32: 0 | CQ32: 31 | CR32: 0 | CS32: 71.374194 | CT32: 39.706452 | CU32: 56.548387 | CV32: 65.064516 | CW32: 167.62903 | CX32: 55.876344 | CY32: 58.173387 | CZ32: 1 | DA32: 6 | DB32: 10 | DC32: 14 | DD32: 0 | DE32: 1 | DF32: 11 | DG32: 15 | DH32: 2 | DI32: 3 | DJ32: 0 | DK32: 0 | DL32: 8 | DM32: 6 | DN32: 12 | DO32: 5 | DP32: 0 | DQ32: 0 | DR32: 3 | DS32: 8 | DT32: 10 | DU32: 10 | DV32: 0 | DW32: 0 | DX32: 0 | DY32: 0 | DZ32: 193 | EA32: 0 | EB32: 62.97772 | EC32: 38.170984 | ED32: 43.994301 | EE32: 65.064516 | EF32: 145.14301 | EG32: 48.381002 | EH32: 48.749957 | EI32: 16 | EJ32: 64 | EK32: 62 | EL32: 51 | EM32: 0 | EN32: 2 | EO32: 78 | EP32: 83 | EQ32: 19 | ER32: 13 | ES32: 2 | ET32: 0 | EU32: 70 | EV32: 77 | EW32: 30 | EX32: 16 | EY32: 0 | EZ32: 1 | FA32: 3 | FB32: 8 | FC32: 10 | FD32: 10 | FE32: 0 | FF32: 0 | FG32: 0 | FH32: 0 | FI32: 46 | FJ32: 15 | FK32: 48 | FL32: 3 | FM32: 1 | FN32: 3 | FO32: 34 | FP32: 19 | FQ32: 34 | FR32: Binəqədi | FS32: 313 | FT32: 134 | FU32: 313
BK33: 896967625 | BL33: 300 nömrəli tam orta məktəb | BM33: 300 | BN33: tam orta məktəb | BO33: Azərbaycan, rus | BP33: 121 | BQ33: 1 | BR33: 58.1275 | BS33: 29.115833 | BT33: 36.003333 | BU33: 123.24667 | BV33: 41.082222 | BW33: 17 | BX33: 46 | BY33: 34 | BZ33: 23 | CA33: 0 | CB33: 0 | CC33: 71 | CD33: 33 | CE33: 12 | CF33: 4 | CG33: 1 | CH33: 0 | CI33: 64 | CJ33: 38 | CK33: 12 | CL33: 6 | CM33: 0 | CN33: 0 | CO33: 0 | CP33: 0 | CQ33: 27 | CR33: 0 | CS33: 62.596296 | CT33: 32.518519 | CU33: 53.481481 | CV33: 65.925926 | CW33: 148.5963 | CX33: 49.532099 | CY33: 53.630556 | CZ33: 2 | DA33: 11 | DB33: 6 | DC33: 8 | DD33: 0 | DE33: 0 | DF33: 16 | DG33: 8 | DH33: 3 | DI33: 0 | DJ33: 0 | DK33: 0 | DL33: 3 | DM33: 16 | DN33: 4 | DO33: 4 | DP33: 0 | DQ33: 0 | DR33: 1 | DS33: 5 | DT33: 13 | DU33: 8 | DV33: 0 | DW33: 0 | DX33: 0 | DY33: 0 | DZ33: 148 | EA33: 1 | EB33: 58.948299 | EC33: 29.740816 | ED33: 39.213605 | EE33: 65.925926 | EF33: 127.90272 | EG33: 42.63424 | EH33: 43.387018 | EI33: 19 | EJ33: 57 | EK33: 40 | EL33: 31 | EM33: 0 | EN33: 0 | EO33: 87 | EP33: 41 | EQ33: 15 | ER33: 4 | ES33: 1 | ET33: 0 | EU33: 67 | EV33: 54 | EW33: 16 | EX33: 10 | EY33: 0 | EZ33: 0 | FA33: 1 | FB33: 5 | FC33: 13 | FD33: 8 | FE33: 0 | FF33: 0 | FG33: 0 | FH33: 0 | FI33: 131 | FJ33: 55 | FK33: 126 | FL33: 19 | FM33: 7 | FN33: 15 | FO33: 34 | FP33: 19 | FQ33: 34 | FR33: Binəqədi | FS33: 313 | FT33: 134 | FU33: 313
BK34: 647738207 | BL34: 301 nömrəli tam orta məktəb | BM34: 301 | BN34: tam orta məktəb | BO34: Azərbaycan | BP34: 75 | BQ34: 0 | BR34: 48.954667 | BS34: 24.464 | BT34: 30.157333 | BU34: 103.576 | BV34: 34.525333 | BW34: 20 | BX34: 29 | BY34: 19 | BZ34: 7 | CA34: 0 | CB34: 0 | CC34: 53 | CD34: 16 | CE34: 5 | CF34: 1 | CG34: 4 | CH34: 0 | CI34: 45 | CJ34: 23 | CK34: 6 | CL34: 1 | CM34: 0 | CN34: 0 | CO34: 0 | CP34: 0 | CQ34: 0 | CR34: 0 | CZ34: 0 | DA34: 0 | DB34: 0 | DC34: 0 | DD34: 0 | DE34: 0 | DF34: 0 | DG34: 0 | DH34: 0 | DI34: 0 | DJ34: 0 | DK34: 0 | DL34: 0 | DM34: 0 | DN34: 0 | DO34: 0 | DP34: 0 | DQ34: 0 | DR34: 0 | DS34: 0 | DT34: 0 | DU34: 0 | DV34: 0 | DW34: 0 | DX34: 0 | DY34: 0 | DZ34: 75 | EA34: 0 | EB34: 48.954667 | EC34: 24.464 | ED34: 30.157333 | EF34: 103.576 | EG34: 34.525333 | EH34: 34.525333 | EI34: 20 | EJ34: 29 | EK34: 19 | EL34: 7 | EM34: 0 | EN34: 0 | EO34: 53 | EP34: 16 | EQ34: 5 | ER34: 1 | ES34: 4 | ET34: 0 | EU34: 45 | EV34: 23 | EW34: 6 | EX34: 1 | EY34: 0 | EZ34: 0 | FA34: 0 | FB34: 0 | FC34: 0 | FD34: 0 | FE34: 0 | FF34: 0 | FG34: 0 | FH34: 0 | FI34: 254 | FK34: 259 | FL34: 29 | FN34: 29 | FO34: 34 | FP34: 19 | FQ34: 34 | FR34: Binəqədi | FS34: 313 | FT34: 134 | FU34: 313
BK35: 415956063 | BL35: 306 nömrəli tam orta məktəb | BM35: 306 | BN35: tam orta məktəb | BO35: Azərbaycan | BP35: 112 | BQ35: 0 | BR35: 47.203571 | BS35: 22.833929 | BT35: 30.245536 | BU35: 100.28304 | BV35: 33.427679 | BW35: 33 | BX35: 43 | BY35: 26 | BZ35: 10 | CA35: 1 | CB35: 0 | CC35: 87 | CD35: 18 | CE35: 5 | CF35: 2 | CG35: 2 | CH35: 0 | CI35: 68 | CJ35: 35 | CK35: 7 | CL35: 2 | CM35: 1 | CN35: 0 | CO35: 1 | CP35: 0 | CQ35: 0 | CR35: 0 | CZ35: 0 | DA35: 0 | DB35: 0 | DC35: 0 | DD35: 0 | DE35: 0 | DF35: 0 | DG35: 0 | DH35: 0 | DI35: 0 | DJ35: 0 | DK35: 0 | DL35: 0 | DM35: 0 | DN35: 0 | DO35: 0 | DP35: 0 | DQ35: 0 | DR35: 0 | DS35: 0 | DT35: 0 | DU35: 0 | DV35: 0 | DW35: 0 | DX35: 0 | DY35: 0 | DZ35: 112 | EA35: 0 | EB35: 47.203571 | EC35: 22.833929 | ED35: 30.245536 | EF35: 100.28304 | EG35: 33.427679 | EH35: 33.427679 | EI35: 33 | EJ35: 43 | EK35: 26 | EL35: 10 | EM35: 1 | EN35: 0 | EO35: 87 | EP35: 18 | EQ35: 5 | ER35: 2 | ES35: 2 | ET35: 0 | EU35: 68 | EV35: 35 | EW35: 7 | EX35: 2 | EY35: 1 | EZ35: 0 | FA35: 0 | FB35: 0 | FC35: 0 | FD35: 0 | FE35: 0 | FF35: 0 | FG35: 1 | FH35: 0 | FI35: 265 | FK35: 267 | FL35: 31 | FN35: 31 | FO35: 34 | FP35: 19 | FQ35: 34 | FR35: Binəqədi | FS35: 313 | FT35: 134 | FU35: 313
BK36: 485798325 | BL36: 313 nömrəli tam orta məktəb | BM36: 313 | BN36: tam orta məktəb | BO36: Azərbaycan | BP36: 189 | BQ36: 1 | BR36: 57.443617 | BS36: 31.471809 | BT36: 37.264362 | BU36: 126.17979 | BV36: 42.059929 | BW36: 24 | BX36: 77 | BY36: 53 | BZ36: 34 | CA36: 0 | CB36: 0 | CC36: 109 | CD36: 56 | CE36: 17 | CF36: 6 | CG36: 2 | CH36: 1 | CI36: 87 | CJ36: 72 | CK36: 24 | CL36: 5 | CM36: 2 | CN36: 0 | CO36: 0 | CP36: 0 | CQ36: 0 | CR36: 0 | CZ36: 0 | DA36: 0 | DB36: 0 | DC36: 0 | DD36: 0 | DE36: 0 | DF36: 0 | DG36: 0 | DH36: 0 | DI36: 0 | DJ36: 0 | DK36: 0 | DL36: 0 | DM36: 0 | DN36: 0 | DO36: 0 | DP36: 0 | DQ36: 0 | DR36: 0 | DS36: 0 | DT36: 0 | DU36: 0 | DV36: 0 | DW36: 0 | DX36: 0 | DY36: 0 | DZ36: 189 | EA36: 1 | EB36: 57.443617 | EC36: 31.471809 | ED36: 37.264362 | EF36: 126.17979 | EG36: 42.059929 | EH36: 42.059929 | EI36: 24 | EJ36: 77 | EK36: 53 | EL36: 34 | EM36: 0 | EN36: 0 | EO36: 109 | EP36: 56 | EQ36: 17 | ER36: 6 | ES36: 2 | ET36: 1 | EU36: 87 | EV36: 72 | EW36: 24 | EX36: 5 | EY36: 2 | EZ36: 0 | FA36: 0 | FB36: 0 | FC36: 0 | FD36: 0 | FE36: 0 | FF36: 0 | FG36: 0 | FH36: 0 | FI36: 117 | FK36: 133 | FL36: 15 | FN36: 18 | FO36: 34 | FP36: 19 | FQ36: 34 | FR36: Binəqədi | FS36: 313 | FT36: 134 | FU36: 313
BK37: 532167695 | BL37: 314 nömrəli tam orta məktəb | BM37: 314 | BN37: tam orta məktəb | BO37: Azərbaycan | BP37: 175 | BQ37: 5 | BR37: 55.984118 | BS37: 31.771765 | BT37: 37.266471 | BU37: 125.02235 | BV37: 41.674118 | BW37: 34 | BX37: 57 | BY37: 42 | BZ37: 37 | CA37: 1 | CB37: 1 | CC37: 100 | CD37: 43 | CE37: 15 | CF37: 12 | CG37: 5 | CH37: 0 | CI37: 83 | CJ37: 55 | CK37: 20 | CL37: 12 | CM37: 2 | CN37: 0 | CO37: 1 | CP37: 0 | CQ37: 0 | CR37: 0 | CZ37: 0 | DA37: 0 | DB37: 0 | DC37: 0 | DD37: 0 | DE37: 0 | DF37: 0 | DG37: 0 | DH37: 0 | DI37: 0 | DJ37: 0 | DK37: 0 | DL37: 0 | DM37: 0 | DN37: 0 | DO37: 0 | DP37: 0 | DQ37: 0 | DR37: 0 | DS37: 0 | DT37: 0 | DU37: 0 | DV37: 0 | DW37: 0 | DX37: 0 | DY37: 0 | DZ37: 175 | EA37: 5 | EB37: 55.984118 | EC37: 31.771765 | ED37: 37.266471 | EF37: 125.02235 | EG37: 41.674118 | EH37: 41.674118 | EI37: 34 | EJ37: 57 | EK37: 42 | EL37: 37 | EM37: 1 | EN37: 1 | EO37: 100 | EP37: 43 | EQ37: 15 | ER37: 12 | ES37: 5 | ET37: 0 | EU37: 83 | EV37: 55 | EW37: 20 | EX37: 12 | EY37: 2 | EZ37: 0 | FA37: 0 | FB37: 0 | FC37: 0 | FD37: 0 | FE37: 0 | FF37: 0 | FG37: 1 | FH37: 0 | FI37: 124 | FK37: 137 | FL37: 16 | FN37: 19 | FO37: 34 | FP37: 19 | FQ37: 34 | FR37: Binəqədi | FS37: 313 | FT37: 134 | FU37: 313
BK38: 618081585 | BL38: 11 nömrəli xüsusi təhsil məktəbi-əqli məhdudiyyətli uşaqlar üçün | BM38: 11 | BN38: XTM | BO38: Azərbaycan | BP38: 0 | BQ38: 0 | BW38: 0 | BX38: 0 | BY38: 0 | BZ38: 0 | CA38: 0 | CB38: 0 | CC38: 0 | CD38: 0 | CE38: 0 | CF38: 0 | CG38: 0 | CH38: 0 | CI38: 0 | CJ38: 0 | CK38: 0 | CL38: 0 | CM38: 0 | CN38: 0 | CO38: 0 | CP38: 0 | CQ38: 0 | CR38: 0 | CZ38: 0 | DA38: 0 | DB38: 0 | DC38: 0 | DD38: 0 | DE38: 0 | DF38: 0 | DG38: 0 | DH38: 0 | DI38: 0 | DJ38: 0 | DK38: 0 | DL38: 0 | DM38: 0 | DN38: 0 | DO38: 0 | DP38: 0 | DQ38: 0 | DR38: 0 | DS38: 0 | DT38: 0 | DU38: 0 | DV38: 0 | DW38: 0 | DX38: 0 | DY38: 0 | DZ38: 0 | EA38: 0 | EI38: 0 | EJ38: 0 | EK38: 0 | EL38: 0 | EM38: 0 | EN38: 0 | EO38: 0 | EP38: 0 | EQ38: 0 | ER38: 0 | ES38: 0 | ET38: 0 | EU38: 0 | EV38: 0 | EW38: 0 | EX38: 0 | EY38: 0 | EZ38: 0 | FA38: 0 | FB38: 0 | FC38: 0 | FD38: 0 | FE38: 0 | FF38: 0 | FG38: 0 | FH38: 0 | FO38: 21 | FP38: 10 | FQ38: 21 | FR38: Nərimanov | FS38: 313 | FT38: 134 | FU38: 313
BK39: 764548582 | BL39: 34 nömrəli tam orta məktəb | BM39: 34 | BN39: tam orta məktəb | BO39: Azərbaycan | BP39: 52 | BQ39: 1 | BR39: 48.17451 | BS39: 37.607843 | BT39: 37.190196 | BU39: 122.97255 | BV39: 40.99085 | BW39: 11 | BX39: 24 | BY39: 11 | BZ39: 5 | CA39: 0 | CB39: 0 | CC39: 23 | CD39: 19 | CE39: 3 | CF39: 6 | CG39: 1 | CH39: 0 | CI39: 30 | CJ39: 14 | CK39: 4 | CL39: 3 | CM39: 0 | CN39: 0 | CO39: 0 | CP39: 0 | CQ39: 0 | CR39: 0 | CZ39: 0 | DA39: 0 | DB39: 0 | DC39: 0 | DD39: 0 | DE39: 0 | DF39: 0 | DG39: 0 | DH39: 0 | DI39: 0 | DJ39: 0 | DK39: 0 | DL39: 0 | DM39: 0 | DN39: 0 | DO39: 0 | DP39: 0 | DQ39: 0 | DR39: 0 | DS39: 0 | DT39: 0 | DU39: 0 | DV39: 0 | DW39: 0 | DX39: 0 | DY39: 0 | DZ39: 52 | EA39: 1 | EB39: 48.17451 | EC39: 37.607843 | ED39: 37.190196 | EF39: 122.97255 | EG39: 40.99085 | EH39: 40.99085 | EI39: 11 | EJ39: 24 | EK39: 11 | EL39: 5 | EM39: 0 | EN39: 0 | EO39: 23 | EP39: 19 | EQ39: 3 | ER39: 6 | ES39: 1 | ET39: 0 | EU39: 30 | EV39: 14 | EW39: 4 | EX39: 3 | EY39: 0 | EZ39: 0 | FA39: 0 | FB39: 0 | FC39: 0 | FD39: 0 | FE39: 0 | FF39: 0 | FG39: 0 | FH39: 0 | FI39: 134 | FK39: 149 | FL39: 8 | FN39: 10 | FO39: 21 | FP39: 10 | FQ39: 21 | FR39: Nərimanov | FS39: 313 | FT39: 134 | FU39: 313
BK40: 310686851 | BL40: 36 nömrəli tam orta məktəb | BM40: 36 | BN40: tam orta məktəb | BO40: Azərbaycan | BP40: 96 | BQ40: 5 | BR40: 48.021978 | BS40: 34.445055 | BT40: 36.718681 | BU40: 119.18571 | BV40: 39.728571 | BW40: 23 | BX40: 39 | BY40: 20 | BZ40: 9 | CA40: 1 | CB40: 0 | CC40: 46 | CD40: 32 | CE40: 8 | CF40: 5 | CG40: 2 | CH40: 1 | CI40: 49 | CJ40: 20 | CK40: 13 | CL40: 9 | CM40: 1 | CN40: 0 | CO40: 1 | CP40: 0 | CQ40: 0 | CR40: 0 | CZ40: 0 | DA40: 0 | DB40: 0 | DC40: 0 | DD40: 0 | DE40: 0 | DF40: 0 | DG40: 0 | DH40: 0 | DI40: 0 | DJ40: 0 | DK40: 0 | DL40: 0 | DM40: 0 | DN40: 0 | DO40: 0 | DP40: 0 | DQ40: 0 | DR40: 0 | DS40: 0 | DT40: 0 | DU40: 0 | DV40: 0 | DW40: 0 | DX40: 0 | DY40: 0 | DZ40: 96 | EA40: 5 | EB40: 48.021978 | EC40: 34.445055 | ED40: 36.718681 | EF40: 119.18571 | EG40: 39.728571 | EH40: 39.728571 | EI40: 23 | EJ40: 39 | EK40: 20 | EL40: 9 | EM40: 1 | EN40: 0 | EO40: 46 | EP40: 32 | EQ40: 8 | ER40: 5 | ES40: 2 | ET40: 1 | EU40: 49 | EV40: 20 | EW40: 13 | EX40: 9 | EY40: 1 | EZ40: 0 | FA40: 0 | FB40: 0 | FC40: 0 | FD40: 0 | FE40: 0 | FF40: 0 | FG40: 1 | FH40: 0 | FI40: 159 | FK40: 170 | FL40: 10 | FN40: 13 | FO40: 21 | FP40: 10 | FQ40: 21 | FR40: Nərimanov | FS40: 313 | FT40: 134 | FU40: 313
BK41: 213616556 | BL41: 37 nömrəli tam orta məktəb | BM41: 37 | BN41: tam orta məktəb | BO41: Azərbaycan | BP41: 72 | BQ41: 0 | BR41: 43.073611 | BS41: 29.140278 | BT41: 33.984722 | BU41: 106.19861 | BV41: 35.399537 | BW41: 20 | BX41: 35 | BY41: 11 | BZ41: 6 | CA41: 1 | CB41: 0 | CC41: 43 | CD41: 22 | CE41: 4 | CF41: 3 | CG41: 1 | CH41: 0 | CI41: 42 | CJ41: 19 | CK41: 5 | CL41: 6 | CM41: 1 | CN41: 1 | CO41: 0 | CP41: 0 | CQ41: 0 | CR41: 0 | CZ41: 0 | DA41: 0 | DB41: 0 | DC41: 0 | DD41: 0 | DE41: 0 | DF41: 0 | DG41: 0 | DH41: 0 | DI41: 0 | DJ41: 0 | DK41: 0 | DL41: 0 | DM41: 0 | DN41: 0 | DO41: 0 | DP41: 0 | DQ41: 0 | DR41: 0 | DS41: 0 | DT41: 0 | DU41: 0 | DV41: 0 | DW41: 0 | DX41: 0 | DY41: 0 | DZ41: 72 | EA41: 0 | EB41: 43.073611 | EC41: 29.140278 | ED41: 33.984722 | EF41: 106.19861 | EG41: 35.399537 | EH41: 35.399537 | EI41: 20 | EJ41: 35 | EK41: 11 | EL41: 6 | EM41: 1 | EN41: 0 | EO41: 43 | EP41: 22 | EQ41: 4 | ER41: 3 | ES41: 1 | ET41: 0 | EU41: 42 | EV41: 19 | EW41: 5 | EX41: 6 | EY41: 1 | EZ41: 1 | FA41: 0 | FB41: 0 | FC41: 0 | FD41: 0 | FE41: 0 | FF41: 0 | FG41: 0 | FH41: 0 | FI41: 241 | FK41: 246 | FL41: 18 | FN41: 18 | FO41: 21 | FP41: 10 | FQ41: 21 | FR41: Nərimanov | FS41: 313 | FT41: 134 | FU41: 313
BK42: 703873635 | BL42: 39 nömrəli tam orta məktəb | BM42: 39 | BN42: tam orta məktəb | BO42: Azərbaycan, rus | BP42: 47 | BQ42: 2 | BR42: 48.482222 | BS42: 39.562222 | BT42: 43.655556 | BU42: 131.7 | BV42: 43.9 | BW42: 12 | BX42: 19 | BY42: 8 | BZ42: 6 | CA42: 1 | CB42: 0 | CC42: 22 | CD42: 12 | CE42: 5 | CF42: 6 | CG42: 2 | CH42: 2 | CI42: 16 | CJ42: 13 | CK42: 11 | CL42: 5 | CM42: 1 | CN42: 0 | CO42: 1 | CP42: 0 | CQ42: 23 | CR42: 0 | CS42: 72.243478 | CT42: 37.082609 | CU42: 51.521739 | CV42: 69.956522 | CW42: 160.84783 | CX42: 53.615942 | CY42: 57.701087 | CZ42: 1 | DA42: 3 | DB42: 9 | DC42: 10 | DD42: 1 | DE42: 1 | DF42: 9 | DG42: 11 | DH42: 2 | DI42: 1 | DJ42: 1 | DK42: 0 | DL42: 7 | DM42: 5 | DN42: 7 | DO42: 4 | DP42: 1 | DQ42: 0 | DR42: 2 | DS42: 2 | DT42: 11 | DU42: 8 | DV42: 0 | DW42: 0 | DX42: 1 | DY42: 0 | DZ42: 70 | EA42: 2 | EB42: 56.519118 | EC42: 38.723529 | ED42: 46.316176 | EE42: 69.956522 | EF42: 141.55882 | EG42: 47.186275 | EH42: 48.568015 | EI42: 13 | EJ42: 22 | EK42: 17 | EL42: 16 | EM42: 2 | EN42: 1 | EO42: 31 | EP42: 23 | EQ42: 7 | ER42: 7 | ES42: 3 | ET42: 2 | EU42: 23 | EV42: 18 | EW42: 18 | EX42: 9 | EY42: 2 | EZ42: 0 | FA42: 2 | FB42: 2 | FC42: 11 | FD42: 8 | FE42: 0 | FF42: 0 | FG42: 2 | FH42: 0 | FI42: 83 | FJ42: 23 | FK42: 61 | FL42: 5 | FM42: 4 | FN42: 5 | FO42: 21 | FP42: 10 | FQ42: 21 | FR42: Nərimanov | FS42: 313 | FT42: 134 | FU42: 313
BK43: 864517341 | BL43: 45 nömrəli tam orta məktəb | BM43: 45 | BN43: tam orta məktəb | BO43: Azərbaycan | BP43: 139 | BQ43: 0 | BR43: 52.353957 | BS43: 37.386331 | BT43: 40.860432 | BU43: 130.60072 | BV43: 43.533573 | BW43: 22 | BX43: 71 | BY43: 32 | BZ43: 14 | CA43: 0 | CB43: 0 | CC43: 57 | CD43: 63 | CE43: 11 | CF43: 8 | CG43: 1 | CH43: 0 | CI43: 59 | CJ43: 47 | CK43: 26 | CL43: 7 | CM43: 1 | CN43: 0 | CO43: 0 | CP43: 0 | CQ43: 0 | CR43: 0 | CZ43: 0 | DA43: 0 | DB43: 0 | DC43: 0 | DD43: 0 | DE43: 0 | DF43: 0 | DG43: 0 | DH43: 0 | DI43: 0 | DJ43: 0 | DK43: 0 | DL43: 0 | DM43: 0 | DN43: 0 | DO43: 0 | DP43: 0 | DQ43: 0 | DR43: 0 | DS43: 0 | DT43: 0 | DU43: 0 | DV43: 0 | DW43: 0 | DX43: 0 | DY43: 0 | DZ43: 139 | EA43: 0 | EB43: 52.353957 | EC43: 37.386331 | ED43: 40.860432 | EF43: 130.60072 | EG43: 43.533573 | EH43: 43.533573 | EI43: 22 | EJ43: 71 | EK43: 32 | EL43: 14 | EM43: 0 | EN43: 0 | EO43: 57 | EP43: 63 | EQ43: 11 | ER43: 8 | ES43: 1 | ET43: 0 | EU43: 59 | EV43: 47 | EW43: 26 | EX43: 7 | EY43: 1 | EZ43: 0 | FA43: 0 | FB43: 0 | FC43: 0 | FD43: 0 | FE43: 0 | FF43: 0 | FG43: 0 | FH43: 0 | FI43: 93 | FK43: 107 | FL43: 6 | FN43: 8 | FO43: 21 | FP43: 10 | FQ43: 21 | FR43: Nərimanov | FS43: 313 | FT43: 134 | FU43: 313
BK44: 930476253 | BL44: 47 nömrəli tam orta məktəb | BM44: 47 | BN44: tam orta məktəb | BO44: Azərbaycan, rus | BP44: 68 | BQ44: 0 | BR44: 47.407353 | BS44: 31.864706 | BT44: 41.176471 | BU44: 120.44853 | BV44: 40.14951 | BW44: 20 | BX44: 24 | BY44: 23 | BZ44: 1 | CA44: 1 | CB44: 0 | CC44: 32 | CD44: 32 | CE44: 3 | CF44: 1 | CG44: 1 | CH44: 0 | CI44: 28 | CJ44: 23 | CK44: 13 | CL44: 4 | CM44: 2 | CN44: 0 | CO44: 1 | CP44: 0 | CQ44: 74 | CR44: 0 | CS44: 65.601351 | CT44: 37.024324 | CU44: 52.741892 | CV44: 55.27027 | CW44: 155.36757 | CX44: 51.789189 | CY44: 52.659459 | CZ44: 2 | DA44: 23 | DB44: 34 | DC44: 15 | DD44: 0 | DE44: 0 | DF44: 32 | DG44: 29 | DH44: 8 | DI44: 5 | DJ44: 1 | DK44: 0 | DL44: 17 | DM44: 26 | DN44: 18 | DO44: 13 | DP44: 0 | DQ44: 0 | DR44: 11 | DS44: 28 | DT44: 27 | DU44: 8 | DV44: 0 | DW44: 0 | DX44: 0 | DY44: 0 | DZ44: 142 | EA44: 0 | EB44: 56.888732 | EC44: 34.553521 | ED44: 47.203521 | EE44: 55.27027 | EF44: 138.64577 | EG44: 46.215258 | EH44: 46.668779 | EI44: 22 | EJ44: 47 | EK44: 57 | EL44: 16 | EM44: 1 | EN44: 0 | EO44: 64 | EP44: 61 | EQ44: 11 | ER44: 6 | ES44: 2 | ET44: 0 | EU44: 45 | EV44: 49 | EW44: 31 | EX44: 17 | EY44: 2 | EZ44: 0 | FA44: 11 | FB44: 28 | FC44: 27 | FD44: 8 | FE44: 0 | FF44: 0 | FG44: 1 | FH44: 0 | FI44: 149 | FJ44: 39 | FK44: 76 | FL44: 9 | FM44: 7 | FN44: 6 | FO44: 21 | FP44: 10 | FQ44: 21 | FR44: Nərimanov | FS44: 313 | FT44: 134 | FU44: 313
BK45: 877558334 | BL45: 57 nömrəli tam orta məktəb | BM45: 57 | BN45: tam orta məktəb | BO45: Azərbaycan | BP45: 75 | BQ45: 0 | BR45: 44.138667 | BS45: 37.986667 | BT45: 32.046667 | BU45: 114.172 | BV45: 38.057333 | BW45: 22 | BX45: 39 | BY45: 9 | BZ45: 5 | CA45: 1 | CB45: 0 | CC45: 27 | CD45: 38 | CE45: 6 | CF45: 4 | CG45: 1 | CH45: 1 | CI45: 45 | CJ45: 18 | CK45: 9 | CL45: 3 | CM45: 1 | CN45: 0 | CO45: 1 | CP45: 0 | CQ45: 0 | CR45: 0 | CZ45: 0 | DA45: 0 | DB45: 0 | DC45: 0 | DD45: 0 | DE45: 0 | DF45: 0 | DG45: 0 | DH45: 0 | DI45: 0 | DJ45: 0 | DK45: 0 | DL45: 0 | DM45: 0 | DN45: 0 | DO45: 0 | DP45: 0 | DQ45: 0 | DR45: 0 | DS45: 0 | DT45: 0 | DU45: 0 | DV45: 0 | DW45: 0 | DX45: 0 | DY45: 0 | DZ45: 75 | EA45: 0 | EB45: 44.138667 | EC45: 37.986667 | ED45: 32.046667 | EF45: 114.172 | EG45: 38.057333 | EH45: 38.057333 | EI45: 22 | EJ45: 39 | EK45: 9 | EL45: 5 | EM45: 1 | EN45: 0 | EO45: 27 | EP45: 38 | EQ45: 6 | ER45: 4 | ES45: 1 | ET45: 1 | EU45: 45 | EV45: 18 | EW45: 9 | EX45: 3 | EY45: 1 | EZ45: 0 | FA45: 0 | FB45: 0 | FC45: 0 | FD45: 0 | FE45: 0 | FF45: 0 | FG45: 1 | FH45: 0 | FI45: 198 | FK45: 212 | FL45: 16 | FN45: 17 | FO45: 21 | FP45: 10 | FQ45: 21 | FR45: Nərimanov | FS45: 313 | FT45: 134 | FU45: 313
