Workbook

Sheet Nəticələr dioqramla
E1: 2017-2018-ci tədris ili | O1: 2018-2019-cu tədris ili | Y1: 2019-2020-ci tədris ili | AI1: 2020-2021-ci tədris ili | AS1: 2021-2022-ci tədris ili
A2: Təhlili görmək üçün yaşıl xanaya indeksi daxil edin | C2: İndeks | D2: Növ | E2: Şagird sayı | F2: Tədris dili | G2: Riyaziyyat | H2: Xarici dil | I2: Azərbaycan dili | J2: Orta bal 2 fənn üzrə | K2: Orta faiz 2 fənn üzrə | L2: BŞTİ üzrə reytinq | M2: Dinamika | O2: Şagird sayı | P2: Tədris dili | Q2: Riyaziyyat | R2: Xarici dil | S2: Azərbaycan dili | T2: Orta bal 2 fənn üzrə | U2: Orta faiz 2 fənn üzrə | V2: BŞTİ üzrə reytinq | W2: Dinamika | Y2: Şagird sayı | Z2: Tədris dili | AA2: Riyaziyyat | AB2: Xarici dil | AC2: Azərbaycan dili | AD2: Orta bal 3 fənn üzrə | AE2: Orta faiz 3 fənn üzrə | AF2: BŞTİ üzrə reytinq | AG2: Dinamika | AI2: Şagird sayı | AJ2: Tədris dili | AK2: Riyaziyyat | AL2: Xarici dil | AM2: Azərbaycan dili | AN2: Orta bal 3 fənn üzrə | AO2: Orta faiz 3 fənn üzrə | AP2: BŞTİ üzrə reytinq | AQ2: Dinamika | AS2: Şagird sayı | AT2: Tədris dili | AU2: Riyaziyyat | AV2: Xarici dil | AW2: Azərbaycan dili | AX2: Orta bal 3 fənn üzrə | AY2: Orta faiz 3 fənn üzrə | AZ2: BŞTİ üzrə reytinq | BA2: Dinamika
C3: 99 | D3: =IF(VLOOKUP($C$3,İndekslər!$C$3:$BA$326,2,0)="","",VLOOKUP($C$3,İndekslər!$C$3:$BA$326,2,0)) -> tam orta məktəb | E3: =IF(VLOOKUP($C$3,İndekslər!$C$3:$BA$326,3,0)="","",VLOOKUP($C$3,İndekslər!$C$3:$BA$326,3,0)) -> 131 | F3: =IF(VLOOKUP($C$3,İndekslər!$C$3:$BA$326,4,0)="","",VLOOKUP($C$3,İndekslər!$C$3:$BA$326,4,0)) -> 51.365649 | G3: =IF(VLOOKUP($C$3,İndekslər!$C$3:$BA$326,5,0)="","",VLOOKUP($C$3,İndekslər!$C$3:$BA$326,5,0)) -> 39.020611 | H3: =IF(VLOOKUP($C$3,İndekslər!$C$3:$BA$326,6,0)="","",VLOOKUP($C$3,İndekslər!$C$3:$BA$326,6,0)) | I3: =IF(VLOOKUP($C$3,İndekslər!$C$3:$BA$326,7,0)="","",VLOOKUP($C$3,İndekslər!$C$3:$BA$326,7,0)) | J3: =IF(VLOOKUP($C$3,İndekslər!$C$3:$BA$326,8,0)="","",VLOOKUP($C$3,İndekslər!$C$3:$BA$326,8,0)) -> 90.38626 | K3: =IF(VLOOKUP($C$3,İndekslər!$C$3:$BA$326,9,0)="","",VLOOKUP($C$3,İndekslər!$C$3:$BA$326,9,0)) -> 45.19313 | L3: =IF(VLOOKUP($C$3,İndekslər!$C$3:$BA$326,10,0)="","",VLOOKUP($C$3,İndekslər!$C$3:$BA$326,10,0)) -> 172 | M3: =IF(VLOOKUP($C$3,İndekslər!$C$3:$BA$326,11,0)="","",VLOOKUP($C$3,İndekslər!$C$3:$BA$326,11,0)) -> -0.78187023 | O3: =IF(VLOOKUP($C$3,İndekslər!$C$3:$BA$326,13,0)="","",VLOOKUP($C$3,İndekslər!$C$3:$BA$326,13,0)) -> 130 | P3: =IF(VLOOKUP($C$3,İndekslər!$C$3:$BA$326,14,0)="","",VLOOKUP($C$3,İndekslər!$C$3:$BA$326,14,0)) -> 53.676923 | Q3: =IF(VLOOKUP($C$3,İndekslər!$C$3:$BA$326,15,0)="","",VLOOKUP($C$3,İndekslər!$C$3:$BA$326,15,0)) -> 39.276923 | R3: =IF(VLOOKUP($C$3,İndekslər!$C$3:$BA$326,16,0)="","",VLOOKUP($C$3,İndekslər!$C$3:$BA$326,16,0)) -> 35.7 | S3: =IF(VLOOKUP($C$3,İndekslər!$C$3:$BA$326,17,0)="","",VLOOKUP($C$3,İndekslər!$C$3:$BA$326,17,0)) | T3: =IF(VLOOKUP($C$3,İndekslər!$C$3:$BA$326,18,0)="","",VLOOKUP($C$3,İndekslər!$C$3:$BA$326,18,0)) -> 92.953846 | U3: =IF(VLOOKUP($C$3,İndekslər!$C$3:$BA$326,19,0)="","",VLOOKUP($C$3,İndekslər!$C$3:$BA$326,19,0)) -> 46.476923 | V3: =IF(VLOOKUP($C$3,İndekslər!$C$3:$BA$326,20,0)="","",VLOOKUP($C$3,İndekslər!$C$3:$BA$326,20,0)) -> 153 | W3: =IF(VLOOKUP($C$3,İndekslər!$C$3:$BA$326,21,0)="","",VLOOKUP($C$3,İndekslər!$C$3:$BA$326,21,0)) -> 1.2837933 | Y3: =IF(VLOOKUP($C$3,İndekslər!$C$3:$BA$326,23,0)="","",VLOOKUP($C$3,İndekslər!$C$3:$BA$326,23,0)) -> 134 | Z3: =IF(VLOOKUP($C$3,İndekslər!$C$3:$BA$326,24,0)="","",VLOOKUP($C$3,İndekslər!$C$3:$BA$326,24,0)) -> 52.80916 | AA3: =IF(VLOOKUP($C$3,İndekslər!$C$3:$BA$326,25,0)="","",VLOOKUP($C$3,İndekslər!$C$3:$BA$326,25,0)) -> 49.969466 | AB3: =IF(VLOOKUP($C$3,İndekslər!$C$3:$BA$326,26,0)="","",VLOOKUP($C$3,İndekslər!$C$3:$BA$326,26,0)) -> 36.709924 | AC3: =IF(VLOOKUP($C$3,İndekslər!$C$3:$BA$326,27,0)="","",VLOOKUP($C$3,İndekslər!$C$3:$BA$326,27,0)) | AD3: =IF(VLOOKUP($C$3,İndekslər!$C$3:$BA$326,28,0)="","",VLOOKUP($C$3,İndekslər!$C$3:$BA$326,28,0)) -> 139.48855 | AE3: =IF(VLOOKUP($C$3,İndekslər!$C$3:$BA$326,29,0)="","",VLOOKUP($C$3,İndekslər!$C$3:$BA$326,29,0)) -> 46.496183 | AF3: =IF(VLOOKUP($C$3,İndekslər!$C$3:$BA$326,30,0)="","",VLOOKUP($C$3,İndekslər!$C$3:$BA$326,30,0)) -> 175 | AG3: =IF(VLOOKUP($C$3,İndekslər!$C$3:$BA$326,31,0)="","",VLOOKUP($C$3,İndekslər!$C$3:$BA$326,31,0)) -> 0.019260129 | AI3: =IF(VLOOKUP($C$3,İndekslər!$C$3:$BA$326,33,0)="","",VLOOKUP($C$3,İndekslər!$C$3:$BA$326,33,0)) -> 142 | AJ3: =IF(VLOOKUP($C$3,İndekslər!$C$3:$BA$326,34,0)="","",VLOOKUP($C$3,İndekslər!$C$3:$BA$326,34,0)) -> 43.802817 | AK3: =IF(VLOOKUP($C$3,İndekslər!$C$3:$BA$326,35,0)="","",VLOOKUP($C$3,İndekslər!$C$3:$BA$326,35,0)) -> 39.014085 | AL3: =IF(VLOOKUP($C$3,İndekslər!$C$3:$BA$326,36,0)="","",VLOOKUP($C$3,İndekslər!$C$3:$BA$326,36,0)) -> 32.211268 | AM3: =IF(VLOOKUP($C$3,İndekslər!$C$3:$BA$326,37,0)="","",VLOOKUP($C$3,İndekslər!$C$3:$BA$326,37,0)) | AN3: =IF(VLOOKUP($C$3,İndekslər!$C$3:$BA$326,38,0)="","",VLOOKUP($C$3,İndekslər!$C$3:$BA$326,38,0)) -> 115.02817 | AO3: =IF(VLOOKUP($C$3,İndekslər!$C$3:$BA$326,39,0)="","",VLOOKUP($C$3,İndekslər!$C$3:$BA$326,39,0)) -> 38.342723 | AP3: =IF(VLOOKUP($C$3,İndekslər!$C$3:$BA$326,40,0)="","",VLOOKUP($C$3,İndekslər!$C$3:$BA$326,40,0)) -> 224 | AQ3: =IF(VLOOKUP($C$3,İndekslər!$C$3:$BA$326,41,0)="","",VLOOKUP($C$3,İndekslər!$C$3:$BA$326,41,0)) -> -8.1534602 | AS3: =IF(VLOOKUP($C$3,İndekslər!$C$3:$BA$326,43,0)="","",VLOOKUP($C$3,İndekslər!$C$3:$BA$326,43,0)) -> 135 | AT3: =IF(VLOOKUP($C$3,İndekslər!$C$3:$BA$326,44,0)="","",VLOOKUP($C$3,İndekslər!$C$3:$BA$326,44,0)) -> 54.821094 | AU3: =IF(VLOOKUP($C$3,İndekslər!$C$3:$BA$326,45,0)="","",VLOOKUP($C$3,İndekslər!$C$3:$BA$326,45,0)) -> 32.075 | AV3: =IF(VLOOKUP($C$3,İndekslər!$C$3:$BA$326,46,0)="","",VLOOKUP($C$3,İndekslər!$C$3:$BA$326,46,0)) -> 36.485937 | AW3: =IF(VLOOKUP($C$3,İndekslər!$C$3:$BA$326,47,0)="","",VLOOKUP($C$3,İndekslər!$C$3:$BA$326,47,0)) | AX3: =IF(VLOOKUP($C$3,İndekslər!$C$3:$BA$326,48,0)="","",VLOOKUP($C$3,İndekslər!$C$3:$BA$326,48,0)) -> 123.38203 | AY3: =IF(VLOOKUP($C$3,İndekslər!$C$3:$BA$326,49,0)="","",VLOOKUP($C$3,İndekslər!$C$3:$BA$326,49,0)) -> 41.127344 | AZ3: =IF(VLOOKUP($C$3,İndekslər!$C$3:$BA$326,50,0)="","",VLOOKUP($C$3,İndekslər!$C$3:$BA$326,50,0)) -> 146 | BA3: =IF(VLOOKUP($C$3,İndekslər!$C$3:$BA$326,51,0)="","",VLOOKUP($C$3,İndekslər!$C$3:$BA$326,51,0)) -> 2.7846207

Sheet İndekslər
E1: 2017-2018-ci tədris ili | O1: 2018-2019-cu tədris ili | Y1: 2019-2020-cu tədris ili | AI1: 2020-2021-ci tədris ili | AS1: 2021-2022-ci tədris ili
A2: № | B2: Rayon | C2: Ümumi təhsil müəssisəsinin indeksi | D2: Növ | E2: Şagird sayı | F2: Tədris dili | G2: Riyaziyyat | H2: Xarici dil | I2: Azərbaycan dili | J2: Orta bal 2 fənn üzrə | K2: Orta faiz 2 fənn üzrə | L2: BŞTİ üzrə reytinq | M2: Dinamika | O2: Şagird sayı | P2: Tədris dili | Q2: Riyaziyyat | R2: Xarici dil | S2: Azərbaycan dili | T2: Orta bal 2 fənn üzrə | U2: Orta faiz 2 fənn üzrə | V2: BŞTİ üzrə reytinq | W2: Dinamika | Y2: Şagird sayı | Z2: Tədris dili | AA2: Riyaziyyat | AB2: Xarici dil | AC2: Azərbaycan dili | AD2: Orta bal 3 fənn üzrə | AE2: Orta faiz 3 fənn üzrə | AF2: BŞTİ üzrə reytinq | AG2: Dinamika | AI2: Şagird sayı | AJ2: Tədris dili | AK2: Riyaziyyat | AL2: Xarici dil | AM2: Azərbaycan dili | AN2: Orta bal 3 fənn üzrə | AO2: Orta faiz 3 fənn üzrə | AP2: BŞTİ üzrə reytinq | AQ2: Dinamika | AS2: Şagird sayı | AT2: Tədris dili | AU2: Riyaziyyat | AV2: Xarici dil | AW2: Azərbaycan dili | AX2: Orta bal 3 fənn üzrə | AY2: Orta faiz 3 fənn üzrə | AZ2: BŞTİ üzrə reytinq | BA2: Dinamika
A3: Orta nəticələr | B3: Bakı | C3: BŞTİ | D3: Bütün | E3: 27084 | F3: 52.95597 | G3: 40.073498 | J3: 93.029468 | K3: 46.514734 | M3: -0.48 | O3: 27690 | P3: 51.697217 | Q3: 41.761968 | R3: 37.279878 | T3: 93.459184 | U3: 46.729592 | W3: 0.21485808 | Y3: 35227 | Z3: 54.751401 | AA3: 49.314722 | AB3: 39.797179 | AD3: 143.8633 | AE3: 47.954434 | AG3: 1.2248417 | AI3: 34096 | AJ3: 51.190751 | AK3: 42.021915 | AL3: 41.307944 | AM3: 52.308901 | AN3: 134.50601 | AO3: 44.837477 | AQ3: =AO3-AE3 -> -3.1169572 | AS3: 34813 | AT3: 54.484055 | AU3: 33.023661 | AV3: 38.848735 | AW3: 56.899834 | AX3: 126.35645 | AY3: 42.118817 | BA3: =AY3-AO3 -> -2.7186598
A4: 1 | B4: Binəqədi | C4: 3 | D4: tam orta məktəb | E4: 88 | F4: 64.354545 | G4: 47.285227 | J4: 111.63977 | K4: 55.819886 | L4: 35 | M4: 3.6698864 | O4: 89 | P4: 60.651685 | Q4: 47.617978 | R4: 41.94382 | T4: 108.26966 | U4: 54.134831 | V4: 39 | W4: -1.6850549 | Y4: 139 | Z4: 57.597222 | AA4: 48.541667 | AB4: 40.625 | AD4: 146.76389 | AE4: 48.921296 | AF4: 136 | AG4: -5.2135352 | AI4: 95 | AJ4: 51.357895 | AK4: 45.094737 | AL4: 39.968421 | AN4: 136.42105 | AO4: 45.473684 | AP4: 126 | AQ4: -3.4476121 | AS4: 132 | AT4: 64.293939 | AU4: 40.356818 | AV4: 45.834091 | AX4: 150.48485 | AY4: 50.161616 | AZ4: 33 | BA4: 4.687932
A5: 2 | B5: Binəqədi | C5: 6u | D5: UGİM | AS5: 0
A6: 3 | B6: Binəqədi | C6: 30 | D6: tam orta məktəb | E6: 32 | F6: 53.6625 | G6: 41.21875 | J6: 94.88125 | K6: 47.440625 | L6: 144 | M6: 2.0537829 | O6: 45 | P6: 50.066667 | Q6: 39.266667 | R6: 42.644444 | T6: 89.333333 | U6: 44.666667 | V6: 186 | W6: -2.7739583 | Y6: 47 | Z6: 58.621622 | AA6: 60.621622 | AB6: 45.945946 | AD6: 165.18919 | AE6: 55.063063 | AF6: 37 | AG6: 10.396396 | AI6: 60 | AJ6: 47.15 | AK6: 37.533333 | AL6: 37.083333 | AM6: 57.222222 | AN6: 121.76667 | AO6: 40.588889 | AP6: 194 | AQ6: -14.474174 | AS6: 45 | AT6: 51.875556 | AU6: 32.768889 | AV6: 36.271111 | AW6: 57.615385 | AX6: 120.91556 | AY6: 40.305185 | AZ6: 161 | BA6: -0.2837037
A7: 4 | B7: Binəqədi | C7: 83 | D7: məktəb-lisey | E7: 125 | F7: 67.2984 | G7: 57.044 | J7: 124.3424 | K7: 62.1712 | L7: 11 | M7: 5.0712 | O7: 147 | P7: 64.44898 | Q7: 53.517007 | R7: 53.55102 | T7: 117.96599 | U7: 58.982993 | V7: 18 | W7: -3.1882068 | Y7: 175 | Z7: 66.666667 | AA7: 60.943262 | AB7: 51.808511 | AD7: 179.41844 | AE7: 59.806147 | AF7: 14 | AG7: 0.82315337 | AI7: 163 | AJ7: 56.306748 | AK7: 48.490798 | AL7: 49.030675 | AM7: 59.265625 | AN7: 153.82822 | AO7: 51.276074 | AP7: 55 | AQ7: -8.530073 | AS7: 167 | AT7: 68.638922 | AU7: 40.982036 | AV7: 52.743114 | AW7: 62.561404 | AX7: 162.36407 | AY7: 54.121357 | AZ7: 14 | BA7: 2.8452837
A8: 5 | B8: Binəqədi | C8: 99 | D8: tam orta məktəb | E8: 131 | F8: 51.365649 | G8: 39.020611 | J8: 90.38626 | K8: 45.19313 | L8: 172 | M8: -0.78187023 | O8: 130 | P8: 53.676923 | Q8: 39.276923 | R8: 35.7 | T8: 92.953846 | U8: 46.476923 | V8: 153 | W8: 1.2837933 | Y8: 134 | Z8: 52.80916 | AA8: 49.969466 | AB8: 36.709924 | AD8: 139.48855 | AE8: 46.496183 | AF8: 175 | AG8: 0.019260129 | AI8: 142 | AJ8: 43.802817 | AK8: 39.014085 | AL8: 32.211268 | AN8: 115.02817 | AO8: 38.342723 | AP8: 224 | AQ8: -8.1534602 | AS8: 135 | AT8: 54.821094 | AU8: 32.075 | AV8: 36.485937 | AX8: 123.38203 | AY8: 41.127344 | AZ8: 146 | BA8: 2.7846207
A9: 6 | B9: Binəqədi | C9: 100 | D9: tam orta məktəb | E9: 82 | F9: 48.460976 | G9: 34.776829 | J9: 83.237805 | K9: 41.618902 | L9: 225 | M9: -2.3279157 | O9: 110 | P9: 51.990909 | Q9: 42.463636 | R9: 35.272727 | T9: 94.454545 | U9: 47.227273 | V9: 133 | W9: 5.6083703 | Y9: 135 | Z9: 53 | AA9: 50.522523 | AB9: 38.441441 | AD9: 141.96396 | AE9: 47.321321 | AF9: 162 | AG9: 0.094048594 | AI9: 139 | AJ9: 46.906475 | AK9: 39.827338 | AL9: 40.215827 | AM9: 60.411765 | AN9: 126.94964 | AO9: 42.316547 | AP9: 168 | AQ9: -5.0047746 | AS9: 135 | AT9: 56.305926 | AU9: 32.388889 | AV9: 39.200741 | AW9: 53.875 | AX9: 127.89556 | AY9: 42.631852 | AZ9: 127 | BA9: 0.31530509
A10: 7 | B10: Binəqədi | C10: 102 | D10: tam orta məktəb | E10: 61 | F10: 60.342623 | G10: 47.688525 | J10: 108.03115 | K10: 54.015574 | L10: 51 | M10: -0.98580238 | O10: 86 | P10: 54.906977 | Q10: 48.430233 | R10: 47.127907 | T10: 103.33721 | U10: 51.668605 | V10: 75 | W10: -2.3469691 | Y10: 104 | Z10: 62.731707 | AA10: 52.865854 | AB10: 47.45122 | AD10: 163.04878 | AE10: 54.349593 | AF10: 41 | AG10: 2.6809888 | AI10: 121 | AJ10: 58.033333 | AK10: 48.066667 | AL10: 49.866667 | AM10: 59.652778 | AN10: 155.96667 | AO10: 51.988889 | AP10: 49 | AQ10: -2.3607046 | AS10: 100 | AT10: 62.342 | AU10: 36.568 | AV10: 43.467 | AW10: 64.606557 | AX10: 142.377 | AY10: 47.459 | AZ10: 58 | BA10: -4.5298889
A11: 8 | B11: Binəqədi | C11: 103 | D11: tam orta məktəb | E11: 49 | F11: 48.65102 | G11: 34.053061 | J11: 82.704082 | K11: 41.352041 | L11: 231 | M11: -0.58049887 | O11: 86 | P11: 47.197674 | Q11: 33.790698 | R11: 28.476744 | T11: 80.988372 | U11: 40.494186 | V11: 252 | W11: -0.85785477 | Y11: 106 | Z11: 44.107143 | AA11: 40.845238 | AB11: 31.880952 | AD11: 116.83333 | AE11: 38.944444 | AF11: 279 | AG11: -1.5497416 | AI11: 95 | AJ11: 39.884211 | AK11: 32.884211 | AL11: 27.768421 | AN11: 100.53684 | AO11: 33.512281 | AP11: 272 | AQ11: -5.4321637 | AS11: 109 | AT11: 46.690741 | AU11: 25.368519 | AV11: 29.027778 | AX11: 101.08704 | AY11: 33.695679 | AZ11: 265 | BA11: 0.18339831
A12: 9 | B12: Binəqədi | C12: 115x | D12: XƏQTOM | AS12: 7 | AT12: 30.657143 | AU12: 28.071429 | AV12: 15.114286 | AX12: 73.842857 | AY12: 24.614286 | AZ12: 307 | BA12: #VALUE!
A13: 10 | B13: Binəqədi | C13: 115 | D13: tam orta məktəb | E13: 123 | F13: 57.10813 | G13: 41.430894 | J13: 98.539024 | K13: 49.269512 | L13: 117 | M13: -1.7808211 | O13: 149 | P13: 53.817568 | Q13: 42.810811 | R13: 41.993243 | T13: 96.628378 | U13: 48.314189 | V13: 123 | W13: -0.95532301 | Y13: 135 | Z13: 58.611111 | AA13: 53.402778 | AB13: 43.194444 | AD13: 155.20833 | AE13: 51.736111 | AF13: 71 | AG13: 3.4219219 | AI13: 144 | AJ13: 52.069444 | AK13: 40.555556 | AL13: 44.229167 | AM13: 54.384615 | AN13: 136.85417 | AO13: 45.618056 | AP13: 124 | AQ13: -6.1180556 | AS13: 132 | AT13: 57.454545 | AU13: 31.694697 | AV13: 39.592424 | AW13: 53.222222 | AX13: 128.74167 | AY13: 42.913889 | AZ13: 121 | BA13: -2.7041667
A14: 11 | B14: Binəqədi | C14: 126 | D14: TN | E14: 53 | F14: 56.318868 | G14: 41.456604 | J14: 97.775472 | K14: 48.887736 | L14: 123 | M14: 2.1885692 | O14: 73 | P14: 49.236111 | Q14: 35.736111 | R14: 33.055556 | T14: 84.972222 | U14: 42.486111 | V14: 216 | W14: -6.4016247 | Y14: 85 | Z14: 52.589041 | AA14: 42.767123 | AB14: 36.863014 | AD14: 132.21918 | AE14: 44.073059 | AF14: 227 | AG14: 1.5869482 | AI14: 84 | AJ14: 44.809524 | AK14: 36.666667 | AL14: 35.369048 | AM14: 51.578947 | AN14: 116.84524 | AO14: 38.948413 | AP14: 218 | AQ14: -5.1246467 | AS14: 80 | AT14: 54.131646 | AU14: 27.674684 | AV14: 38.34557 | AW14: 52.8 | AX14: 120.1519 | AY14: 40.050633 | AZ14: 163 | BA14: 1.1022202
A15: 12 | B15: Binəqədi | C15: 135 | D15: tam orta məktəb | E15: 43 | F15: 50.734884 | G15: 37.755814 | J15: 88.490698 | K15: 44.245349 | L15: 189 | M15: 0.71284884 | O15: 43 | P15: 51.627907 | Q15: 46.093023 | R15: 40.674419 | T15: 97.72093 | U15: 48.860465 | V15: 115 | W15: 4.6151163 | Y15: 56 | Z15: 49.714286 | AA15: 46.02381 | AB15: 36.738095 | AD15: 132.47619 | AE15: 44.15873 | AF15: 225 | AG15: -4.701735 | AI15: 49 | AJ15: 45.693878 | AK15: 38.122449 | AL15: 42.795918 | AN15: 126.61224 | AO15: 42.204082 | AP15: 171 | AQ15: -1.9546485 | AS15: 54 | AT15: 55.524074 | AU15: 31.446296 | AV15: 41.942593 | AX15: 128.91296 | AY15: 42.970988 | AZ15: 118 | BA15: 0.76690602
A16: 13 | B16: Binəqədi | C16: 143 | D16: tam orta məktəb | E16: 74 | F16: 62.343243 | G16: 42.145946 | J16: 104.48919 | K16: 52.244595 | L16: 73 | M16: 1.9985946 | O16: 58 | P16: 55.741379 | Q16: 43.965517 | R16: 41.724138 | T16: 99.706897 | U16: 49.853448 | V16: 104 | W16: -2.3911463 | Y16: 89 | Z16: 59.783784 | AA16: 51.256757 | AB16: 44.121622 | AD16: 155.16216 | AE16: 51.720721 | AF16: 73 | AG16: 1.8672724 | AI16: 89 | AJ16: 53.977528 | AK16: 42.337079 | AL16: 38.449438 | AM16: 58.695652 | AN16: 134.76404 | AO16: 44.921348 | AP16: 135 | AQ16: -6.7993724 | AS16: 91 | AT16: 56.659341 | AU16: 27.49011 | AV16: 38.979121 | AW16: 63.772727 | AX16: 123.12857 | AY16: 41.042857 | AZ16: 147 | BA16: -3.8784912
A17: 14 | B17: Binəqədi | C17: 144 | D17: tam orta məktəb | E17: 51 | F17: 59.04902 | G17: 47.688235 | J17: 106.73725 | K17: 53.368627 | L17: 56 | M17: 5.8280614 | O17: 49 | P17: 61.857143 | Q17: 48.918367 | R17: 44.510204 | T17: 110.77551 | U17: 55.387755 | V17: 29 | W17: 2.0191277 | Y17: 70 | Z17: 57.903226 | AA17: 54.080645 | AB17: 42.209677 | AD17: 154.19355 | AE17: 51.397849 | AF17: 82 | AG17: -3.9899056 | AI17: 70 | AJ17: 51.628571 | AK17: 48.057143 | AL17: 40.457143 | AN17: 140.14286 | AO17: 46.714286 | AP17: 110 | AQ17: -4.6835637 | AS17: 68 | AT17: 57.627941 | AU17: 34.605882 | AV17: 39.529412 | AX17: 131.76324 | AY17: 43.921078 | AZ17: 102 | BA17: -2.7932073
A18: 15 | B18: Binəqədi | C18: 157 | D18: tam orta məktəb | E18: 95 | F18: 57.996842 | G18: 46.284211 | J18: 104.28105 | K18: 52.140526 | L18: 74 | M18: -2.3961404 | O18: 89 | P18: 55.247191 | Q18: 48.921348 | R18: 43.460674 | T18: 104.16854 | U18: 52.08427 | V18: 67 | W18: -0.056256653 | Y18: 110 | Z18: 56.886076 | AA18: 50.303797 | AB18: 40.759494 | AD18: 147.94937 | AE18: 49.316456 | AF18: 128 | AG18: -2.767814 | AI18: 91 | AJ18: 54.032967 | AK18: 47.868132 | AL18: 41.417582 | AM18: 55.5 | AN18: 143.31868 | AO18: 47.772894 | AP18: 96 | AQ18: -1.5435619 | AS18: 107 | AT18: 59.491589 | AU18: 38.248598 | AV18: 43.542056 | AW18: 57.1875 | AX18: 141.28224 | AY18: 47.094081 | AZ18: 62 | BA18: -0.67881278
A19: 16 | B19: Binəqədi | C19: 179 | D19: tam orta məktəb | E19: 193 | F19: 52.366839 | G19: 39.431088 | J19: 91.797927 | K19: 45.898964 | L19: 162 | M19: 2.1570718 | O19: 202 | P19: 43.282178 | Q19: 33.316832 | R19: 30.787129 | T19: 76.59901 | U19: 38.299505 | V19: 271 | W19: -7.5994588 | Y19: 262 | Z19: 53.118421 | AA19: 43.991228 | AB19: 38.412281 | AD19: 135.52193 | AE19: 45.173977 | AF19: 203 | AG19: 6.8744717 | AI19: 270 | AJ19: 43.851852 | AK19: 36.77037 | AL19: 31.848148 | AM19: 61.058824 | AN19: 112.47037 | AO19: 37.490123 | AP19: 233 | AQ19: -7.6838532 | AS19: 258 | AT19: 46.229134 | AU19: 24.413386 | AV19: 29.516535 | AW19: 55.583333 | AX19: 100.15906 | AY19: 33.386352 | AZ19: 268 | BA19: -4.1037718
A20: 17 | B20: Binəqədi | C20: 182 | D20: tam orta məktəb | E20: 254 | F20: 49.93189 | G20: 38.291339 | J20: 88.223228 | K20: 44.111614 | L20: 191 | M20: -0.88919883 | O20: 276 | P20: 50.610909 | Q20: 38.272727 | R20: 36.592727 | T20: 88.883636 | U20: 44.441818 | V20: 188 | W20: 0.33020401 | Y20: 414 | Z20: 51.582759 | AA20: 45.541379 | AB20: 37.972414 | AD20: 135.09655 | AE20: 45.032184 | AF20: 208 | AG20: 0.59036573 | AI20: 363 | AJ20: 45.991736 | AK20: 41.564738 | AL20: 33.92011 | AN20: 121.47658 | AO20: 40.492195 | AP20: 196 | AQ20: -4.5399892 | AS20: 415 | AT20: 52.037772 | AU20: 29.79201 | AV20: 33.639467 | AX20: 115.46925 | AY20: 38.48975 | AZ20: 195 | BA20: -2.0024449
A21: 18 | B21: Binəqədi | C21: 205 | D21: tam orta məktəb | E21: 112 | F21: 42.292857 | G21: 31.232143 | J21: 73.525 | K21: 36.7625 | L21: 266 | M21: -4.9513554 | O21: 90 | P21: 48.977778 | Q21: 39.466667 | R21: 32.022222 | T21: 88.444444 | U21: 44.222222 | V21: 194 | W21: 7.4597222 | Y21: 116 | Z21: 51 | AA21: 45.009174 | AB21: 37.275229 | AD21: 133.2844 | AE21: 44.428135 | AF21: 218 | AG21: 0.20591233 | AI21: 109 | AJ21: 40.330275 | AK21: 35.853211 | AL21: 30.981651 | AN21: 107.16514 | AO21: 35.721713 | AP21: 256 | AQ21: -8.706422 | AS21: 115 | AT21: 50.60087 | AU21: 25.633043 | AV21: 33.142609 | AX21: 109.37652 | AY21: 36.458841 | AZ21: 234 | BA21: 0.73712804
A22: 19 | B22: Binəqədi | C22: 217 | D22: tam orta məktəb | E22: 189 | F22: 50.810582 | G22: 35.872487 | J22: 86.683069 | K22: 43.341534 | L22: 202 | M22: -6.5986295 | O22: 188 | P22: 51.271277 | Q22: 40.691489 | R22: 34.856383 | T22: 91.962766 | U22: 45.981383 | V22: 159 | W22: 2.6398486 | Y22: 236 | Z22: 53.946078 | AA22: 48.941176 | AB22: 35.784314 | AD22: 138.67157 | AE22: 46.223856 | AF22: 181 | AG22: 0.24247323 | AI22: 224 | AJ22: 46.450893 | AK22: 38 | AL22: 32.834821 | AN22: 117.28571 | AO22: 39.095238 | AP22: 213 | AQ22: -7.1286181 | AS22: 229 | AT22: 49.210965 | AU22: 26.892982 | AV22: 30.735965 | AX22: 106.83991 | AY22: 35.613304 | AZ22: 244 | BA22: -3.481934
A23: 20 | B23: Binəqədi | C23: 244 | D23: tam orta məktəb | E23: 167 | F23: 58.407784 | G23: 46.824551 | J23: 105.23234 | K23: 52.616168 | L23: 71 | M23: -2.1457529 | O23: 154 | P23: 58.681818 | Q23: 45.805195 | R23: 44.844156 | T23: 104.48701 | U23: 52.243506 | V23: 64 | W23: -0.37266117 | Y23: 208 | Z23: 59.204969 | AA23: 53.57764 | AB23: 42.298137 | AD23: 155.08075 | AE23: 51.693582 | AF23: 74 | AG23: -0.54992471 | AI23: 199 | AJ23: 48.477387 | AK23: 36.241206 | AL23: 41.904523 | AN23: 126.62312 | AO23: 42.207705 | AP23: 170 | AQ23: -9.4858766 | AS23: 207 | AT23: 60.372947 | AU23: 34.483092 | AV23: 42.070531 | AW23: 58.611111 | AX23: 136.92657 | AY23: 45.64219 | AZ23: 87 | BA23: 3.4344848
A24: 21 | B24: Binəqədi | C24: 246 | D24: məktəb-lisey | E24: 98 | F24: 61.991837 | G24: 44.304082 | J24: 106.29592 | K24: 53.147959 | L24: 61 | M24: 3.84332 | O24: 111 | P24: 58.198198 | Q24: 46.63964 | R24: 44.324324 | T24: 104.83784 | U24: 52.418919 | V24: 61 | W24: -0.72904026 | Y24: 145 | Z24: 55.99115 | AA24: 51.893805 | AB24: 41.884956 | AD24: 149.76991 | AE24: 49.923304 | AF24: 116 | AG24: -2.4956151 | AI24: 138 | AJ24: 50.376812 | AK24: 43.971014 | AL24: 42.173913 | AM24: 57.555556 | AN24: 136.52174 | AO24: 45.507246 | AP24: 125 | AQ24: -4.4160575 | AS24: 138 | AT24: 59.938971 | AU24: 36.7 | AV24: 42.343382 | AW24: 59.444444 | AX24: 138.98235 | AY24: 46.327451 | AZ24: 74 | BA24: 0.8202046
A25: 22 | B25: Binəqədi | C25: 248 | D25: tam orta məktəb | E25: 92 | F25: 54.191304 | G25: 40.740217 | J25: 94.931522 | K25: 47.465761 | L25: 143 | M25: -4.5474259 | O25: 120 | P25: 53.666667 | Q25: 47.85 | R25: 44.066667 | T25: 101.51667 | U25: 50.758333 | V25: 92 | W25: 3.2925725 | Y25: 141 | Z25: 57.145455 | AA25: 51.1 | AB25: 44.590909 | AD25: 152.83636 | AE25: 50.945455 | AF25: 93 | AG25: 0.18712121 | AI25: 108 | AJ25: 49.638889 | AK25: 39.740741 | AL25: 42.138889 | AM25: 54.054054 | AN25: 131.51852 | AO25: 43.839506 | AP25: 144 | AQ25: -7.1059484 | AS25: 145 | AT25: 60.911034 | AU25: 36.266897 | AV25: 46.131724 | AW25: 58.166667 | AX25: 143.30966 | AY25: 47.769885 | AZ25: 56 | BA25: 3.9303789
A26: 23 | B26: Binəqədi | C26: 267 | D26: məktəb-lisey | E26: 100 | F26: 60.894 | G26: 50.849 | J26: 111.743 | K26: 55.8715 | L26: 34 | M26: 2.7819839 | O26: 110 | P26: 58.272727 | Q26: 51.281818 | R26: 46.309091 | T26: 109.55455 | U26: 54.777273 | V26: 34 | W26: -1.0942273 | Y26: 142 | Z26: 62.378151 | AA26: 55.831933 | AB26: 49.042017 | AD26: 167.2521 | AE26: 55.7507 | AF26: 30 | AG26: 0.97342755 | AI26: 143 | AJ26: 55.923077 | AK26: 46.377622 | AL26: 50.048951 | AM26: 56.927711 | AN26: 152.34965 | AO26: 50.783217 | AP26: 60 | AQ26: -4.9674835 | AS26: 133 | AT26: 61.586466 | AU26: 37.155639 | AV26: 44.73609 | AW26: 57.435484 | AX26: 143.4782 | AY26: 47.826065 | AZ26: 55 | BA26: -2.9571516
A27: 24 | B27: Binəqədi | C27: 276 | D27: tam orta məktəb | E27: 100 | F27: 56.342 | G27: 45.409 | J27: 101.751 | K27: 50.8755 | L27: 96 | M27: 3.5153936 | O27: 101 | P27: 54.059406 | Q27: 46.722772 | R27: 42.80198 | T27: 100.78218 | U27: 50.391089 | V27: 99 | W27: -0.48441089 | Y27: 135 | Z27: 57.487179 | AA27: 50.017094 | AB27: 44.547009 | AD27: 152.05128 | AE27: 50.683761 | AF27: 97 | AG27: 0.29267157 | AI27: 129 | AJ27: 51.449612 | AK27: 43.782946 | AL27: 43.209302 | AM27: 52.863636 | AN27: 138.44186 | AO27: 46.147287 | AP27: 120 | AQ27: -4.5364739 | AS27: 132 | AT27: 59.577863 | AU27: 31.258015 | AV27: 45.754198 | AW27: 54.822222 | AX27: 136.59008 | AY27: 45.530025 | AZ27: 90 | BA27: -0.61726138
A28: 25 | B28: Binəqədi | C28: 283 | D28: tam orta məktəb | E28: 92 | F28: 58.786957 | G28: 47.01087 | J28: 105.79783 | K28: 52.898913 | L28: 63 | M28: 1.4440217 | O28: 93 | P28: 60.752688 | Q28: 56.860215 | R28: 46.354839 | T28: 117.6129 | U28: 58.806452 | V28: 20 | W28: 5.9075386 | Y28: 112 | Z28: 61.279279 | AA28: 56.828829 | AB28: 45.459459 | AD28: 163.56757 | AE28: 54.522523 | AF28: 39 | AG28: -4.2839291 | AI28: 115 | AJ28: 49.342105 | AK28: 42.105263 | AL28: 41.280702 | AM28: 67.5 | AN28: 132.72807 | AO28: 44.24269 | AP28: 142 | AQ28: -10.279832 | AS28: 107 | AT28: 54.299038 | AU28: 33.236538 | AV28: 38.881731 | AW28: 60.5 | AX28: 126.41731 | AY28: 42.139103 | AZ28: 131 | BA28: -2.1035875
A29: 26 | B29: Binəqədi | C29: 284 | D29: tam orta məktəb | E29: 163 | F29: 51.160123 | G29: 38.988957 | J29: 90.14908 | K29: 45.07454 | L29: 173 | M29: 1.6289616 | O29: 215 | P29: 48.893023 | Q29: 38.283721 | R29: 33.52093 | T29: 87.176744 | U29: 43.588372 | V29: 202 | W29: -1.4861678 | Y29: 264 | Z29: 49.900901 | AA29: 46.671171 | AB29: 35.783784 | AD29: 132.35586 | AE29: 44.118619 | AF29: 226 | AG29: 0.53024653 | AI29: 262 | AJ29: 43.385496 | AK29: 34.473282 | AL29: 32.045802 | AM29: 54.235294 | AN29: 109.90458 | AO29: 36.63486 | AP29: 247 | AQ29: -7.4837586 | AS29: 284 | AT29: 50.148043 | AU29: 27.853025 | AV29: 32.301779 | AW29: 61.605263 | AX29: 110.30285 | AY29: 36.767616 | AZ29: 229 | BA29: 0.13275561
A30: 27 | B30: Binəqədi | C30: 297 | D30: tam orta məktəb | E30: 141 | F30: 58.648936 | G30: 42.180851 | J30: 100.82979 | K30: 50.414894 | L30: 101 | M30: 2.5568399 | O30: 155 | P30: 49.409091 | Q30: 40.344156 | R30: 37.623377 | T30: 89.753247 | U30: 44.876623 | V30: 184 | W30: -5.5382702 | Y30: 204 | Z30: 55.216049 | AA30: 47.876543 | AB30: 38.320988 | AD30: 141.41358 | AE30: 47.13786 | AF30: 165 | AG30: 2.2612367 | AI30: 172 | AJ30: 46.563953 | AK30: 37.906977 | AL30: 34.25 | AM30: 56.888889 | AN30: 118.72093 | AO30: 39.573643 | AP30: 207 | AQ30: -7.5642167 | AS30: 198 | AT30: 57.983838 | AU30: 33.034848 | AV30: 38.218687 | AW30: 53.59375 | AX30: 129.23737 | AY30: 43.079125 | AZ30: 114 | BA30: 3.5054812
A31: 28 | B31: Binəqədi | C31: 298 | D31: tam orta məktəb | E31: 67 | F31: 47.089552 | G31: 33.147761 | J31: 80.237313 | K31: 40.118657 | L31: 245 | M31: -8.8988036 | O31: 66 | P31: 52.484848 | Q31: 35.712121 | R31: 30.80303 | T31: 88.19697 | U31: 44.098485 | V31: 196 | W31: 3.9798281 | Y31: 80 | Z31: 58.590909 | AA31: 41.340909 | AB31: 34.522727 | AD31: 134.45455 | AE31: 44.818182 | AF31: 213 | AG31: 0.71969697 | AI31: 63 | AJ31: 45.063492 | AK31: 37.079365 | AL31: 29.84127 | AN31: 111.98413 | AO31: 37.328042 | AP31: 236 | AQ31: -7.4901395 | AS31: 77 | AT31: 57.397368 | AU31: 27.443421 | AV31: 31.969737 | AX31: 116.81053 | AY31: 38.936842 | AZ31: 188 | BA31: 1.6087998
A32: 29 | B32: Binəqədi | C32: 299 | D32: məktəb-lisey | E32: 167 | F32: 58.663473 | G32: 47.979641 | J32: 106.64311 | K32: 53.321557 | L32: 59 | M32: 1.4789762 | O32: 160 | P32: 56.59375 | Q32: 47.61875 | R32: 44.3 | T32: 104.2125 | U32: 52.10625 | V32: 65 | W32: -1.2153069 | Y32: 205 | Z32: 63.857143 | AA32: 59.068783 | AB32: 46.137566 | AD32: 169.06349 | AE32: 56.354497 | AF32: 27 | AG32: 4.2482474 | AI32: 176 | AJ32: 55.573864 | AK32: 48.613636 | AL32: 48.329545 | AM32: 62.259259 | AN32: 152.51705 | AO32: 50.839015 | AP32: 59 | AQ32: -5.5154822 | AS32: 193 | AT32: 62.97772 | AU32: 38.170984 | AV32: 43.994301 | AW32: 65.064516 | AX32: 145.14301 | AY32: 48.381002 | AZ32: 48 | BA32: -2.4580134
A33: 30 | B33: Binəqədi | C33: 300 | D33: tam orta məktəb | E33: 108 | F33: 49.942593 | G33: 34.07963 | J33: 84.022222 | K33: 42.011111 | L33: 220 | M33: -7.1453774 | O33: 131 | P33: 51.40458 | Q33: 38.374046 | R33: 35.664122 | T33: 89.778626 | U33: 44.889313 | V33: 183 | W33: 2.8782019 | Y33: 154 | Z33: 55.89916 | AA33: 47.89916 | AB33: 40.815126 | AD33: 144.61345 | AE33: 48.204482 | AF33: 148 | AG33: 3.3151688 | AI33: 166 | AJ33: 53.542169 | AK33: 44.048193 | AL33: 40.710843 | AM33: 51.344828 | AN33: 138.3012 | AO33: 46.100402 | AP33: 121 | AQ33: -2.1040802 | AS33: 148 | AT33: 58.948299 | AU33: 29.740816 | AV33: 39.213605 | AW33: 65.925926 | AX33: 127.90272 | AY33: 42.63424 | AZ33: 126 | BA33: -3.4661612
A34: 31 | B34: Binəqədi | C34: 301 | D34: tam orta məktəb | E34: 76 | F34: 48.2 | G34: 34.969737 | J34: 83.169737 | K34: 41.584868 | L34: 226 | M34: -1.149677 | O34: 62 | P34: 41.822581 | Q34: 33.209677 | R34: 27.096774 | T34: 75.032258 | U34: 37.516129 | V34: 277 | W34: -4.0687394 | Y34: 78 | Z34: 47.029412 | AA34: 44.352941 | AB34: 31.264706 | AD34: 122.64706 | AE34: 40.882353 | AF34: 265 | AG34: 3.3662239 | AI34: 84 | AJ34: 40.083333 | AK34: 34.190476 | AL34: 31.952381 | AN34: 106.22619 | AO34: 35.40873 | AP34: 261 | AQ34: -5.4736228 | AS34: 75 | AT34: 48.954667 | AU34: 24.464 | AV34: 30.157333 | AX34: 103.576 | AY34: 34.525333 | AZ34: 259 | BA34: -0.88339683
A35: 32 | B35: Binəqədi | C35: 306 | D35: tam orta məktəb | E35: 69 | F35: 43.2 | G35: 32.507246 | J35: 75.707246 | K35: 37.853623 | L35: 260 | M35: -6.2830435 | O35: 66 | P35: 43.227273 | Q35: 33.363636 | R35: 31.257576 | T35: 76.590909 | U35: 38.295455 | V35: 272 | W35: 0.44183136 | Y35: 115 | Z35: 50.883721 | AA35: 46.383721 | AB35: 36.372093 | AD35: 133.63953 | AE35: 44.546512 | AF35: 217 | AG35: 6.2510571 | AI35: 88 | AJ35: 41.238636 | AK35: 36.090909 | AL35: 29.068182 | AN35: 106.39773 | AO35: 35.465909 | AP35: 260 | AQ35: -9.0806025 | AS35: 112 | AT35: 47.203571 | AU35: 22.833929 | AV35: 30.245536 | AX35: 100.28304 | AY35: 33.427679 | AZ35: 267 | BA35: -2.0382305
A36: 33 | B36: Binəqədi | C36: 313 | D36: tam orta məktəb | E36: 109 | F36: 68.276147 | G36: 50.433945 | J36: 118.71009 | K36: 59.355046 | L36: 15 | M36: 2.8435516 | O36: 108 | P36: 67.018519 | Q36: 51.240741 | R36: 41.694444 | T36: 118.25926 | U36: 59.12963 | V36: 17 | W36: -0.22541624 | Y36: 194 | Z36: 63.808 | AA36: 53.792 | AB36: 43.008 | AD36: 160.608 | AE36: 53.536 | AF36: 52 | AG36: -5.5936296 | AI36: 151 | AJ36: 53.880795 | AK36: 47.549669 | AL36: 38.092715 | AN36: 139.52318 | AO36: 46.507726 | AP36: 111 | AQ36: -7.0282737 | AS36: 189 | AT36: 57.443617 | AU36: 31.471809 | AV36: 37.264362 | AX36: 126.17979 | AY36: 42.059929 | AZ36: 133 | BA36: -4.4477972
A37: 34 | B37: Binəqədi | C37: 314 | D37: tam orta məktəb | E37: 104 | F37: 58.344231 | G37: 45.443269 | J37: 103.7875 | K37: 51.89375 | L37: 81 | M37: -0.31967593 | O37: 141 | P37: 53.928571 | Q37: 48.557143 | R37: 40.8 | T37: 102.48571 | U37: 51.242857 | V37: 84 | W37: -0.65089286 | Y37: 178 | Z37: 56.948905 | AA37: 50.510949 | AB37: 36.737226 | AD37: 144.19708 | AE37: 48.065693 | AF37: 149 | AG37: -3.1771637 | AI37: 147 | AJ37: 49.944444 | AK37: 45.583333 | AL37: 37.902778 | AN37: 133.43056 | AO37: 44.476852 | AP37: 139 | AQ37: -3.5888416 | AS37: 175 | AT37: 55.984118 | AU37: 31.771765 | AV37: 37.266471 | AX37: 125.02235 | AY37: 41.674118 | AZ37: 137 | BA37: -2.8027342
A38: 35 | B38: Nərimanov | C38: 11x | D38: XTM | AS38: 0
A39: 36 | B39: Nərimanov | C39: 34 | D39: tam orta məktəb | E39: 62 | F39: 52.432258 | G39: 42.683871 | J39: 95.116129 | K39: 47.558065 | L39: 141 | M39: -6.4205069 | O39: 37 | P39: 53.864865 | Q39: 48.27027 | R39: 38 | T39: 102.13514 | U39: 51.067568 | V39: 86 | W39: 3.5095031 | Y39: 54 | Z39: 61.904762 | AA39: 51.714286 | AB39: 44.428571 | AD39: 158.04762 | AE39: 52.68254 | AF39: 64 | AG39: 1.6149721 | AI39: 67 | AJ39: 57.38806 | AK39: 45.373134 | AL39: 44.343284 | AN39: 147.10448 | AO39: 49.034826 | AP39: 73 | AQ39: -3.6477138 | AS39: 52 | AT39: 48.17451 | AU39: 37.607843 | AV39: 37.190196 | AX39: 122.97255 | AY39: 40.99085 | AZ39: 149 | BA39: -8.0439762
A40: 37 | B40: Nərimanov | C40: 36 | D40: tam orta məktəb | E40: 67 | F40: 50.449254 | G40: 37.992537 | J40: 88.441791 | K40: 44.220896 | L40: 190 | M40: 3.7719159 | O40: 61 | P40: 54.377049 | Q40: 41.754098 | R40: 41.590164 | T40: 96.131148 | U40: 48.065574 | V40: 126 | W40: 3.8446782 | Y40: 93 | Z40: 56.560976 | AA40: 52.195122 | AB40: 42.963415 | AD40: 151.71951 | AE40: 50.573171 | AF40: 102 | AG40: 2.507597 | AI40: 84 | AJ40: 55.285714 | AK40: 41.238095 | AL40: 43.690476 | AN40: 140.21429 | AO40: 46.738095 | AP40: 109 | AQ40: -3.8350755 | AS40: 96 | AT40: 48.021978 | AU40: 34.445055 | AV40: 36.718681 | AX40: 119.18571 | AY40: 39.728571 | AZ40: 170 | BA40: -7.0095238
A41: 38 | B41: Nərimanov | C41: 37 | D41: tam orta məktəb | E41: 49 | F41: 45.267347 | G41: 34.218367 | J41: 79.485714 | K41: 39.742857 | L41: 250 | M41: -3.5973068 | O41: 40 | P41: 51.275 | Q41: 40.95 | R41: 35.575 | T41: 92.225 | U41: 46.1125 | V41: 157 | W41: 6.3696429 | Y41: 63 | Z41: 50.916667 | AA41: 48.020833 | AB41: 36.916667 | AD41: 135.85417 | AE41: 45.284722 | AF41: 201 | AG41: -0.82777778 | AI41: 39 | AJ41: 46.153846 | AK41: 36.205128 | AL41: 35.564103 | AN41: 117.92308 | AO41: 39.307692 | AP41: 210 | AQ41: -5.9770299 | AS41: 72 | AT41: 43.073611 | AU41: 29.140278 | AV41: 33.984722 | AX41: 106.19861 | AY41: 35.399537 | AZ41: 246 | BA41: -3.9081553
A42: 39 | B42: Nərimanov | C42: 39 | D42: tam orta məktəb | E42: 71 | F42: 62.569014 | G42: 51.632394 | J42: 114.20141 | K42: 57.100704 | L42: 26 | M42: 5.4982042 | O42: 60 | P42: 60.35 | Q42: 48.683333 | R42: 46.85 | T42: 109.03333 | U42: 54.516667 | V42: 37 | W42: -2.5840376 | Y42: 72 | Z42: 54.370968 | AA42: 51.33871 | AB42: 40.83871 | AD42: 146.54839 | AE42: 48.849462 | AF42: 139 | AG42: -5.6672043 | AI42: 92 | AJ42: 59.173913 | AK42: 46.608696 | AL42: 50.336957 | AM42: 54 | AN42: 156.11957 | AO42: 52.039855 | AP42: 47 | AQ42: 3.1903927 | AS42: 70 | AT42: 56.519118 | AU42: 38.723529 | AV42: 46.316176 | AW42: 69.956522 | AX42: 141.55882 | AY42: 47.186275 | AZ42: 61 | BA42: -4.8535806
A43: 40 | B43: Nərimanov | C43: 45 | D43: tam orta məktəb | E43: 117 | F43: 58.211966 | G43: 45.069231 | J43: 103.2812 | K43: 51.640598 | L43: 83 | M43: -2.8143635 | O43: 101 | P43: 55.61 | Q43: 45.86 | R43: 40.89 | T43: 101.47 | U43: 50.735 | V43: 93 | W43: -0.90559829 | Y43: 146 | Z43: 58.313131 | AA43: 50.727273 | AB43: 42.686869 | AD43: 151.72727 | AE43: 50.575758 | AF43: 101 | AG43: -0.15924242 | AI43: 123 | AJ43: 60.235772 | AK43: 47.674797 | AL43: 46.682927 | AN43: 154.5935 | AO43: 51.531165 | AP43: 51 | AQ43: 0.95540774 | AS43: 139 | AT43: 52.353957 | AU43: 37.386331 | AV43: 40.860432 | AX43: 130.60072 | AY43: 43.533573 | AZ43: 107 | BA43: -7.9975922
A44: 41 | B44: Nərimanov | C44: 47 | D44: tam orta məktəb | E44: 99 | F44: 57.430303 | G44: 42.334343 | J44: 99.764646 | K44: 49.882323 | L44: 110 | M44: -2.0062906 | O44: 139 | P44: 59.607407 | Q44: 49.622222 | R44: 49.42963 | T44: 109.22963 | U44: 54.614815 | V44: 35 | W44: 4.7324916 | Y44: 149 | Z44: 57.904 | AA44: 51.824 | AB44: 45.288 | AD44: 155.016 | AE44: 51.672 | AF44: 75 | AG44: -2.9428148 | AI44: 129 | AJ44: 57.031008 | AK44: 45.333333 | AL44: 53.821705 | AM44: 51.683333 | AN44: 156.18605 | AO44: 52.062016 | AP44: 45 | AQ44: 0.3900155 | AS44: 142 | AT44: 56.888732 | AU44: 34.553521 | AV44: 47.203521 | AW44: 55.27027 | AX44: 138.64577 | AY44: 46.215258 | AZ44: 76 | BA44: -5.8467573
A45: 42 | B45: Nərimanov | C45: 57 | D45: tam orta məktəb | E45: 58 | F45: 52.924138 | G45: 47.355172 | J45: 100.27931 | K45: 50.139655 | L45: 105 | M45: 5.2757663 | O45: 58 | P45: 44.689655 | Q45: 36.586207 | R45: 31.155172 | T45: 81.275862 | U45: 40.637931 | V45: 248 | W45: -9.5017241 | Y45: 73 | Z45: 45.530303 | AA45: 43.318182 | AB45: 33.242424 | AD45: 122.09091 | AE45: 40.69697 | AF45: 267 | AG45: 0.059038662 | AI45: 61 | AJ45: 44.213115 | AK45: 37.639344 | AL45: 30.032787 | AN45: 111.88525 | AO45: 37.295082 | AP45: 238 | AQ45: -3.4018877 | AS45: 75 | AT45: 44.138667 | AU45: 37.986667 | AV45: 32.046667 | AX45: 114.172 | AY45: 38.057333 | AZ45: 212 | BA45: 0.76225137
A46: 43 | B46: Nərimanov | C46: 73 | D46: tam orta məktəb | E46: 62 | F46: 44.758065 | G46: 34.290323 | J46: 79.048387 | K46: 39.524194 | L46: 254 | M46: -0.18734491 | O46: 55 | P46: 43.763636 | Q46: 38.763636 | R46: 30.472727 | T46: 82.527273 | U46: 41.263636 | V46: 234 | W46: 1.7394428 | Y46: 76 | Z46: 53.720588 | AA46: 52.867647 | AB46: 34.75 | AD46: 141.33824 | AE46: 47.112745 | AF46: 166 | AG46: 5.8491087 | AI46: 80 | AJ46: 46.825 | AK46: 38.9 | AL46: 31.55 | AN46: 117.275 | AO46: 39.091667 | AP46: 214 | AQ46: -8.0210784 | AS46: 72 | AT46: 46.843056 | AU46: 32.9875 | AV46: 34.759722 | AX46: 114.59028 | AY46: 38.196759 | AZ46: 205 | BA46: -0.89490741
A47: 44 | B47: Nərimanov | C47: 82 | D47: tam orta məktəb | E47: 121 | F47: 60.561983 | G47: 41.630579 | J47: 102.19256 | K47: 51.096281 | L47: 90 | M47: -4.2761489 | O47: 103 | P47: 59.708738 | Q47: 50.601942 | R47: 47.349515 | T47: 110.31068 | U47: 55.15534 | V47: 30 | W47: 4.0590588 | Y47: 135 | Z47: 64.054054 | AA47: 59.531532 | AB47: 45.837838 | AD47: 169.42342 | AE47: 56.474474 | AF47: 26 | AG47: 1.3191347 | AI47: 120 | AJ47: 62.159664 | AK47: 49.680672 | AL47: 51.235294 | AM47: 53.567568 | AN47: 163.07563 | AO47: 54.358543 | AP47: 34 | AQ47: -2.1159311 | AS47: 124 | AT47: 65.127642 | AU47: 42.534959 | AV47: 52.101626 | AW47: 56.696429 | AX47: 159.76423 | AY47: 53.254743 | AZ47: 17 | BA47: -1.1038009
A48: 45 | B48: Nərimanov | C48: 82x | D48: XTM | AI48: 12 | AJ48: 7.83 | AK48: 24 | AL48: 12.42 | AN48: 44.25 | AO48: 14.75 | AP48: 312 | AQ48: #VALUE! | AS48: 20 | AT48: 16.327778 | AU48: 20.483333 | AV48: 15.511111 | AX48: 52.322222 | AY48: 17.440741 | AZ48: 314 | BA48: 2.6907407
A49: 46 | B49: Nərimanov | C49: 93 | D49: tam orta məktəb | E49: 61 | F49: 48.865574 | G49: 38.386885 | J49: 87.252459 | K49: 43.62623 | L49: 199 | M49: -6.4073526 | O49: 73 | P49: 45.753425 | Q49: 34 | R49: 31.575342 | T49: 79.753425 | U49: 39.876712 | V49: 261 | W49: -3.7495172 | Y49: 82 | Z49: 52.344262 | AA49: 44.540984 | AB49: 37.377049 | AD49: 134.2623 | AE49: 44.754098 | AF49: 215 | AG49: 4.877386 | AI49: 87 | AJ49: 51.139535 | AK49: 41.116279 | AL49: 35.802326 | AN49: 128.05814 | AO49: 42.686047 | AP49: 161 | AQ49: -2.0680518 | AS49: 84 | AT49: 48.296429 | AU49: 35.584524 | AV49: 35.292857 | AX49: 119.17381 | AY49: 39.724603 | AZ49: 171 | BA49: -2.9614433
A50: 47 | B50: Nərimanov | C50: 177 | D50: tam orta məktəb | E50: 67 | F50: 58.864179 | G50: 45.968657 | J50: 104.83284 | K50: 52.416418 | L50: 72 | M50: 9.0456632 | O50: 73 | P50: 54.794521 | Q50: 46.205479 | R50: 44.342466 | T50: 101 | U50: 50.5 | V50: 97 | W50: -1.9164179 | Y50: 101 | Z50: 59.793651 | AA50: 55.206349 | AB50: 46 | AD50: 161 | AE50: 53.666667 | AF50: 50 | AG50: 3.1666667 | AI50: 105 | AJ50: 53.333333 | AK50: 41.790476 | AL50: 47.87619 | AM50: 53.36 | AN50: 143 | AO50: 47.666667 | AP50: 97 | AQ50: -6 | AS50: 97 | AT50: 50.995876 | AU50: 31.106186 | AV50: 38.175258 | AW50: 49.15 | AX50: 120.27732 | AY50: 40.09244 | AZ50: 162 | BA50: -7.5742268
A51: 48 | B51: Nərimanov | C51: 178 | D51: tam orta məktəb | E51: 85 | F51: 46.742353 | G51: 37.905882 | J51: 84.648235 | K51: 42.324118 | L51: 212 | M51: -4.2827789 | O51: 85 | P51: 46.914634 | Q51: 38.012195 | R51: 34.45122 | T51: 84.926829 | U51: 42.463415 | V51: 217 | W51: 0.13929699 | Y51: 85 | Z51: 44.060606 | AA51: 38.545455 | AB51: 33.212121 | AD51: 115.81818 | AE51: 38.606061 | AF51: 285 | AG51: -3.857354 | AI51: 89 | AJ51: 51.179775 | AK51: 41.213483 | AL51: 38.426966 | AN51: 130.82022 | AO51: 43.606742 | AP51: 151 | AQ51: 5.000681 | AS51: 84 | AT51: 36.93494 | AU51: 25.379518 | AV51: 29.513253 | AX51: 91.827711 | AY51: 30.609237 | AZ51: 286 | BA51: -12.997505
A52: 49 | B52: Nərimanov | C52: 193 | D52: tam orta məktəb | E52: 117 | F52: 55.908547 | G52: 44.248718 | J52: 100.15726 | K52: 50.078632 | L52: 106 | M52: 2.4315171 | O52: 138 | P52: 56.181159 | Q52: 48.007246 | R52: 46.253623 | T52: 104.18841 | U52: 52.094203 | V52: 66 | W52: 2.0155704 | Y52: 125 | Z52: 57.306931 | AA52: 51.693069 | AB52: 44.970297 | AD52: 153.9703 | AE52: 51.323432 | AF52: 84 | AG52: -0.77077056 | AI52: 120 | AJ52: 54.925 | AK52: 45.466667 | AL52: 46.691667 | AM52: 45.352941 | AN52: 147.08333 | AO52: 49.027778 | AP52: 74 | AQ52: -2.2956546 | AS52: 125 | AT52: 53.118548 | AU52: 34.122581 | AV52: 43.070968 | AW52: 55.413793 | AX52: 130.3121 | AY52: 43.437366 | AZ52: 108 | BA52: -5.5904122
A53: 50 | B53: Nərimanov | C53: 202 | D53: tam orta məktəb | E53: 27 | F53: 59.725926 | G53: 45.681481 | J53: 105.40741 | K53: 52.703704 | L53: 68 | M53: 8.6724537 | O53: 46 | P53: 46.76087 | Q53: 39.26087 | R53: 34.913043 | T53: 86.021739 | U53: 43.01087 | V53: 210 | W53: -9.6928341 | Y53: 44 | Z53: 52.040816 | AA53: 50.673469 | AB53: 36.653061 | AD53: 139.36735 | AE53: 46.455782 | AF53: 178 | AG53: 3.4449127 | AI53: 37 | AJ53: 53.810811 | AK53: 44.324324 | AL53: 45.783784 | AN53: 143.91892 | AO53: 47.972973 | AP53: 93 | AQ53: 1.5171907 | AS53: 44 | AT53: 49.046512 | AU53: 30.304651 | AV53: 34.951163 | AX53: 114.30233 | AY53: 38.100775 | AZ53: 207 | BA53: -9.8721978
A54: 51 | B54: Nərimanov | C54: 207 | D54: tam orta məktəb | E54: 82 | F54: 64.218293 | G54: 51.763415 | J54: 115.98171 | K54: 57.990854 | L54: 22 | M54: -3.4374072 | O54: 89 | P54: 63.426966 | Q54: 52.494382 | R54: 48.707865 | T54: 115.92135 | U54: 57.960674 | V54: 23 | W54: -0.030179501 | Y54: 106 | Z54: 60.393939 | AA54: 58.469697 | AB54: 43.69697 | AD54: 162.56061 | AE54: 54.186869 | AF54: 46 | AG54: -3.7738055 | AI54: 95 | AJ54: 61.831579 | AK54: 54.273684 | AL54: 55.368421 | AM54: 55.517241 | AN54: 171.47368 | AO54: 57.157895 | AP54: 17 | AQ54: 2.971026 | AS54: 106 | AT54: 56.580189 | AU54: 39.472642 | AV54: 45.531132 | AW54: 62.5 | AX54: 141.58396 | AY54: 47.194654 | AZ54: 60 | BA54: -9.9632406
A55: 52 | B55: Nərimanov | C55: 212 | D55: tam orta məktəb | E55: 155 | F55: 57.432258 | G55: 42.496774 | J55: 99.929032 | K55: 49.964516 | L55: 109 | M55: 2.1057442 | O55: 149 | P55: 52.979866 | Q55: 40.825503 | R55: 37.758389 | T55: 93.805369 | U55: 46.902685 | V55: 143 | W55: -3.0618316 | Y55: 161 | Z55: 55.987421 | AA55: 46.257862 | AB55: 41.289308 | AD55: 143.53459 | AE55: 47.844864 | AF55: 152 | AG55: 0.94217917 | AI55: 137 | AJ55: 51.386861 | AK55: 37.868613 | AL55: 41.029197 | AM55: 49.389831 | AN55: 130.28467 | AO55: 43.428224 | AP55: 154 | AQ55: -4.4166399 | AS55: 161 | AT55: 51.9725 | AU55: 31.900625 | AV55: 37.939375 | AW55: 51.402985 | AX55: 121.8125 | AY55: 40.604167 | AZ55: 156 | BA55: -2.8240572
A56: 53 | B56: Nərimanov | C56: 258 | D56: tam orta məktəb | E56: 153 | F56: 60.878431 | G56: 48.422876 | J56: 109.30131 | K56: 54.650654 | L56: 41 | M56: 0.41949975 | O56: 94 | P56: 58.191489 | Q56: 50.010638 | R56: 41.010638 | T56: 108.20213 | U56: 54.101064 | V56: 40 | W56: -0.54958976 | Y56: 182 | Z56: 56.586207 | AA56: 49.982759 | AB56: 43.784483 | AD56: 150.35345 | AE56: 50.117816 | AF56: 112 | AG56: -3.9832477 | AI56: 189 | AJ56: 58.560847 | AK56: 49.058201 | AL56: 50.888889 | AM56: 51.458333 | AN56: 158.50794 | AO56: 52.835979 | AP56: 41 | AQ56: 2.7181627 | AS56: 175 | AT56: 54.697143 | AU56: 37.559429 | AV56: 42.453143 | AW56: 62.089286 | AX56: 134.70971 | AY56: 44.903238 | AZ56: 94 | BA56: -7.9327407
A57: 54 | B57: Nərimanov | C57: 291 | D57: lisey | E57: 41 | F57: 72.321951 | G57: 70.021951 | J57: 142.3439 | K57: 71.171951 | L57: 1 | M57: 0.71718931 | O57: 69 | P57: 79.971014 | Q57: 81.101449 | R57: 74.15942 | T57: 161.07246 | U57: 80.536232 | V57: 1 | W57: 9.3642807 | Y57: 109 | Z57: 77.745455 | AA57: 85.181818 | AB57: 64.490909 | AD57: 227.41818 | AE57: 75.806061 | AF57: 1 | AG57: -4.7301713 | AI57: 100 | AJ57: 75.76 | AK57: 76.96 | AL57: 73.82 | AN57: 226.54 | AO57: 75.513333 | AP57: 2 | AQ57: -0.29272727 | AS57: 100 | AT57: 77.714 | AU57: 64.273 | AV57: 67.827 | AW57: 72.354167 | AX57: 209.814 | AY57: 69.938 | AZ57: 1 | BA57: -5.5753333
A58: 55 | B58: Nərimanov | C58: MLK | D58: məktəb-lisey | E58: 250 | F58: 63.6104 | G58: 49.582 | J58: 113.1924 | K58: 56.5962 | L58: 31 | M58: -1.5104914 | O58: 218 | P58: 57 | Q58: 49.198157 | R58: 48.815668 | T58: 106.19816 | U58: 53.099078 | V58: 50 | W58: -3.4971217 | Y58: 287 | Z58: 60.572687 | AA58: 54.277533 | AB58: 48.352423 | AD58: 163.20264 | AE58: 54.400881 | AF58: 40 | AG58: 1.3018027 | AI58: 260 | AJ58: 62.55 | AK58: 53.061538 | AL58: 56.246154 | AM58: 57.018519 | AN58: 171.85769 | AO58: 57.285897 | AP58: 16 | AQ58: 2.8850164 | AS58: 269 | AT58: 60.832463 | AU58: 37.187313 | AV58: 51.339179 | AW58: 60.956897 | AX58: 149.35896 | AY58: 49.786318 | AZ58: 37 | BA58: -7.499579
A59: 56 | B59: Nəsimi | C59: 1 | D59: tam orta məktəb | E59: 65 | F59: 60.006154 | G59: 48.527692 | J59: 108.53385 | K59: 54.266923 | L59: 45 | M59: 2.9419231 | O59: 52 | P59: 61.711538 | Q59: 56.961538 | R59: 48.826923 | T59: 118.67308 | U59: 59.336538 | V59: 15 | W59: 5.0696154 | Y59: 73 | Z59: 66.704225 | AA59: 63.605634 | AB59: 53.126761 | AD59: 183.43662 | AE59: 61.14554 | AF59: 11 | AG59: 1.8090014 | AI59: 52 | AJ59: 63.807692 | AK59: 48.615385 | AL59: 53.557692 | AM59: 47.810811 | AN59: 165.98077 | AO59: 55.326923 | AP59: 30 | AQ59: -5.8186168 | AS59: 71 | AT59: 64.623944 | AU59: 37.440845 | AV59: 47.725352 | AW59: 47.810345 | AX59: 149.79014 | AY59: 49.930047 | AZ59: 36 | BA59: -5.3968761
A60: 57 | B60: Nəsimi | C60: 5 | D60: tam orta məktəb | E60: 129 | F60: 60.054264 | G60: 51.203101 | J60: 111.25736 | K60: 55.628682 | L60: 36 | M60: 3.1132655 | O60: 121 | P60: 56.438017 | Q60: 47.173554 | R60: 47.355372 | T60: 103.61157 | U60: 51.805785 | V60: 73 | W60: -3.822897 | Y60: 161 | Z60: 58.944444 | AA60: 54.215278 | AB60: 47.347222 | AD60: 160.50694 | AE60: 53.502315 | AF60: 54 | AG60: 1.6965297 | AI60: 144 | AJ60: 55.5 | AK60: 47.888889 | AL60: 48.472222 | AM60: 53.166667 | AN60: 151.86111 | AO60: 50.62037 | AP60: 62 | AQ60: -2.8819444 | AS60: 162 | AT60: 56.458385 | AU60: 37.165839 | AV60: 46.053416 | AW60: 61.783333 | AX60: 139.67764 | AY60: 46.559213 | AZ60: 68 | BA60: -4.0611571
A61: 58 | B61: Nəsimi | C61: 5u | D61: UGİM | AS61: 0
A62: 59 | B62: Nəsimi | C62: 8 | D62: tam orta məktəb | E62: 72 | F62: 53.025 | G62: 38.358333 | J62: 91.383333 | K62: 45.691667 | L62: 164 | M62: 1.4313927 | O62: 55 | P62: 59.529412 | Q62: 46.803922 | R62: 47.980392 | T62: 106.33333 | U62: 53.166667 | V62: 47 | W62: 7.475 | Y62: 75 | Z62: 61.723684 | AA62: 50.605263 | AB62: 49.552632 | AD62: 161.88158 | AE62: 53.960526 | AF62: 48 | AG62: 0.79385965 | AI62: 66 | AJ62: 57.878788 | AK62: 44.424242 | AL62: 51.727273 | AM62: 42.519231 | AN62: 154.0303 | AO62: 51.343434 | AP62: 52 | AQ62: -2.617092 | AS62: 79 | AT62: 67.613924 | AU62: 35.801266 | AV62: 53.091139 | AW62: 52.03125 | AX62: 156.50633 | AY62: 52.168776 | AZ62: 21 | BA62: 0.82534203
A63: 60 | B63: Nəsimi | C63: 9 | D63: tam orta məktəb | E63: 85 | F63: 53.977647 | G63: 42.811765 | J63: 96.789412 | K63: 48.394706 | L63: 131 | M63: 2.343607 | O63: 72 | P63: 50.361111 | Q63: 41.388889 | R63: 35.041667 | T63: 91.75 | U63: 45.875 | V63: 160 | W63: -2.5197059 | Y63: 75 | Z63: 59.895349 | AA63: 54.302326 | AB63: 42.232558 | AD63: 156.43023 | AE63: 52.143411 | AF63: 67 | AG63: 6.2684109 | AI63: 88 | AJ63: 54.840909 | AK63: 45.318182 | AL63: 44.056818 | AM63: 55.956522 | AN63: 144.21591 | AO63: 48.07197 | AP63: 90 | AQ63: -4.0714412 | AS63: 72 | AT63: 49.55 | AU63: 31.601389 | AV63: 34.113889 | AW63: 54.962963 | AX63: 115.26528 | AY63: 38.421759 | AZ63: 197 | BA63: -9.6502104
A64: 61 | B64: Nəsimi | C64: 14 | D64: tam orta məktəb | E64: 92 | F64: 61.133696 | G64: 46.403261 | J64: 107.53696 | K64: 53.768478 | L64: 53 | M64: -0.81462033 | O64: 89 | P64: 60.651685 | Q64: 47.348315 | R64: 40.786517 | T64: 108 | U64: 54 | V64: 42 | W64: 0.23152174 | Y64: 135 | Z64: 62.261905 | AA64: 54.75 | AB64: 42.428571 | AD64: 159.44048 | AE64: 53.146825 | AF64: 58 | AG64: -0.8531746 | AI64: 114 | AJ64: 60.763158 | AK64: 46.421053 | AL64: 44.657895 | AM64: 61.465116 | AN64: 151.84211 | AO64: 50.614035 | AP64: 63 | AQ64: -2.5327903 | AS64: 127 | AT64: 57.870079 | AU64: 36.140157 | AV64: 40.944094 | AW64: 61.854167 | AX64: 134.95433 | AY64: 44.984777 | AZ64: 93 | BA64: -5.6292582
A65: 62 | B65: Nəsimi | C65: 16 | D65: THL | E65: 23 | F65: 59.204348 | G65: 51.53913 | J65: 110.74348 | K65: 55.371739 | L65: 38 | M65: 5.5554126 | O65: 32 | P65: 61.625 | Q65: 52.0625 | R65: 50.78125 | T65: 113.6875 | U65: 56.84375 | V65: 27 | W65: 1.4720109 | Y65: 48 | Z65: 64.807692 | AA65: 62.615385 | AB65: 54.615385 | AD65: 182.03846 | AE65: 60.679487 | AF65: 12 | AG65: 3.8357372 | AI65: 34 | AJ65: 64.823529 | AK65: 48.823529 | AL65: 53.294118 | AM65: 49.125 | AN65: 166.94118 | AO65: 55.647059 | AP65: 27 | AQ65: -5.0324284 | AS65: 42 | AT65: 67.347619 | AU65: 38.25 | AV65: 52.309524 | AW65: 48.714286 | AX65: 157.90714 | AY65: 52.635714 | AZ65: 18 | BA65: -3.0113445
A66: 63 | B66: Nəsimi | C66: 19 | D66: tam orta məktəb | E66: 110 | F66: 52.335455 | G66: 37.039091 | J66: 89.374545 | K66: 44.687273 | L66: 179 | M66: 2.4290638 | O66: 102 | P66: 49.871287 | Q66: 40.514851 | R66: 35.128713 | T66: 90.386139 | U66: 45.193069 | V66: 174 | W66: 0.50579658 | Y66: 125 | Z66: 53.735294 | AA66: 48.5 | AB66: 36.029412 | AD66: 138.26471 | AE66: 46.088235 | AF66: 184 | AG66: 0.89516599 | AI66: 120 | AJ66: 46.361345 | AK66: 33.680672 | AL66: 31.840336 | AN66: 111.88235 | AO66: 37.294118 | AP66: 239 | AQ66: -8.7941176 | AS66: 125 | AT66: 43.161789 | AU66: 29.846341 | AV66: 29.577236 | AX66: 102.58537 | AY66: 34.195122 | AZ66: 262 | BA66: -3.0989957
A67: 64 | B67: Nəsimi | C67: 35 | D67: tam orta məktəb | E67: 45 | F67: 48.362222 | G67: 45.675556 | J67: 94.037778 | K67: 47.018889 | L67: 150 | M67: 3.5207757 | O67: 35 | P67: 45.514286 | Q67: 45.371429 | R67: 34.057143 | T67: 90.885714 | U67: 45.442857 | V67: 167 | W67: -1.5760317 | Y67: 42 | Z67: 49.897436 | AA67: 43 | AB67: 34.974359 | AD67: 127.87179 | AE67: 42.623932 | AF67: 250 | AG67: -2.8189255 | AI67: 50 | AJ67: 46.72 | AK67: 38.16 | AL67: 32.04 | AN67: 116.92 | AO67: 38.973333 | AP67: 217 | AQ67: -3.6505983 | AS67: 40 | AT67: 42.285 | AU67: 33.6975 | AV67: 31.9025 | AX67: 107.885 | AY67: 35.961667 | AZ67: 240 | BA67: -3.0116667
A68: 65 | B68: Nəsimi | C68: 42 | D68: tam orta məktəb | E68: 86 | F68: 62.030233 | G68: 46.831395 | J68: 108.86163 | K68: 54.430814 | L68: 43 | M68: -0.35851938 | O68: 90 | P68: 64.533333 | Q68: 50.311111 | R68: 46.655556 | T68: 114.84444 | U68: 57.422222 | V68: 26 | W68: 2.9914083 | Y68: 101 | Z68: 60.847222 | AA68: 56.472222 | AB68: 44.694444 | AD68: 162.01389 | AE68: 54.00463 | AF68: 47 | AG68: -3.4175926 | AI68: 104 | AJ68: 63.115385 | AK68: 50 | AL68: 54.182692 | AM68: 57.594595 | AN68: 167.29808 | AO68: 55.766026 | AP68: 26 | AQ68: 1.761396 | AS68: 92 | AT68: 61.472527 | AU68: 38.013187 | AV68: 47.538462 | AW68: 66.875 | AX68: 147.02418 | AY68: 49.008059 | AZ68: 41 | BA68: -6.757967
A69: 66 | B69: Nəsimi | C69: 44 | D69: tam orta məktəb | E69: 42 | F69: 36.592857 | G69: 23.080952 | J69: 59.67381 | K69: 29.836905 | L69: 294 | M69: -13.909459 | O69: 56 | P69: 44.678571 | Q69: 35.160714 | R69: 29.785714 | T69: 79.839286 | U69: 39.919643 | V69: 260 | W69: 10.082738 | Y69: 40 | Z69: 50.54902 | AA69: 49.588235 | AB69: 35.862745 | AD69: 136 | AE69: 45.333333 | AF69: 200 | AG69: 5.4136905 | AI69: 57 | AJ69: 48.157895 | AK69: 39.719298 | AL69: 37.245614 | AN69: 125.12281 | AO69: 41.707602 | AP69: 179 | AQ69: -3.625731 | AS69: 32 | AT69: 51.0125 | AU69: 35.51875 | AV69: 46.603125 | AX69: 133.13438 | AY69: 44.378125 | AZ69: 99 | BA69: 2.6705227
A70: 67 | B70: Nəsimi | C70: 46 | D70: tam orta məktəb | E70: 73 | F70: 54.228767 | G70: 47.172603 | J70: 101.40137 | K70: 50.700685 | L70: 99 | M70: 2.0463371 | O70: 79 | P70: 55.911392 | Q70: 48.151899 | R70: 43.025316 | T70: 104.06329 | U70: 52.031646 | V70: 68 | W70: 1.3309606 | Y70: 110 | Z70: 56.910714 | AA70: 57.607143 | AB70: 46 | AD70: 160.51786 | AE70: 53.505952 | AF70: 53 | AG70: 1.4743068 | AI70: 75 | AJ70: 58.733333 | AK70: 45.973333 | AL70: 51.413333 | AM70: 46.204082 | AN70: 156.12 | AO70: 52.04 | AP70: 46 | AQ70: -1.4659524 | AS70: 111 | AT70: 58.409009 | AU70: 39.094595 | AV70: 47.163063 | AW70: 54.878788 | AX70: 144.66667 | AY70: 48.222222 | AZ70: 51 | BA70: -3.8177778
A71: 68 | B71: Nəsimi | C71: 54 | D71: tam orta məktəb | E71: 105 | F71: 68.174286 | G71: 57.230476 | J71: 125.40476 | K71: 62.702381 | L71: 9 | M71: 4.2034014 | O71: 112 | P71: 64.339286 | Q71: 58.526786 | R71: 48.4375 | T71: 122.86607 | U71: 61.433036 | V71: 11 | W71: -1.2693452 | Y71: 118 | Z71: 63.183673 | AA71: 58.765306 | AB71: 44.642857 | AD71: 166.59184 | AE71: 55.530612 | AF71: 31 | AG71: -5.9024235 | AI71: 136 | AJ71: 63.691176 | AK71: 53.764706 | AL71: 51.742647 | AN71: 169.19853 | AO71: 56.39951 | AP71: 20 | AQ71: 0.86889756 | AS71: 106 | AT71: 52.758095 | AU71: 40.545714 | AV71: 39.86 | AX71: 133.16381 | AY71: 44.387937 | AZ71: 98 | BA71: -12.011573
A72: 69 | B72: Nəsimi | C72: 111 | D72: tam orta məktəb | E72: 72 | F72: 58.695833 | G72: 44.186111 | J72: 102.88194 | K72: 51.440972 | L72: 85 | M72: 1.8889985 | O72: 94 | P72: 52.765957 | Q72: 49.351064 | R72: 42.648936 | T72: 102.11702 | U72: 51.058511 | V72: 87 | W72: -0.38246158 | Y72: 101 | Z72: 58.892857 | AA72: 54.119048 | AB72: 42.166667 | AD72: 155.17857 | AE72: 51.72619 | AF72: 72 | AG72: 0.66767984 | AI72: 106 | AJ72: 51.056604 | AK72: 39.245283 | AL72: 41.509434 | AM72: 52.6 | AN72: 131.81132 | AO72: 43.937107 | AP72: 143 | AQ72: -7.7890836 | AS72: 99 | AT72: 53.485417 | AU72: 31.538542 | AV72: 37.375 | AW72: 58.833333 | AX72: 122.39896 | AY72: 40.799653 | AZ72: 153 | BA72: -3.1374541
A73: 70 | B73: Nəsimi | C73: 151 | D73: tam orta məktəb | E73: 40 | F73: 61.65 | G73: 47.0625 | J73: 108.7125 | K73: 54.35625 | L73: 44 | M73: 7.5050305 | O73: 35 | P73: 49.542857 | Q73: 36.771429 | R73: 42.114286 | T73: 86.314286 | U73: 43.157143 | V73: 207 | W73: -11.199107 | Y73: 60 | Z73: 51.185185 | AA73: 50.222222 | AB73: 45.296296 | AD73: 146.7037 | AE73: 48.901235 | AF73: 138 | AG73: 5.7440917 | AI73: 46 | AJ73: 56.434783 | AK73: 39.130435 | AL73: 45.956522 | AM73: 49.086957 | AN73: 141.52174 | AO73: 47.173913 | AP73: 106 | AQ73: -1.7273215 | AS73: 67 | AT73: 59.522727 | AU73: 34.756061 | AV73: 48.662121 | AW73: 57.871795 | AX73: 142.94091 | AY73: 47.64697 | AZ73: 57 | BA73: 0.47305665
A74: 71 | B74: Nəsimi | C74: 159 | D74: tam orta məktəb | E74: 88 | F74: 53.664773 | G74: 43.443182 | J74: 97.107955 | K74: 48.553977 | L74: 128 | M74: -1.6589441 | O74: 87 | P74: 58.151163 | Q74: 48.360465 | R74: 42.116279 | T74: 106.51163 | U74: 53.255814 | V74: 46 | W74: 4.7018367 | Y74: 100 | Z74: 60.321839 | AA74: 56.804598 | AB74: 39.206897 | AD74: 156.33333 | AE74: 52.111111 | AF74: 68 | AG74: -1.1447028 | AI74: 118 | AJ74: 55.347458 | AK74: 45.491525 | AL74: 43.694915 | AN74: 144.5339 | AO74: 48.177966 | AP74: 86 | AQ74: -3.933145 | AS74: 88 | AT74: 50.772727 | AU74: 32.396591 | AV74: 39.407955 | AX74: 122.57727 | AY74: 40.859091 | AZ74: 150 | BA74: -7.3188752
A75: 72 | B75: Nəsimi | C75: 164 | D75: tam orta məktəb | E75: 93 | F75: 62.435484 | G75: 45.991398 | J75: 108.42688 | K75: 54.213441 | L75: 46 | M75: -1.4543557 | O75: 111 | P75: 58.477477 | Q75: 51.387387 | R75: 54.198198 | T75: 109.86486 | U75: 54.932432 | V75: 33 | W75: 0.71899157 | Y75: 138 | Z75: 61.449541 | AA75: 61.018349 | AB75: 50.495413 | AD75: 172.9633 | AE75: 57.654434 | AF75: 20 | AG75: 2.7220018 | AI75: 119 | AJ75: 63.008403 | AK75: 55.596639 | AL75: 61.848739 | AM75: 52.970588 | AN75: 180.45378 | AO75: 60.151261 | AP75: 10 | AQ75: 2.4968263 | AS75: 125 | AT75: 65.476 | AU75: 35.4624 | AV75: 50.1616 | AW75: 54.3125 | AX75: 151.1 | AY75: 50.366667 | AZ75: 30 | BA75: -9.7845938
A76: 73 | B76: Nəsimi | C76: 211 | D76: tam orta məktəb | E76: 115 | F76: 55.17913 | G76: 41.494783 | J76: 96.673913 | K76: 48.336957 | L76: 134 | M76: -3.8800538 | O76: 103 | P76: 56.067961 | Q76: 46.31068 | R76: 40 | T76: 102.37864 | U76: 51.18932 | V76: 85 | W76: 2.8523639 | Y76: 134 | Z76: 55.75 | AA76: 48.88 | AB76: 40.53 | AD76: 145.16 | AE76: 48.386667 | AF76: 142 | AG76: -2.8026537 | AI76: 150 | AJ76: 59.493333 | AK76: 49.973333 | AL76: 46.593333 | AM76: 53.5 | AN76: 156.06 | AO76: 52.02 | AP76: 48 | AQ76: 3.6333333 | AS76: 128 | AT76: 59.725 | AU76: 37.827344 | AV76: 42.117969 | AW76: 60.955556 | AX76: 139.67031 | AY76: 46.556771 | AZ76: 69 | BA76: -5.4632292
A77: 74 | B77: Nəsimi | C77: 240 | D77: tam orta məktəb | E77: 76 | F77: 64.184211 | G77: 52.760526 | J77: 116.94474 | K77: 58.472368 | L77: 19 | M77: 0.52396417 | O77: 89 | P77: 64.640449 | Q77: 54.966292 | R77: 50.269663 | T77: 119.60674 | U77: 59.803371 | V77: 13 | W77: 1.3310024 | Y77: 127 | Z77: 65.153846 | AA77: 57.798077 | AB77: 43.221154 | AD77: 166.17308 | AE77: 55.391026 | AF77: 34 | AG77: -4.4123451 | AI77: 134 | AJ77: 65.552239 | AK77: 56.059701 | AL77: 55.641791 | AN77: 177.25373 | AO77: 59.084577 | AP77: 12 | AQ77: 3.6935515 | AS77: 120 | AT77: 62.024167 | AU77: 42.881667 | AV77: 45.835833 | AW77: 54.684211 | AX77: 150.74167 | AY77: 50.247222 | AZ77: 32 | BA77: -8.8373549
A78: 75 | B78: Nəsimi | C78: 247 | D78: tam orta məktəb | E78: 44 | F78: 59.854545 | G78: 39.638636 | J78: 99.493182 | K78: 49.746591 | L78: 111 | M78: -3.8823565 | O78: 37 | P78: 55.189189 | Q78: 46.756757 | R78: 36.540541 | T78: 101.94595 | U78: 50.972973 | V78: 88 | W78: 1.2263821 | Y78: 71 | Z78: 58.795455 | AA78: 49.136364 | AB78: 42 | AD78: 149.93182 | AE78: 49.977273 | AF78: 114 | AG78: -0.99570025 | AI78: 57 | AJ78: 58.614035 | AK78: 39.438596 | AL78: 40.894737 | AM78: 55.647059 | AN78: 138.94737 | AO78: 46.315789 | AP78: 118 | AQ78: -3.6614833 | AS78: 71 | AT78: 51.119718 | AU78: 34.48169 | AV78: 39.184507 | AW78: 61.5 | AX78: 124.78592 | AY78: 41.595305 | AZ78: 139 | BA78: -4.7204843
A79: 76 | B79: Nəsimi | C79: 266 | D79: tam orta məktəb | E79: 70 | F79: 55.108571 | G79: 37.018571 | J79: 92.127143 | K79: 46.063571 | L79: 158 | M79: -9.5269458 | O79: 36 | P79: 52.277778 | Q79: 38.888889 | R79: 32.138889 | T79: 91.166667 | U79: 45.583333 | V79: 164 | W79: -0.4802381 | Y79: 52 | Z79: 53.150943 | AA79: 49.811321 | AB79: 35.54717 | AD79: 138.50943 | AE79: 46.169811 | AF79: 182 | AG79: 0.58647799 | AI79: 59 | AJ79: 53.711864 | AK79: 46.237288 | AL79: 41.881356 | AN79: 141.83051 | AO79: 47.276836 | AP79: 104 | AQ79: 1.1070248 | AS79: 51 | AT79: 43.427451 | AU79: 32.239216 | AV79: 34.198039 | AX79: 109.86471 | AY79: 36.621569 | AZ79: 233 | BA79: -10.655268
A80: 77 | B80: Nəsimi | C80: 268x | D80: XTM | AS80: 63
A81: 78 | B81: Nəsimi | C81: THL | D81: THL | E81: 120 | F81: 73.779167 | G81: 67.4875 | J81: 141.26667 | K81: 70.633333 | L81: 3 | M81: 2.6891813 | O81: 101 | P81: 67.267327 | Q81: 66.366337 | R81: 53.950495 | T81: 133.63366 | U81: 66.816832 | V81: 6 | W81: -3.8165017 | Y81: 171 | Z81: 69.773869 | AA81: 75.557789 | AB81: 57.165829 | AD81: 202.49749 | AE81: 67.499162 | AF81: 5 | AG81: 0.6823308 | AI81: 140 | AJ81: 76.421429 | AK81: 74.571429 | AL81: 70.221429 | AM81: 71 | AN81: 221.21429 | AO81: 73.738095 | AP81: 3 | AQ81: 6.2389328 | AS81: 135 | AT81: 69.897015 | AU81: 58.735075 | AV81: 58.054478 | AW81: 71.962963 | AX81: 186.68657 | AY81: 62.228856 | AZ81: 4 | BA81: -11.50924
A82: 79 | B82: Nizami | C82: 2x | D82: XƏQTOM | AI82: 16 | AJ82: 27.9375 | AK82: 42 | AL82: 10.3 | AM82: 36.5 | AN82: 80.2375 | AO82: 26.745833 | AP82: 303 | AQ82: #VALUE! | AS82: 17 | AT82: 24.570588 | AU82: 26.958824 | AV82: 20.235294 | AW82: 20 | AX82: 71.764706 | AY82: 23.921569 | AZ82: 309 | BA82: -2.8242647
A83: 80 | B83: Nizami | C83: 3x | D83: XTM | AI83: 53 | AJ83: 9.9622642 | AK83: 13.358491 | AL83: 11.765957 | AM83: 26.166667 | AN83: 35.086712 | AO83: 11.695571 | AP83: 313 | AQ83: #VALUE! | AS83: 69 | BA83: #VALUE!
A84: 81 | B84: Nizami | C84: 8u | D84: UGİM | AS84: 0
A85: 82 | B85: Nizami | C85: 10 | D85: tam orta məktəb | E85: 52 | F85: 48.934615 | G85: 34.992308 | J85: 83.926923 | K85: 41.963462 | L85: 222 | M85: -11.610348 | O85: 78 | P85: 57.192308 | Q85: 47.615385 | R85: 45.435897 | T85: 104.80769 | U85: 52.403846 | V85: 62 | W85: 10.440385 | Y85: 82 | Z85: 58.82 | AA85: 51.79 | AB85: 47.91 | AD85: 158.52 | AE85: 52.84 | AF85: 62 | AG85: 0.43615385 | AI85: 103 | AJ85: 54.485437 | AK85: 41.708738 | AL85: 47.757282 | AM85: 52.792453 | AN85: 143.95146 | AO85: 47.983819 | AP85: 91 | AQ85: -4.8561812 | AS85: 82 | AT85: 62.828049 | AU85: 38.978049 | AV85: 48.09878 | AW85: 59.432432 | AX85: 149.90488 | AY85: 49.968293 | AZ85: 35 | BA85: 1.9844739
A86: 83 | B86: Nizami | C86: 12 | D86: tam orta məktəb | E86: 105 | F86: 58.793333 | G86: 46.495238 | J86: 105.28857 | K86: 52.644286 | L86: 70 | M86: 1.2007512 | O86: 101 | P86: 54.861386 | Q86: 47.831683 | R86: 39.039604 | T86: 102.69307 | U86: 51.346535 | V86: 79 | W86: -1.2977511 | Y86: 134 | Z86: 54.118812 | AA86: 49.752475 | AB86: 34.90099 | AD86: 138.77228 | AE86: 46.257426 | AF86: 180 | AG86: -5.0891089 | AI86: 125 | AJ86: 56.816 | AK86: 48.192 | AL86: 42.296 | AN86: 147.304 | AO86: 49.101333 | AP86: 70 | AQ86: 2.8439076 | AS86: 126 | AT86: 53.478571 | AU86: 36.223016 | AV86: 38.888889 | AX86: 128.59048 | AY86: 42.863492 | AZ86: 122 | BA86: -6.2378413
A87: 84 | B87: Nizami | C87: 32 | D87: tam orta məktəb | E87: 101 | F87: 58.468317 | G87: 45.020792 | J87: 103.48911 | K87: 51.744554 | L87: 82 | M87: -0.89995774 | O87: 79 | P87: 53.518987 | Q87: 46 | R87: 45.911392 | T87: 99.518987 | U87: 49.759494 | V87: 105 | W87: -1.9850608 | Y87: 96 | Z87: 61.657658 | AA87: 55.27027 | AB87: 46.009009 | AD87: 162.93694 | AE87: 54.312312 | AF87: 43 | AG87: 4.5528186 | AI87: 111 | AJ87: 60.378378 | AK87: 52.504505 | AL87: 51.324324 | AM87: 53.78125 | AN87: 164.20721 | AO87: 54.735736 | AP87: 31 | AQ87: 0.42342342 | AS87: 91 | AT87: 55.392308 | AU87: 37.063736 | AV87: 45.862637 | AW87: 58.666667 | AX87: 138.31868 | AY87: 46.106227 | AZ87: 79 | BA87: -8.6295086
A88: 85 | B88: Nizami | C88: 61 | D88: tam orta məktəb | E88: 62 | F88: 51.895161 | G88: 42.609677 | J88: 94.504839 | K88: 47.252419 | L88: 148 | M88: -6.2082364 | O88: 58 | P88: 51.649123 | Q88: 37.894737 | R88: 34.578947 | T88: 89.54386 | U88: 44.77193 | V88: 185 | W88: -2.4804895 | Y88: 95 | Z88: 59.59375 | AA88: 52.0625 | AB88: 43.359375 | AD88: 155.01562 | AE88: 51.671875 | AF88: 76 | AG88: 6.8999452 | AI88: 109 | AJ88: 54.925234 | AK88: 44.747664 | AL88: 44.859813 | AM88: 49.263158 | AN88: 144.53271 | AO88: 48.17757 | AP88: 87 | AQ88: -3.4943049 | AS88: 92 | AT88: 57.242857 | AU88: 37.786813 | AV88: 44.279121 | AW88: 62.1 | AX88: 139.30879 | AY88: 46.436264 | AZ88: 71 | BA88: -1.7413064
A89: 86 | B89: Nizami | C89: 62 | D89: məktəb-lisey | E89: 81 | F89: 72.467901 | G89: 67.306173 | J89: 139.77407 | K89: 69.887037 | L89: 5 | M89: 4.2442739 | O89: 61 | P89: 72.688525 | Q89: 66 | R89: 55.245902 | T89: 138.68852 | U89: 69.344262 | V89: 5 | W89: -0.54277474 | Y89: 85 | Z89: 72.386364 | AA89: 71.738636 | AB89: 54.488636 | AD89: 198.61364 | AE89: 66.204545 | AF89: 6 | AG89: -3.1397168 | AI89: 111 | AJ89: 71.486486 | AK89: 64.504505 | AL89: 60.585586 | AN89: 196.57658 | AO89: 65.525526 | AP89: 6 | AQ89: -0.67901993 | AS89: 82 | AT89: 69.778049 | AU89: 56.785366 | AV89: 55.84878 | AX89: 182.4122 | AY89: 60.804065 | AZ89: 6 | BA89: -4.7214605
A90: 87 | B90: Nizami | C90: 70 | D90: məktəb-lisey | E90: 164 | F90: 60.010366 | G90: 50.587195 | J90: 110.59756 | K90: 55.29878 | L90: 39 | M90: 1.644093 | O90: 160 | P90: 53.96875 | Q90: 46.10625 | R90: 39.39375 | T90: 100.075 | U90: 50.0375 | V90: 103 | W90: -5.2612805 | Y90: 146 | Z90: 59.148936 | AA90: 59.659574 | AB90: 47.106383 | AD90: 165.91489 | AE90: 55.304965 | AF90: 35 | AG90: 5.2674645 | AI90: 177 | AJ90: 62.757062 | AK90: 55.502825 | AL90: 50.056497 | AN90: 168.31638 | AO90: 56.105461 | AP90: 24 | AQ90: 0.80049685 | AS90: 140 | AT90: 60.990647 | AU90: 44.594964 | AV90: 49.510072 | AX90: 155.09568 | AY90: 51.698561 | AZ90: 25 | BA90: -4.4069002
A91: 88 | B91: Nizami | C91: 109 | D91: tam orta məktəb | E91: 47 | F91: 55.914894 | G91: 35.423404 | J91: 91.338298 | K91: 45.669149 | L91: 166 | M91: -4.7686288 | O91: 61 | P91: 47.868852 | Q91: 35.213115 | R91: 30.491803 | T91: 83.081967 | U91: 41.540984 | V91: 230 | W91: -4.1281653 | Y91: 40 | Z91: 53.583333 | AA91: 41.375 | AB91: 36.5 | AD91: 131.45833 | AE91: 43.819444 | AF91: 236 | AG91: 2.2784608 | AI91: 63 | AJ91: 58.349206 | AK91: 44.571429 | AL91: 42.412698 | AN91: 145.33333 | AO91: 48.444444 | AP91: 82 | AQ91: 4.625 | AS91: 36 | AT91: 58.797143 | AU91: 37.145714 | AV91: 33.531429 | AX91: 129.47429 | AY91: 43.158095 | AZ91: 113 | BA91: -5.2863492
A92: 89 | B92: Nizami | C92: 129 | D92: tam orta məktəb | E92: 81 | F92: 67.101235 | G92: 56.251852 | J92: 123.35309 | K92: 61.676543 | L92: 12 | M92: 5.9429225 | O92: 93 | P92: 63.225806 | Q92: 52.096774 | R92: 47.096774 | T92: 115.32258 | U92: 57.66129 | V92: 24 | W92: -4.0152529 | Y92: 108 | Z92: 66.05814 | AA92: 63.709302 | AB92: 50.895349 | AD92: 180.66279 | AE92: 60.22093 | AF92: 13 | AG92: 2.5596399 | AI92: 92 | AJ92: 66.858696 | AK92: 53.565217 | AL92: 47.956522 | AN92: 168.38043 | AO92: 56.126812 | AP92: 23 | AQ92: -4.0941186 | AS92: 103 | AT92: 65.819417 | AU92: 45.034951 | AV92: 49.770874 | AX92: 160.62524 | AY92: 53.541748 | AZ92: 15 | BA92: -2.585064
A93: 90 | B93: Nizami | C93: 145 | D93: tam orta məktəb | E93: 139 | F93: 67.180576 | G93: 55.773381 | J93: 122.95396 | K93: 61.476978 | L93: 13 | M93: 3.502363 | O93: 142 | P93: 65.176056 | Q93: 57.394366 | R93: 60.176056 | T93: 122.57042 | U93: 61.285211 | V93: 12 | W93: -0.19176715 | Y93: 216 | Z93: 69.47482 | AA93: 62.942446 | AB93: 62.345324 | AD93: 194.76259 | AE93: 64.920863 | AF93: 7 | AG93: 3.635652 | AI93: 188 | AJ93: 61.856383 | AK93: 54.744681 | AL93: 61.590426 | AM93: 51.711656 | AN93: 178.19149 | AO93: 59.397163 | AP93: 11 | AQ93: -5.5237002 | AS93: 203 | AT93: 71.192611 | AU93: 43.446305 | AV93: 58.25468 | AW93: 59.252747 | AX93: 172.8936 | AY93: 57.631199 | AZ93: 9 | BA93: -1.7659644
A94: 91 | B94: Nizami | C94: 201 | D94: tam orta məktəb | E94: 89 | F94: 47.519101 | G94: 36.093258 | J94: 83.61236 | K94: 41.80618 | L94: 223 | M94: -3.2255407 | O94: 105 | P94: 48.047619 | Q94: 42.638095 | R94: 34.561905 | T94: 90.685714 | U94: 45.342857 | V94: 170 | W94: 3.5366774 | Y94: 125 | Z94: 50.233333 | AA94: 44.755556 | AB94: 36.788889 | AD94: 131.77778 | AE94: 43.925926 | AF94: 232 | AG94: -1.4169312 | AI94: 100 | AJ94: 44.575758 | AK94: 36.686869 | AL94: 35.121212 | AM94: 45.722222 | AN94: 116.38384 | AO94: 38.794613 | AP94: 219 | AQ94: -5.1313131 | AS94: 119 | AT94: 51.622881 | AU94: 32.609322 | AV94: 31.757627 | AW94: 65.6 | AX94: 115.98983 | AY94: 38.663277 | AZ94: 194 | BA94: -0.13133596
A95: 92 | B95: Nizami | C95: 210 | D95: tam orta məktəb | E95: 87 | F95: 59.614943 | G95: 48.521839 | J95: 108.13678 | K95: 54.068391 | L95: 50 | M95: 1.2717692 | O95: 67 | P95: 58.287879 | Q95: 49.848485 | R95: 48.606061 | T95: 108.13636 | U95: 54.068182 | V95: 41 | W95: -0.00020898642 | Y95: 106 | Z95: 59.609195 | AA95: 59.770115 | AB95: 46.482759 | AD95: 165.86207 | AE95: 55.287356 | AF95: 36 | AG95: 1.2191745 | AI95: 104 | AJ95: 55.740385 | AK95: 49.538462 | AL95: 48.307692 | AM95: 54.872727 | AN95: 153.58654 | AO95: 51.195513 | AP95: 56 | AQ95: -4.0918435 | AS95: 102 | AT95: 62.910891 | AU95: 43.661386 | AV95: 44.349505 | AW95: 60.722222 | AX95: 150.92178 | AY95: 50.307261 | AZ95: 31 | BA95: -0.88825209
A96: 93 | B96: Nizami | C96: 214 | D96: tam orta məktəb | E96: 123 | F96: 59.795935 | G96: 46.94065 | J96: 106.73659 | K96: 53.368293 | L96: 57 | M96: -1.7038162 | O96: 126 | P96: 54.712 | Q96: 46.192 | R96: 44.16 | T96: 100.904 | U96: 50.452 | V96: 98 | W96: -2.9162927 | Y96: 191 | Z96: 63.682635 | AA96: 59.538922 | AB96: 51.39521 | AD96: 174.61677 | AE96: 58.205589 | AF96: 16 | AG96: 7.7535888 | AI96: 155 | AJ96: 56.787097 | AK96: 45.212903 | AL96: 50.335484 | AM96: 48.607595 | AN96: 152.33548 | AO96: 50.778495 | AP96: 61 | AQ96: -7.4270942 | AS96: 186 | AT96: 62.496774 | AU96: 40.176882 | AV96: 49.034409 | AW96: 55.663717 | AX96: 151.70806 | AY96: 50.569355 | AZ96: 29 | BA96: -0.20913978
A97: 94 | B97: Nizami | C97: 220 | D97: məktəb-lisey | E97: 178 | F97: 67.947753 | G97: 56.847753 | J97: 124.79551 | K97: 62.397753 | L97: 10 | M97: -0.45059156 | O97: 166 | P97: 67.96988 | Q97: 61.885542 | R97: 53.939759 | T97: 129.85542 | U97: 64.927711 | V97: 8 | W97: 2.529958 | Y97: 181 | Z97: 67.789474 | AA97: 68.135338 | AB97: 52.819549 | AD97: 188.74436 | AE97: 62.914787 | AF97: 8 | AG97: -2.0129239 | AI97: 178 | AJ97: 67.079096 | AK97: 59.073446 | AL97: 56.011299 | AN97: 182.16384 | AO97: 60.721281 | AP97: 9 | AQ97: -2.1935064 | AS97: 160 | AT97: 66.133125 | AU97: 52.311875 | AV97: 54.87125 | AX97: 173.31625 | AY97: 57.772083 | AZ97: 8 | BA97: -2.9491973
A98: 95 | B98: Nizami | C98: 227 | D98: tam orta məktəb | E98: 106 | F98: 53.988679 | G98: 36.454717 | J98: 90.443396 | K98: 45.221698 | L98: 171 | M98: -4.8967229 | O98: 87 | P98: 52.068966 | Q98: 41.494253 | R98: 34.390805 | T98: 93.563218 | U98: 46.781609 | V98: 145 | W98: 1.5599111 | Y98: 87 | Z98: 53.402062 | AA98: 48.546392 | AB98: 39.350515 | AD98: 141.29897 | AE98: 47.099656 | AF98: 167 | AG98: 0.31804716 | AI98: 88 | AJ98: 56.965517 | AK98: 40.689655 | AL98: 39.551724 | AN98: 137.2069 | AO98: 45.735632 | AP98: 122 | AQ98: -1.3640242 | AS98: 82 | AT98: 52.367901 | AU98: 34.295062 | AV98: 32.492593 | AX98: 119.15556 | AY98: 39.718519 | AZ98: 172 | BA98: -6.0171137
A99: 96 | B99: Nizami | C99: 229 | D99: tam orta məktəb | E99: 96 | F99: 54.483333 | G99: 43.65625 | J99: 98.139583 | K99: 49.069792 | L99: 119 | M99: -1.6566128 | O99: 107 | P99: 59.523364 | Q99: 45.869159 | R99: 45.168224 | T99: 105.39252 | U99: 52.696262 | V99: 56 | W99: 3.62647 | Y99: 109 | Z99: 60.22549 | AA99: 49.5 | AB99: 44.04902 | AD99: 153.77451 | AE99: 51.25817 | AF99: 86 | AG99: -1.4380917 | AI99: 116 | AJ99: 58.75 | AK99: 46.103448 | AL99: 49.060345 | AM99: 57.193548 | AN99: 153.91379 | AO99: 51.304598 | AP99: 54 | AQ99: 0.046427767 | AS99: 112 | AT99: 61.538393 | AU99: 38.579464 | AV99: 46.348214 | AW99: 57.266667 | AX99: 146.46607 | AY99: 48.822024 | AZ99: 44 | BA99: -2.4825739
A100: 97 | B100: Nizami | C100: 238 | D100: tam orta məktəb | E100: 119 | F100: 61.258824 | G100: 45.657983 | J100: 106.91681 | K100: 53.458403 | L100: 55 | M100: 4.52507 | O100: 111 | P100: 56.981982 | Q100: 47.081081 | R100: 44.063063 | T100: 104.06306 | U100: 52.031532 | V100: 69 | W100: -1.4268718 | Y100: 127 | Z100: 57.097222 | AA100: 49.590278 | AB100: 42.840278 | AD100: 149.52778 | AE100: 49.842593 | AF100: 117 | AG100: -2.1889389 | AI100: 128 | AJ100: 57.425197 | AK100: 44.535433 | AL100: 44.708661 | AN100: 146.66929 | AO100: 48.889764 | AP100: 76 | AQ100: -0.95282881 | AS100: 121 | AT100: 59.78843 | AU100: 42.495868 | AV100: 44.480165 | AX100: 146.76446 | AY100: 48.921488 | AZ100: 43 | BA100: 0.031723824
...
