Workbook

Sheet Ümumi baza
B1: 0 | C1: Azərbaycan | D1: Aşağıdakı sütunlarda heç bir qeyd aparmayın! | AG1: 1 | AH1: Azərbaycan | AI1: Aşağıdakı sütunlarda heç bir qeyd aparmayın! | BL1: 2 | BM1: Azərbaycan | BN1: Aşağıdakı sütunlarda heç bir qeyd aparmayın! | CQ1: 3 | CR1: Azərbaycan | CS1: Aşağıdakı sütunlarda heç bir qeyd aparmayın! | DV1: 4 | DW1: Azərbaycan | DX1: Aşağıdakı sütunlarda heç bir qeyd aparmayın! | FA1: 5 | FB1: Azərbaycan | FC1: Aşağıdakı sütunlarda heç bir qeyd aparmayın! | GF1: 6 | GG1: Azərbaycan | GH1: Aşağıdakı sütunlarda heç bir qeyd aparmayın! | HK1: 7 | HL1: Azərbaycan | HM1: Aşağıdakı sütunlarda heç bir qeyd aparmayın! | IP1: 8 | IQ1: Azərbaycan | IR1: Aşağıdakı sütunlarda heç bir qeyd aparmayın! | JU1: 9 | JV1: Azərbaycan | JW1: Aşağıdakı sütunlarda heç bir qeyd aparmayın! | KZ1: 10 | LA1: Azərbaycan | LB1: Aşağıdakı sütunlarda heç bir qeyd aparmayın! | ME1: 11 | MF1: Azərbaycan | MG1: Aşağıdakı sütunlarda heç bir qeyd aparmayın!
F2: Şagird sayı | I2: Buraxılan dərslərin faizi | M2: I yarımil üzrə nəticələr | S2: II yarımil üzrə nəticələr | Y2: Tədris ili üzrə nəticələr | AK2: Şagird sayı | AN2: Buraxılan dərslərin faizi | AR2: I yarımil üzrə nəticələr | AX2: II yarımil üzrə nəticələr | BD2: Tədris ili üzrə nəticələr | BP2: Şagird sayı | BS2: Buraxılan dərslərin faizi | BW2: I yarımil üzrə nəticələr | CC2: II yarımil üzrə nəticələr | CI2: Tədris ili üzrə nəticələr | CU2: Şagird sayı | CX2: Buraxılan dərslərin faizi | DB2: I yarımil üzrə nəticələr | DH2: II yarımil üzrə nəticələr | DN2: Tədris ili üzrə nəticələr | DZ2: Şagird sayı | EC2: Buraxılan dərslərin faizi | EG2: I yarımil üzrə nəticələr | EM2: II yarımil üzrə nəticələr | ES2: Tədris ili üzrə nəticələr | FE2: Şagird sayı | FH2: Buraxılan dərslərin faizi | FL2: I yarımil üzrə nəticələr | FR2: II yarımil üzrə nəticələr | FX2: Tədris ili üzrə nəticələr | GJ2: Şagird sayı | GM2: Buraxılan dərslərin faizi | GQ2: I yarımil üzrə nəticələr | GW2: II yarımil üzrə nəticələr | HC2: Tədris ili üzrə nəticələr | HO2: Şagird sayı | HR2: Buraxılan dərslərin faizi | HV2: I yarımil üzrə nəticələr | IB2: II yarımil üzrə nəticələr | IH2: Tədris ili üzrə nəticələr | IT2: Şagird sayı | IW2: Buraxılan dərslərin faizi | JA2: I yarımil üzrə nəticələr | JG2: II yarımil üzrə nəticələr | JM2: Tədris ili üzrə nəticələr | JY2: Şagird sayı | KB2: Buraxılan dərslərin faizi | KF2: I yarımil üzrə nəticələr | KL2: II yarımil üzrə nəticələr | KR2: Tədris ili üzrə nəticələr | LD2: Şagird sayı | LG2: Buraxılan dərslərin faizi | LK2: I yarımil üzrə nəticələr | LQ2: II yarımil üzrə nəticələr | LW2: Tədris ili üzrə nəticələr | MI2: Şagird sayı | ML2: Buraxılan dərslərin faizi | MP2: I yarımil üzrə nəticələr | MV2: II yarımil üzrə nəticələr | NB2: Tədris ili üzrə nəticələr
B3: Fənnin kodu | C3: Fənn | D3: İllik dərs saatı | E3: Bölmə | F3: oğlanlar | G3: qızlar | H3: cəmi | I3: oğlanlar | J3: qızlar | K3: cəmi | L3: Ötən tədris ili üzrə illik nəticə | M3: Diaqnostik 1 | N3: Monitorinq 1 | O3: Monitorinq 2 | P3: KSQ orta | Q3: BSQ | R3: I yarımil | S3: Diaqnostik 2 | T3: Monitorinq 3 | U3: Monitorinq 4 | V3: KSQ orta | W3: BSQ | X3: II yarımil | Y3: "Diaqnostik" orta illik | Z3: "Monitorinq" orta illik | AA3: "KSQ orta" orta illik | AB3: "BSQ" orta illik | AC3: İllik | AD3: Buraxılış imtahanı nəticəsi | AG3: Fənnin kodu | AH3: Fənn | AI3: İllik dərs saatı | AJ3: Bölmə | AK3: oğlanlar | AL3: qızlar | AM3: cəmi | AN3: oğlanlar | AO3: qızlar | AP3: cəmi | AQ3: Ötən tədris ili üzrə illik nəticə | AR3: Diaqnostik 1 | AS3: Monitorinq 1 | AT3: Monitorinq 2 | AU3: KSQ orta | AV3: BSQ | AW3: I yarımil | AX3: Diaqnostik 2 | AY3: Monitorinq 3 | AZ3: Monitorinq 4 | BA3: KSQ orta | BB3: BSQ | BC3: II yarımil | BD3: "Diaqnostik" orta illik | BE3: "Monitorinq" orta illik | BF3: "KSQ orta" orta illik | BG3: "BSQ" orta illik | BH3: İllik | BI3: Buraxılış imtahanı nəticəsi | BL3: Fənnin kodu | BM3: Fənn | BN3: İllik dərs saatı | BO3: Bölmə | BP3: oğlanlar | BQ3: qızlar | BR3: cəmi | BS3: oğlanlar | BT3: qızlar | BU3: cəmi | BV3: Ötən tədris ili üzrə illik nəticə | BW3: Diaqnostik 1 | BX3: Monitorinq 1 | BY3: Monitorinq 2 | BZ3: KSQ orta | CA3: BSQ | CB3: I yarımil | CC3: Diaqnostik 2 | CD3: Monitorinq 3 | CE3: Monitorinq 4 | CF3: KSQ orta | CG3: BSQ | CH3: II yarımil | CI3: "Diaqnostik" orta illik | CJ3: "Monitorinq" orta illik | CK3: "KSQ orta" orta illik | CL3: "BSQ" orta illik | CM3: İllik | CN3: Buraxılış imtahanı nəticəsi | CQ3: Fənnin kodu | CR3: Fənn | CS3: İllik dərs saatı | CT3: Bölmə | CU3: oğlanlar | CV3: qızlar | CW3: cəmi | CX3: oğlanlar | CY3: qızlar | CZ3: cəmi | DA3: Ötən tədris ili üzrə illik nəticə | DB3: Diaqnostik 1 | DC3: Monitorinq 1 | DD3: Monitorinq 2 | DE3: KSQ orta | DF3: BSQ | DG3: I yarımil | DH3: Diaqnostik 2 | DI3: Monitorinq 3 | DJ3: Monitorinq 4 | DK3: KSQ orta | DL3: BSQ | DM3: II yarımil | DN3: "Diaqnostik" orta illik | DO3: "Monitorinq" orta illik | DP3: "KSQ orta" orta illik | DQ3: "BSQ" orta illik | DR3: İllik | DS3: Buraxılış imtahanı nəticəsi | DV3: Fənnin kodu | DW3: Fənn | DX3: İllik dərs saatı | DY3: Bölmə | DZ3: oğlanlar | EA3: qızlar | EB3: cəmi | EC3: oğlanlar | ED3: qızlar | EE3: cəmi | EF3: Ötən tədris ili üzrə illik nəticə | EG3: Diaqnostik 1 | EH3: Monitorinq 1 | EI3: Monitorinq 2 | EJ3: KSQ orta | EK3: BSQ | EL3: I yarımil | EM3: Diaqnostik 2 | EN3: Monitorinq 3 | EO3: Monitorinq 4 | EP3: KSQ orta | EQ3: BSQ | ER3: II yarımil | ES3: "Diaqnostik" orta illik | ET3: "Monitorinq" orta illik | EU3: "KSQ orta" orta illik | EV3: "BSQ" orta illik | EW3: İllik | EX3: Buraxılış imtahanı nəticəsi | FA3: Fənnin kodu | FB3: Fənn | FC3: İllik dərs saatı | FD3: Bölmə | FE3: oğlanlar | FF3: qızlar | FG3: cəmi | FH3: oğlanlar | FI3: qızlar | FJ3: cəmi | FK3: Ötən tədris ili üzrə illik nəticə | FL3: Diaqnostik 1 | FM3: Monitorinq 1 | FN3: Monitorinq 2 | FO3: KSQ orta | FP3: BSQ | FQ3: I yarımil | FR3: Diaqnostik 2 | FS3: Monitorinq 3 | FT3: Monitorinq 4 | FU3: KSQ orta | FV3: BSQ | FW3: II yarımil | FX3: "Diaqnostik" orta illik | FY3: "Monitorinq" orta illik | FZ3: "KSQ orta" orta illik | GA3: "BSQ" orta illik | GB3: İllik | GC3: Buraxılış imtahanı nəticəsi | GF3: Fənnin kodu | GG3: Fənn | GH3: İllik dərs saatı | GI3: Bölmə | GJ3: oğlanlar | GK3: qızlar | GL3: cəmi | GM3: oğlanlar | GN3: qızlar | GO3: cəmi | GP3: Ötən tədris ili üzrə illik nəticə | GQ3: Diaqnostik 1 | GR3: Monitorinq 1 | GS3: Monitorinq 2 | GT3: KSQ orta | GU3: BSQ | GV3: I yarımil | GW3: Diaqnostik 2 | GX3: Monitorinq 3 | GY3: Monitorinq 4 | GZ3: KSQ orta | HA3: BSQ | HB3: II yarımil | HC3: "Diaqnostik" orta illik | HD3: "Monitorinq" orta illik | HE3: "KSQ orta" orta illik | HF3: "BSQ" orta illik | HG3: İllik | HH3: Buraxılış imtahanı nəticəsi | HK3: Fənnin kodu | HL3: Fənn | HM3: İllik dərs saatı | HN3: Bölmə | HO3: oğlanlar | HP3: qızlar | HQ3: cəmi | HR3: oğlanlar | HS3: qızlar | HT3: cəmi | HU3: Ötən tədris ili üzrə illik nəticə | HV3: Diaqnostik 1 | HW3: Monitorinq 1 | HX3: Monitorinq 2 | HY3: KSQ orta | HZ3: BSQ | IA3: I yarımil | IB3: Diaqnostik 2 | IC3: Monitorinq 3 | ID3: Monitorinq 4 | IE3: KSQ orta | IF3: BSQ | IG3: II yarımil | IH3: "Diaqnostik" orta illik | II3: "Monitorinq" orta illik | IJ3: "KSQ orta" orta illik | IK3: "BSQ" orta illik | IL3: İllik | IM3: Buraxılış imtahanı nəticəsi | IP3: Fənnin kodu | IQ3: Fənn | IR3: İllik dərs saatı | IS3: Bölmə | IT3: oğlanlar | IU3: qızlar | IV3: cəmi | IW3: oğlanlar | IX3: qızlar | IY3: cəmi | IZ3: Ötən tədris ili üzrə illik nəticə | JA3: Diaqnostik 1 | JB3: Monitorinq 1 | JC3: Monitorinq 2 | JD3: KSQ orta | JE3: BSQ | JF3: I yarımil | JG3: Diaqnostik 2 | JH3: Monitorinq 3 | JI3: Monitorinq 4 | JJ3: KSQ orta | JK3: BSQ | JL3: II yarımil | JM3: "Diaqnostik" orta illik | JN3: "Monitorinq" orta illik | JO3: "KSQ orta" orta illik | JP3: "BSQ" orta illik | JQ3: İllik | JR3: Buraxılış imtahanı nəticəsi | JU3: Fənnin kodu | JV3: Fənn | JW3: İllik dərs saatı | JX3: Bölmə | JY3: oğlanlar | JZ3: qızlar | KA3: cəmi | KB3: oğlanlar | KC3: qızlar | KD3: cəmi | KE3: Ötən tədris ili üzrə illik nəticə | KF3: Diaqnostik 1 | KG3: Monitorinq 1 | KH3: Monitorinq 2 | KI3: KSQ orta | KJ3: BSQ | KK3: I yarımil | KL3: Diaqnostik 2 | KM3: Monitorinq 3 | KN3: Monitorinq 4 | KO3: KSQ orta | KP3: BSQ | KQ3: II yarımil | KR3: "Diaqnostik" orta illik | KS3: "Monitorinq" orta illik | KT3: "KSQ orta" orta illik | KU3: "BSQ" orta illik | KV3: İllik | KW3: Buraxılış imtahanı nəticəsi | KZ3: Fənnin kodu | LA3: Fənn | LB3: İllik dərs saatı | LC3: Bölmə | LD3: oğlanlar | LE3: qızlar | LF3: cəmi | LG3: oğlanlar | LH3: qızlar | LI3: cəmi | LJ3: Ötən tədris ili üzrə illik nəticə | LK3: Diaqnostik 1 | LL3: Monitorinq 1 | LM3: Monitorinq 2 | LN3: KSQ orta | LO3: BSQ | LP3: I yarımil | LQ3: Diaqnostik 2 | LR3: Monitorinq 3 | LS3: Monitorinq 4 | LT3: KSQ orta | LU3: BSQ | LV3: II yarımil | LW3: "Diaqnostik" orta illik | LX3: "Monitorinq" orta illik | LY3: "KSQ orta" orta illik | LZ3: "BSQ" orta illik | MA3: İllik | MB3: Buraxılış imtahanı nəticəsi | ME3: Fənnin kodu | MF3: Fənn | MG3: İllik dərs saatı | MH3: Bölmə | MI3: oğlanlar | MJ3: qızlar | MK3: cəmi | ML3: oğlanlar | MM3: qızlar | MN3: cəmi | MO3: Ötən tədris ili üzrə illik nəticə | MP3: Diaqnostik 1 | MQ3: Monitorinq 1 | MR3: Monitorinq 2 | MS3: KSQ orta | MT3: BSQ | MU3: I yarımil | MV3: Diaqnostik 2 | MW3: Monitorinq 3 | MX3: Monitorinq 4 | MY3: KSQ orta | MZ3: BSQ | NA3: II yarımil | NB3: "Diaqnostik" orta illik | NC3: "Monitorinq" orta illik | ND3: "KSQ orta" orta illik | NE3: "BSQ" orta illik | NF3: İllik | NG3: Buraxılış imtahanı nəticəsi
AG4: 101 | AH4: Tədris dili | AI4: 1394 | AJ4: 0 | AK4: 12 | AL4: 10 | AM4: 22 | BJ4: Ümumi | BL4: 101 | BM4: Tədris dili | BN4: 2151 | BO4: 0 | BP4: 75 | BQ4: 53 | BR4: 128 | BZ4: 74.696943 | CB4: 74.696943 | CF4: 79.537397 | CH4: 79.537397 | CK4: 77.024965 | CM4: 77.024965 | CO4: Ümumi | CQ4: 101 | CR4: Tədris dili | CS4: 1530 | CT4: 0 | CU4: 89 | CV4: 61 | CW4: 150 | DA4: 75.527991 | DB4: 61.642628 | DE4: 76.146114 | DG4: 76.146114 | DK4: 76.971742 | DM4: 76.971742 | DN4: 61.642628 | DP4: 76.327976 | DR4: 76.327976 | DT4: Ümumi | DV4: 101 | DW4: Tədris dili | DX4: 1853 | DY4: 0 | DZ4: 52 | EA4: 41 | EB4: 93 | EF4: 71.230857 | EJ4: 71.520543 | EK4: 70.534685 | EL4: 70.942813 | EP4: 72.953031 | EQ4: 74.325846 | ER4: 73.49996 | EU4: 72.158571 | EV4: 72.052222 | EW4: 72.094762 | EY4: Ümumi | FA4: 101 | FB4: Tədris dili | FC4: 1035 | FD4: 0 | FE4: 84 | FF4: 50 | FG4: 134 | FH4: 1.1964205 | FI4: 1.881221 | FJ4: 1.3700981 | FK4: 71.816591 | FO4: 59.231676 | FP4: 62.535098 | FQ4: 61.213729 | FU4: 61.590502 | FV4: 64.030928 | FW4: 62.918329 | FZ4: 60.3569 | GA4: 63.048474 | GB4: 61.971844 | GD4: Ümumi | GF4: 101 | GG4: Tədris dili | GH4: 1032 | GI4: 0 | GJ4: 67 | GK4: 67 | GL4: 134 | GP4: 72.234428 | GT4: 65.309084 | GU4: 70.53288 | GV4: 68.410158 | GZ4: 65.794104 | HA4: 65.67648 | HB4: 65.782713 | HE4: 65.334592 | HF4: 68.047099 | HG4: 67.530668 | HI4: Ümumi | HK4: 101 | HL4: Tədris dili | HM4: 822 | HN4: 0 | HO4: 80 | HP4: 52 | HQ4: 132 | HR4: 1.5209344 | HS4: 2.0257877 | HT4: 1.741812 | HU4: 68.15147 | HY4: 61.553552 | HZ4: 55.453871 | IA4: 57.553637 | IE4: 61.209603 | IF4: 60.488544 | IG4: 60.654788 | IJ4: 61.596949 | IK4: 58.162086 | IL4: 59.536031 | IN4: Ümumi | IP4: 101 | IQ4: Tədris dili | IR4: 714 | IS4: 0 | IT4: 80 | IU4: 65 | IV4: 145 | IW4: 0.23231515 | IX4: 0.20608243 | IY4: 0.20735983 | IZ4: 67.888101 | JD4: 65.358644 | JE4: 65.237316 | JF4: 65.285847 | JJ4: 68.189333 | JK4: 66.376238 | JL4: 67.164556 | JO4: 66.786459 | JP4: 65.820733 | JQ4: 66.207024 | JS4: Ümumi | JU4: 101 | JV4: Tədris dili | JW4: 515.5 | JX4: 0 | JY4: 54 | JZ4: 53 | KA4: 107 | KE4: 69.632367 | KI4: 68.030372 | KJ4: 61.717515 | KK4: 64.30361 | KO4: 72.268317 | KP4: 73.39368 | KQ4: 72.943535 | KT4: 69.99798 | KU4: 67.630159 | KV4: 68.624549 | KW4: 54.177762 | KX4: Ümumi | KZ4: 101 | LA4: Tədris dili | LB4: 583 | LC4: 0 | LD4: 48 | LE4: 37 | LF4: 85 | LG4: 0.4909112 | LH4: 0.33053221 | LI4: 0.44659817 | LJ4: 68.861962 | LN4: 67.142388 | LO4: 59.624191 | LP4: 62.63147 | LT4: 66.38868 | LU4: 67.883943 | LV4: 67.284766 | LY4: 66.735759 | LZ4: 63.711895 | MA4: 64.92144 | MB4: 5.7142857 | MC4: Ümumi | ME4: 101 | MF4: Tədris dili | MG4: 544 | MH4: 0 | MI4: 21 | MJ4: 32 | MK4: 53 | MO4: 69.351791 | MS4: 76.261221 | MT4: 78.761148 | MU4: 77.501594 | MY4: 78.568978 | MZ4: 80.128838 | NA4: 79.516005 | ND4: 77.4151 | NE4: 79.444993 | NF4: 78.633035 | NG4: 54.537555 | NH4: Ümumi
AH5: Fənn olimpiadaları | AI5: 0 | AJ5: 0 | AK5: 0 | AL5: 0 | AM5: 0 | AN5: 0 | AO5: 0 | AP5: 0 | BJ5: Oğlanlar | BM5: Fənn olimpiadaları | BN5: 0 | BO5: 0 | BP5: 0 | BQ5: 0 | BR5: 0 | BS5: 138 | BT5: 85 | BU5: 223 | CO5: Oğlanlar | CR5: Fənn olimpiadaları | CS5: 0 | CT5: 0 | CU5: 0 | CV5: 0 | CW5: 0 | CX5: 476 | CY5: 293 | CZ5: 769 | DA5: 70.664041 | DB5: 19.163165 | DC5: 0 | DD5: 0 | DE5: 72.442665 | DF5: 0 | DG5: 72.442665 | DH5: 0 | DI5: 0 | DJ5: 0 | DK5: 72.512102 | DL5: 0 | DM5: 72.512102 | DN5: 19.163165 | DO5: 0 | DP5: 73.932993 | DQ5: 0 | DR5: 73.932993 | DS5: 0 | DT5: Oğlanlar | DW5: Fənn olimpiadaları | DX5: 0 | DY5: 0 | DZ5: 0 | EA5: 0 | EB5: 0 | EC5: 132 | ED5: 98 | EE5: 230 | EY5: Oğlanlar | FB5: Fənn olimpiadaları | FC5: 0 | FD5: 0 | FE5: 0 | FF5: 0 | FG5: 0 | FH5: 166 | FI5: 163 | FJ5: 329 | FK5: 67.567586 | FL5: 0 | FM5: 0 | FN5: 0 | FO5: 57.352123 | FP5: 60.825683 | FQ5: 59.436259 | FR5: 0 | FS5: 0 | FT5: 0 | FU5: 60.760857 | FV5: 61.59434 | FW5: 61.624583 | FX5: 0 | FY5: 0 | FZ5: 59.355832 | GA5: 61.775402 | GB5: 60.807574 | GC5: 0 | GD5: Oğlanlar | GG5: Fənn olimpiadaları | GH5: 0 | GI5: 0 | GJ5: 0 | GK5: 0 | GL5: 0 | GM5: 101 | GN5: 81 | GO5: 182 | HI5: Oğlanlar | HL5: Fənn olimpiadaları | HM5: 0 | HN5: 0 | HO5: 0 | HP5: 0 | HQ5: 0 | HR5: 176 | HS5: 158 | HT5: 334 | HU5: 55.393663 | HV5: 0 | HW5: 0 | HX5: 0 | HY5: 61.476601 | HZ5: 55.784528 | IA5: 57.917441 | IB5: 0 | IC5: 0 | ID5: 0 | IE5: 58.497765 | IF5: 57.786281 | IG5: 58.24275 | IH5: 0 | II5: 0 | IJ5: 50.234713 | IK5: 47.095064 | IL5: 48.350923 | IM5: 0 | IN5: Oğlanlar | IQ5: Fənn olimpiadaları | IR5: 0 | IS5: 0 | IT5: 0 | IU5: 0 | IV5: 0 | IW5: 16 | IX5: 17 | IY5: 33 | IZ5: 63.795811 | JA5: 0 | JB5: 0 | JC5: 0 | JD5: 60.513224 | JE5: 60.611864 | JF5: 60.572408 | JG5: 0 | JH5: 0 | JI5: 0 | JJ5: 62.637447 | JK5: 61.421107 | JL5: 61.907643 | JM5: 0 | JN5: 0 | JO5: 62.119167 | JP5: 61.438563 | JQ5: 61.710805 | JR5: 0 | JS5: Oğlanlar | JV5: Fənn olimpiadaları | JW5: 0 | JX5: 0 | JY5: 0 | JZ5: 0 | KA5: 0 | KB5: 217 | KC5: 119 | KD5: 336 | KX5: Oğlanlar | LA5: Fənn olimpiadaları | LB5: 0 | LC5: 0 | LD5: 0 | LE5: 0 | LF5: 0 | LG5: 27 | LH5: 14 | LI5: 41 | LJ5: 64.684211 | LK5: 0 | LL5: 0 | LM5: 0 | LN5: 63.687583 | LO5: 56.158237 | LP5: 59.169975 | LQ5: 0 | LR5: 0 | LS5: 0 | LT5: 60.756613 | LU5: 66.170198 | LV5: 62.913855 | LW5: 0 | LX5: 0 | LY5: 63.306328 | LZ5: 61.394481 | MA5: 62.15922 | MB5: 0.52631579 | MC5: Oğlanlar | MF5: Fənn olimpiadaları | MG5: 0 | MH5: 0 | MI5: 0 | MJ5: 0 | MK5: 0 | ML5: 75 | MM5: 61 | MN5: 136 | NH5: Oğlanlar
AH6: Fənn müsabiqələri | AI6: 0 | AJ6: 0 | AK6: 0 | AL6: 0 | AM6: 0 | BJ6: Qızlar | BM6: Fənn müsabiqələri | BN6: 0 | BO6: 0 | BP6: 0 | BQ6: 0 | BR6: 0 | CO6: Qızlar | CR6: Fənn müsabiqələri | CS6: 0 | CT6: 0 | CU6: 0 | CV6: 0 | CW6: 0 | DA6: 74.784259 | DB6: 22.592593 | DC6: 0 | DD6: 0 | DE6: 79.068673 | DF6: 0 | DG6: 79.068673 | DH6: 0 | DI6: 0 | DJ6: 0 | DK6: 76.410301 | DL6: 0 | DM6: 76.410301 | DN6: 22.592593 | DO6: 0 | DP6: 78.561246 | DQ6: 0 | DR6: 78.561246 | DS6: 0 | DT6: Qızlar | DW6: Fənn müsabiqələri | DX6: 0 | DY6: 0 | DZ6: 0 | EA6: 0 | EB6: 0 | EY6: Qızlar | FB6: Fənn müsabiqələri | FC6: 0 | FD6: 0 | FE6: 0 | FF6: 0 | FG6: 0 | FK6: 72.307998 | FL6: 0 | FM6: 0 | FN6: 0 | FO6: 61.560989 | FP6: 64.721978 | FQ6: 63.457582 | FR6: 0 | FS6: 0 | FT6: 0 | FU6: 61.617247 | FV6: 65.340537 | FW6: 63.851221 | FX6: 0 | FY6: 0 | FZ6: 62.064812 | GA6: 65.461813 | GB6: 64.103013 | GC6: 0 | GD6: Qızlar | GG6: Fənn müsabiqələri | GH6: 0 | GI6: 0 | GJ6: 0 | GK6: 0 | GL6: 0 | HI6: Qızlar | HL6: Fənn müsabiqələri | HM6: 0 | HN6: 0 | HO6: 0 | HP6: 0 | HQ6: 0 | HU6: 53.169643 | HV6: 0 | HW6: 0 | HX6: 0 | HY6: 58.443651 | HZ6: 53.25119 | IA6: 54.708175 | IB6: 0 | IC6: 0 | ID6: 0 | IE6: 62.084821 | IF6: 59.428571 | IG6: 60.574405 | IH6: 0 | II6: 0 | IJ6: 53.839732 | IK6: 50.185119 | IL6: 51.646964 | IM6: 0 | IN6: Qızlar | IQ6: Fənn müsabiqələri | IR6: 0 | IS6: 0 | IT6: 0 | IU6: 0 | IV6: 0 | IZ6: 74.504906 | JA6: 0 | JB6: 0 | JC6: 0 | JD6: 72.850477 | JE6: 72.398469 | JF6: 72.579273 | JG6: 0 | JH6: 0 | JI6: 0 | JJ6: 74.128777 | JK6: 70.874608 | JL6: 72.703748 | JM6: 0 | JN6: 0 | JO6: 74.050852 | JP6: 72.6177 | JQ6: 73.190961 | JR6: 0 | JS6: Qızlar | JV6: Fənn müsabiqələri | JW6: 0 | JX6: 0 | JY6: 0 | JZ6: 0 | KA6: 0 | KX6: Qızlar | LA6: Fənn müsabiqələri | LB6: 0 | LC6: 0 | LD6: 0 | LE6: 0 | LF6: 0 | LJ6: 73.801136 | LK6: 0 | LL6: 0 | LM6: 0 | LN6: 74.570265 | LO6: 66.624242 | LP6: 69.802652 | LQ6: 0 | LR6: 0 | LS6: 0 | LT6: 71.51553 | LU6: 70.140152 | LV6: 70.690303 | LW6: 0 | LX6: 0 | LY6: 74.034375 | LZ6: 69.461742 | MA6: 71.290795 | MB6: 0 | MC6: Qızlar | MF6: Fənn müsabiqələri | MG6: 0 | MH6: 0 | MI6: 0 | MJ6: 0 | MK6: 0 | NH6: Qızlar
AH7: Təqdimat Müsabiqələri | AI7: 0 | AJ7: 0 | AK7: 0 | AL7: 0 | AM7: 0 | BJ7: (80-100] | BM7: Təqdimat Müsabiqələri | BN7: 0 | BO7: 0 | BP7: 0 | BQ7: 0 | BR7: 0 | BZ7: 46.08252 | CB7: 46.08252 | CF7: 56.322504 | CH7: 56.322504 | CK7: 50.484929 | CM7: 50.484929 | CO7: (80-100] | CR7: Təqdimat Müsabiqələri | CS7: 0 | CT7: 0 | CU7: 0 | CV7: 0 | CW7: 0 | DA7: 43.983945 | DB7: 21.634615 | DE7: 47.843831 | DG7: 47.843831 | DK7: 46.962121 | DM7: 46.962121 | DN7: 21.634615 | DP7: 48.217949 | DR7: 48.217949 | DT7: (80-100] | DW7: Təqdimat Müsabiqələri | DX7: 0 | DY7: 0 | DZ7: 0 | EA7: 0 | EB7: 0 | EF7: 46.183457 | EJ7: 39.845346 | EK7: 40.655363 | EL7: 39.495342 | EP7: 42.689629 | EQ7: 44.884226 | ER7: 45.440617 | EU7: 38.248108 | EV7: 39.087378 | EW7: 40.211716 | EY7: (80-100] | FB7: Təqdimat Müsabiqələri | FC7: 0 | FD7: 0 | FE7: 0 | FF7: 0 | FG7: 0 | FK7: 32.484754 | FO7: 16.73138 | FP7: 25.086691 | FQ7: 20.166056 | FU7: 17.230576 | FV7: 25.79092 | FW7: 23.358075 | FZ7: 17.936508 | GA7: 20.091575 | GB7: 19.218559 | GD7: (80-100] | GG7: Təqdimat Müsabiqələri | GH7: 0 | GI7: 0 | GJ7: 0 | GK7: 0 | GL7: 0 | GP7: 44.490373 | GT7: 28.613943 | GU7: 40.154121 | GV7: 37.418379 | GZ7: 33.119034 | HA7: 36.426609 | HB7: 35.60719 | HE7: 30.435755 | HF7: 35.899933 | HG7: 37.16367 | HI7: (80-100] | HL7: Təqdimat Müsabiqələri | HM7: 0 | HN7: 0 | HO7: 0 | HP7: 0 | HQ7: 0 | HU7: 33.806204 | HY7: 17.786423 | HZ7: 21.037376 | IA7: 16.01106 | IE7: 22.237352 | IF7: 21.532781 | IG7: 18.302676 | IJ7: 21.049499 | IK7: 20.376984 | IL7: 20.815581 | IN7: (80-100] | IQ7: Təqdimat Müsabiqələri | IR7: 0 | IS7: 0 | IT7: 0 | IU7: 0 | IV7: 0 | IZ7: 31.322335 | JD7: 21.490535 | JE7: 23.985967 | JF7: 22.503046 | JJ7: 28.331748 | JK7: 26.7891 | JL7: 28.162501 | JO7: 27.066332 | JP7: 22.986397 | JQ7: 24.185258 | JS7: (80-100] | JV7: Təqdimat Müsabiqələri | JW7: 0 | JX7: 0 | JY7: 0 | JZ7: 0 | KA7: 0 | KE7: 36.769841 | KI7: 33.293005 | KJ7: 23.981811 | KK7: 32.978165 | KO7: 41.75469 | KP7: 39.936508 | KQ7: 40.345599 | KT7: 36.794372 | KU7: 30.746753 | KV7: 32.588023 | KW7: 16.787993 | KX7: (80-100] | LA7: Təqdimat Müsabiqələri | LB7: 0 | LC7: 0 | LD7: 0 | LE7: 0 | LF7: 0 | LJ7: 21.674641 | LN7: 20.7365 | LO7: 19.366598 | LP7: 18.050809 | LT7: 12.828947 | LU7: 20.864662 | LV7: 17.828947 | LY7: 15.962919 | LZ7: 16.555594 | MA7: 17.925496 | MB7: 0 | MC7: (80-100] | MF7: Təqdimat Müsabiqələri | MG7: 0 | MH7: 0 | MI7: 0 | MJ7: 0 | MK7: 0 | MO7: 43.220029 | MS7: 49.625365 | MT7: 43.686038 | MU7: 47.733918 | MY7: 57.410453 | MZ7: 57.483553 | NA7: 61.50402 | ND7: 51.260965 | NE7: 61.57712 | NF7: 57.410453 | NG7: 5.9027778 | NH7: (80-100]
AH8: Məntiq olimpiadası | AI8: 0 | AJ8: 0 | AK8: 0 | AL8: 0 | AM8: 0 | BJ8: (60-80] | BM8: Məntiq olimpiadası | BN8: 0 | BO8: 0 | BP8: 0 | BQ8: 0 | BR8: 0 | BZ8: 32.895593 | CB8: 32.895593 | CF8: 29.136994 | CH8: 29.136994 | CK8: 31.959076 | CM8: 31.959076 | CO8: (60-80] | CR8: Məntiq olimpiadası | CS8: 0 | CT8: 0 | CU8: 0 | CV8: 0 | CW8: 0 | DA8: 32.764518 | DB8: 25.480769 | DE8: 33.020624 | DG8: 33.020624 | DK8: 36.957071 | DM8: 36.957071 | DN8: 25.480769 | DP8: 35.008547 | DR8: 35.008547 | DT8: (60-80] | DW8: Məntiq olimpiadası | DX8: 0 | DY8: 0 | DZ8: 0 | EA8: 0 | EB8: 0 | EF8: 19.811137 | EJ8: 30.752981 | EK8: 32.297499 | EL8: 32.973115 | EP8: 30.987996 | EQ8: 32.913157 | ER8: 30.96313 | EU8: 35.668793 | EV8: 34.306359 | EW8: 33.566264 | EY8: (60-80] | FB8: Məntiq olimpiadası | FC8: 0 | FD8: 0 | FE8: 0 | FF8: 0 | FG8: 0 | FK8: 43.902464 | FO8: 32.583028 | FP8: 33.927961 | FQ8: 36.540904 | FU8: 38.88921 | FV8: 34.073485 | FW8: 35.990457 | FZ8: 36.529304 | GA8: 38.949939 | GB8: 39.630647 | GD8: (60-80] | GG8: Məntiq olimpiadası | GH8: 0 | GI8: 0 | GJ8: 0 | GK8: 0 | GL8: 0 | GP8: 29.065902 | GT8: 34.060712 | GU8: 28.337791 | GV8: 27.629286 | GZ8: 28.454626 | HA8: 25.62015 | HB8: 25.922562 | HE8: 32.857856 | HF8: 28.009015 | HG8: 26.087246 | HI8: (60-80] | HL8: Məntiq olimpiadası | HM8: 0 | HN8: 0 | HO8: 0 | HP8: 0 | HQ8: 0 | HU8: 30.216781 | HY8: 34.708238 | HZ8: 25.442792 | IA8: 33.418383 | IE8: 29.297792 | IF8: 30.913734 | IG8: 31.925333 | IJ8: 30.947568 | IK8: 29.306418 | IL8: 28.829002 | IN8: (60-80] | IQ8: Məntiq olimpiadası | IR8: 0 | IS8: 0 | IT8: 0 | IU8: 0 | IV8: 0 | IZ8: 31.563267 | JD8: 41.086511 | JE8: 42.615658 | JF8: 43.729234 | JJ8: 41.199293 | JK8: 40.524214 | JL8: 40.606407 | JO8: 36.976879 | JP8: 42.810463 | JQ8: 43.108689 | JS8: (60-80] | JV8: Məntiq olimpiadası | JW8: 0 | JX8: 0 | JY8: 0 | JZ8: 0 | KA8: 0 | KE8: 28.112554 | KI8: 33.675439 | KJ8: 31.01986 | KK8: 27.483937 | KO8: 30.909812 | KP8: 37.021645 | KQ8: 35.945887 | KT8: 31.139971 | KU8: 33.934343 | KV8: 33.501443 | KW8: 25.952096 | KX8: (60-80] | LA8: Məntiq olimpiadası | LB8: 0 | LC8: 0 | LD8: 0 | LE8: 0 | LF8: 0 | LJ8: 57.123206 | LN8: 52.326592 | LO8: 45.5702 | LP8: 48.076466 | LT8: 52.332536 | LU8: 52.278423 | LV8: 54.7189 | LY8: 52.732734 | LZ8: 43.493987 | MA8: 48.098259 | MB8: 0 | MC8: (60-80] | MF8: Məntiq olimpiadası | MG8: 0 | MH8: 0 | MI8: 0 | MJ8: 0 | MK8: 0 | MO8: 25.35636 | MS8: 34.402412 | MT8: 47.980629 | MU8: 46.710526 | MY8: 32.867325 | MZ8: 30.089547 | NA8: 27.384868 | ND8: 35.891813 | NE8: 30.089547 | NF8: 34.256213 | NG8: 38.057383 | NH8: (60-80]
AH9: STEAM yarışları | AI9: 0 | AJ9: 0 | AK9: 0 | AL9: 0 | AM9: 0 | BJ9: (30-60] | BM9: STEAM yarışları | BN9: 0 | BO9: 0 | BP9: 0 | BQ9: 0 | BR9: 0 | BZ9: 21.021887 | CB9: 21.021887 | CF9: 14.540501 | CH9: 14.540501 | CK9: 17.555995 | CM9: 17.555995 | CO9: (30-60] | CR9: STEAM yarışları | CS9: 0 | CT9: 0 | CU9: 0 | CV9: 0 | CW9: 0 | DA9: 23.251537 | DB9: 38.301282 | DE9: 18.494519 | DG9: 18.494519 | DK9: 16.080808 | DM9: 16.080808 | DN9: 38.301282 | DP9: 16.132479 | DR9: 16.132479 | DT9: (30-60] | DW9: STEAM yarışları | DX9: 0 | DY9: 0 | DZ9: 0 | EA9: 0 | EB9: 0 | EF9: 34.005406 | EJ9: 29.401673 | EK9: 26.253487 | EL9: 27.531544 | EP9: 26.322375 | EQ9: 22.202617 | ER9: 23.596252 | EU9: 26.083099 | EV9: 26.606263 | EW9: 26.22202 | EY9: (30-60] | FB9: STEAM yarışları | FC9: 0 | FD9: 0 | FE9: 0 | FF9: 0 | FG9: 0 | FK9: 23.612782 | FO9: 45.852259 | FP9: 37.652015 | FQ9: 39.959707 | FU9: 43.880213 | FV9: 40.135595 | FW9: 40.651468 | FZ9: 44.700855 | GA9: 38.458486 | GB9: 40.31746 | GD9: (30-60] | GG9: STEAM yarışları | GH9: 0 | GI9: 0 | GJ9: 0 | GK9: 0 | GL9: 0 | GP9: 26.443725 | GT9: 36.645073 | GU9: 31.508088 | GV9: 34.952335 | GZ9: 37.746068 | HA9: 37.238956 | HB9: 37.07569 | HE9: 36.706389 | HF9: 36.091052 | HG9: 36.749084 | HI9: (30-60] | HL9: STEAM yarışları | HM9: 0 | HN9: 0 | HO9: 0 | HP9: 0 | HQ9: 0 | HU9: 35.977015 | HY9: 43.635011 | HZ9: 44.692982 | IA9: 42.468345 | IE9: 45.748129 | IF9: 46.093168 | IG9: 47.696289 | IJ9: 45.690994 | IK9: 45.175121 | IL9: 48.181504 | IN9: (30-60] | IQ9: STEAM yarışları | IR9: 0 | IS9: 0 | IT9: 0 | IU9: 0 | IV9: 0 | IZ9: 37.114398 | JD9: 37.422955 | JE9: 33.398375 | JF9: 33.76772 | JJ9: 30.468959 | JK9: 32.686686 | JL9: 31.231092 | JO9: 35.956789 | JP9: 34.203139 | JQ9: 32.706052 | JS9: (30-60] | JV9: STEAM yarışları | JW9: 0 | JX9: 0 | JY9: 0 | JZ9: 0 | KA9: 0 | KE9: 35.117605 | KI9: 31.031556 | KJ9: 35.21364 | KK9: 35.28393 | KO9: 26.502165 | KP9: 23.041847 | KQ9: 23.708514 | KT9: 29.89899 | KU9: 33.818903 | KV9: 33.910534 | KW9: 34.851902 | KX9: (30-60] | LA9: STEAM yarışları | LB9: 0 | LC9: 0 | LD9: 0 | LE9: 0 | LF9: 0 | LJ9: 21.202153 | LN9: 25.849951 | LO9: 25.177073 | LP9: 29.524899 | LT9: 34.838517 | LU9: 23.285486 | LV9: 27.452153 | LY9: 31.304348 | LZ9: 39.95042 | MA9: 33.976245 | MB9: 0 | MC9: (30-60] | MF9: STEAM yarışları | MG9: 0 | MH9: 0 | MI9: 0 | MJ9: 0 | MK9: 0 | MO9: 31.423611 | MS9: 15.972222 | MT9: 8.3333333 | MU9: 5.5555556 | MY9: 9.7222222 | MZ9: 12.426901 | NA9: 11.111111 | ND9: 12.847222 | NE9: 8.3333333 | NF9: 8.3333333 | NG9: 45.970395 | NH9: (30-60]
AH10: Digər milli və beynəlxalq olimpiada, yarış və müsabiqələr | AI10: 0 | AJ10: 0 | AK10: 0 | AL10: 0 | AM10: 0 | BJ10: [0-30] | BM10: Digər milli və beynəlxalq olimpiada, yarış və müsabiqələr | BN10: 0 | BO10: 0 | BP10: 0 | BQ10: 0 | BR10: 0 | BZ10: 0 | CB10: 0 | CF10: 0 | CH10: 0 | CK10: 0 | CM10: 0 | CO10: [0-30] | CR10: Digər milli və beynəlxalq olimpiada, yarış və müsabiqələr | CS10: 0 | CT10: 0 | CU10: 0 | CV10: 0 | CW10: 0 | DA10: 0 | DB10: 14.583333 | DE10: 0.64102564 | DG10: 0.64102564 | DK10: 0 | DM10: 0 | DN10: 14.583333 | DP10: 0.64102564 | DR10: 0.64102564 | DT10: [0-30] | DW10: Digər milli və beynəlxalq olimpiada, yarış və müsabiqələr | DX10: 0 | DY10: 0 | DZ10: 0 | EA10: 0 | EB10: 0 | EF10: 0 | EJ10: 0 | EK10: 0.79365079 | EL10: 0 | EP10: 0 | EQ10: 0 | ER10: 0 | EU10: 0 | EV10: 0 | EW10: 0 | EY10: [0-30] | FB10: Digər milli və beynəlxalq olimpiada, yarış və müsabiqələr | FC10: 0 | FD10: 0 | FE10: 0 | FF10: 0 | FG10: 0 | FK10: 0 | FO10: 4.8333333 | FP10: 3.3333333 | FQ10: 3.3333333 | FU10: 0 | FV10: 0 | FW10: 0 | FZ10: 0.83333333 | GA10: 2.5 | GB10: 0.83333333 | GD10: [0-30] | GG10: Digər milli və beynəlxalq olimpiada, yarış və müsabiqələr | GH10: 0 | GI10: 0 | GJ10: 0 | GK10: 0 | GL10: 0 | GP10: 0 | GT10: 0.68027211 | GU10: 0 | GV10: 0 | GZ10: 0.68027211 | HA10: 0.71428571 | HB10: 1.3945578 | HE10: 0 | HF10: 0 | HG10: 0 | HI10: [0-30] | HL10: Digər milli və beynəlxalq olimpiada, yarış və müsabiqələr | HM10: 0 | HN10: 0 | HO10: 0 | HP10: 0 | HQ10: 0 | HU10: 0 | HY10: 3.870328 | HZ10: 8.8268497 | IA10: 8.1022121 | IE10: 2.7167277 | IF10: 1.4603175 | IG10: 2.0757021 | IJ10: 2.3119393 | IK10: 5.1414769 | IL10: 2.173913 | IN10: [0-30] | IQ10: Digər milli və beynəlxalq olimpiada, yarış və müsabiqələr | IR10: 0 | IS10: 0 | IT10: 0 | IU10: 0 | IV10: 0 | IZ10: 0 | JD10: 0 | JE10: 0 | JF10: 0 | JJ10: 0 | JK10: 0 | JL10: 0 | JO10: 0 | JP10: 0 | JQ10: 0 | JS10: [0-30] | JV10: Digər milli və beynəlxalq olimpiada, yarış və müsabiqələr | JW10: 0 | JX10: 0 | JY10: 0 | JZ10: 0 | KA10: 0 | KE10: 0 | KI10: 2 | KJ10: 9.784689 | KK10: 4.2539683 | KO10: 0.83333333 | KP10: 0 | KQ10: 0 | KT10: 2.1666667 | KU10: 1.5 | KV10: 0 | KW10: 22.408009 | KX10: [0-30] | LA10: Digər milli və beynəlxalq olimpiada, yarış və müsabiqələr | LB10: 0 | LC10: 0 | LD10: 0 | LE10: 0 | LF10: 0 | LJ10: 0 | LN10: 1.0869565 | LO10: 9.8861284 | LP10: 4.3478261 | LT10: 0 | LU10: 3.5714286 | LV10: 0 | LY10: 0 | LZ10: 0 | MA10: 0 | MB10: 100 | MC10: [0-30] | MF10: Digər milli və beynəlxalq olimpiada, yarış və müsabiqələr | MG10: 0 | MH10: 0 | MI10: 0 | MJ10: 0 | MK10: 0 | MO10: 0 | MS10: 0 | MT10: 0 | MU10: 0 | MY10: 0 | MZ10: 0 | NA10: 0 | ND10: 0 | NE10: 0 | NF10: 0 | NG10: 10.069444 | NH10: [0-30]
AG11: 102 | AH11: Ədəbiyyat | AI11: 0 | AJ11: 0 | AK11: 12 | AL11: 10 | AM11: 22 | BJ11: Ümumi | BL11: 102 | BM11: Ədəbiyyat | BN11: 0 | BO11: 0 | BP11: 75 | BQ11: 53 | BR11: 128 | CO11: Ümumi | CQ11: 102 | CR11: Ədəbiyyat | CS11: 0 | CT11: 0 | CU11: 89 | CV11: 61 | CW11: 150 | DT11: Ümumi | DV11: 102 | DW11: Ədəbiyyat | DX11: 0 | DY11: 0 | DZ11: 52 | EA11: 41 | EB11: 93 | EY11: Ümumi | FA11: 102 | FB11: Ədəbiyyat | FC11: 377 | FD11: 0 | FE11: 84 | FF11: 50 | FG11: 134 | FH11: 0.78210268 | FI11: 1.638027 | FJ11: 1.0133412 | FO11: 61.621255 | FQ11: 61.621255 | FU11: 65.760699 | FW11: 65.760699 | FZ11: 63.712943 | GB11: 63.712943 | GD11: Ümumi | GF11: 102 | GG11: Ədəbiyyat | GH11: 482 | GI11: 0 | GJ11: 67 | GK11: 67 | GL11: 134 | GP11: 74.886297 | GT11: 69.697071 | GU11: 76.521739 | GV11: 69.708251 | GZ11: 70.028802 | HB11: 70.028802 | HE11: 69.735316 | HF11: 76.521739 | HG11: 69.960911 | HI11: Ümumi | HK11: 102 | HL11: Ədəbiyyat | HM11: 410 | HN11: 0 | HO11: 80 | HP11: 52 | HQ11: 132 | HR11: 2.6554914 | HS11: 3.1391307 | HT11: 2.8319016 | HU11: 70.445086 | HY11: 62.697932 | IA11: 62.697932 | IB11: 65.26087 | IE11: 65.360175 | IG11: 65.360175 | IH11: 65.26087 | IJ11: 63.682309 | IL11: 63.682309 | IN11: Ümumi | IP11: 102 | IQ11: Ədəbiyyat | IR11: 476 | IS11: 0 | IT11: 80 | IU11: 65 | IV11: 145 | IW11: 0.20957101 | IX11: 0.22208884 | IY11: 0.21722304 | IZ11: 71.531868 | JD11: 64.55596 | JF11: 64.55596 | JJ11: 67.392942 | JL11: 67.392942 | JO11: 65.959604 | JQ11: 65.959604 | JS11: Ümumi | JU11: 102 | JV11: Ədəbiyyat | JW11: 344 | JX11: 0 | JY11: 54 | JZ11: 53 | KA11: 107 | KE11: 70.210736 | KI11: 71.966099 | KJ11: 64.073608 | KK11: 67.341318 | KO11: 71.01211 | KP11: 76.04289 | KQ11: 74.030578 | KT11: 71.583855 | KU11: 70.102547 | KV11: 70.76257 | KX11: Ümumi | KZ11: 102 | LA11: Ədəbiyyat | LB11: 310 | LC11: 0 | LD11: 48 | LE11: 37 | LF11: 85 | LJ11: 69.348485 | LN11: 66.734718 | LO11: 70.631579 | LP11: 66.49349 | LT11: 71.449004 | LU11: 75.157895 | LV11: 70.549784 | LY11: 69.190258 | LZ11: 72.894737 | MA11: 68.621223 | MB11: 5 | MC11: Ümumi | ME11: 102 | MF11: Ədəbiyyat | MG11: 272 | MH11: 0 | MI11: 21 | MJ11: 32 | MK11: 53 | MO11: 66.823556 | MS11: 69.353862 | MT11: 74.368787 | MU11: 72.362817 | MY11: 74.866502 | MZ11: 78.927997 | NA11: 77.303399 | ND11: 70.52627 | NE11: 76.405336 | NF11: 74.05371 | NH11: Ümumi
AH12: Fənn olimpiadaları | AI12: 0 | AJ12: 0 | AK12: 0 | AL12: 0 | AM12: 0 | AN12: 0 | AO12: 0 | AP12: 0 | BJ12: Oğlanlar | BM12: Fənn olimpiadaları | BN12: 0 | BO12: 0 | BP12: 0 | BQ12: 0 | BR12: 0 | BS12: 0 | BT12: 0 | BU12: 0 | CO12: Oğlanlar | CR12: Fənn olimpiadaları | CS12: 0 | CT12: 0 | CU12: 0 | CV12: 0 | CW12: 0 | CX12: 0 | CY12: 0 | CZ12: 0 | DA12: 0 | DB12: 0 | DC12: 0 | DD12: 0 | DE12: 0 | DF12: 0 | DG12: 0 | DH12: 0 | DI12: 0 | DJ12: 0 | DK12: 0 | DL12: 0 | DM12: 0 | DN12: 0 | DO12: 0 | DP12: 0 | DQ12: 0 | DR12: 0 | DS12: 0 | DT12: Oğlanlar | DW12: Fənn olimpiadaları | DX12: 0 | DY12: 0 | DZ12: 0 | EA12: 0 | EB12: 0 | EC12: 0 | ED12: 0 | EE12: 0 | EY12: Oğlanlar | FB12: Fənn olimpiadaları | FC12: 0 | FD12: 0 | FE12: 0 | FF12: 0 | FG12: 0 | FH12: 37 | FI12: 50 | FJ12: 87 | FK12: 0 | FL12: 0 | FM12: 0 | FN12: 0 | FO12: 59.024951 | FP12: 0 | FQ12: 59.024951 | FR12: 0 | FS12: 0 | FT12: 0 | FU12: 64.273244 | FV12: 0 | FW12: 64.273244 | FX12: 0 | FY12: 0 | FZ12: 61.966349 | GA12: 0 | GB12: 61.966349 | GC12: 0 | GD12: Oğlanlar | GG12: Fənn olimpiadaları | GH12: 0 | GI12: 0 | GJ12: 0 | GK12: 0 | GL12: 0 | GM12: 48 | GN12: 44 | GO12: 92 | HI12: Oğlanlar | HL12: Fənn olimpiadaları | HM12: 0 | HN12: 0 | HO12: 0 | HP12: 0 | HQ12: 0 | HR12: 155 | HS12: 113 | HT12: 268 | HU12: 57.263923 | HV12: 0 | HW12: 0 | HX12: 0 | HY12: 60.975455 | HZ12: 0 | IA12: 60.975455 | IB12: 10.566667 | IC12: 0 | ID12: 0 | IE12: 62.064957 | IF12: 0 | IG12: 62.064957 | IH12: 10.566667 | II12: 0 | IJ12: 61.819869 | IK12: 0 | IL12: 61.819869 | IM12: 0 | IN12: Oğlanlar | IQ12: Fənn olimpiadaları | IR12: 0 | IS12: 0 | IT12: 0 | IU12: 0 | IV12: 0 | IW12: 10 | IX12: 13 | IY12: 23 | IZ12: 67.489939 | JA12: 0 | JB12: 0 | JC12: 0 | JD12: 60.513147 | JE12: 0 | JF12: 60.513147 | JG12: 0 | JH12: 0 | JI12: 0 | JJ12: 62.358887 | JK12: 0 | JL12: 62.358887 | JM12: 0 | JN12: 0 | JO12: 61.912208 | JP12: 0 | JQ12: 61.912208 | JR12: 0 | JS12: Oğlanlar | JV12: Fənn olimpiadaları | JW12: 0 | JX12: 0 | JY12: 0 | JZ12: 0 | KA12: 0 | KB12: 92 | KC12: 45 | KD12: 137 | KX12: Oğlanlar | LA12: Fənn olimpiadaları | LB12: 0 | LC12: 0 | LD12: 0 | LE12: 0 | LF12: 0 | LG12: 12 | LH12: 0 | LI12: 12 | LJ12: 48.935236 | LK12: 0 | LL12: 0 | LM12: 0 | LN12: 46.706838 | LO12: 17 | LP12: 46.606838 | LQ12: 0 | LR12: 0 | LS12: 0 | LT12: 49.584211 | LU12: 19.642857 | LV12: 50.179925 | LW12: 0 | LX12: 0 | LY12: 48.50298 | LZ12: 18.321429 | MA12: 48.750838 | MB12: 0.19736842 | MC12: Oğlanlar | MF12: Fənn olimpiadaları | MG12: 0 | MH12: 0 | MI12: 0 | MJ12: 0 | MK12: 0 | ML12: 15 | MM12: 14 | MN12: 29 | NH12: Oğlanlar
AH13: Fənn müsabiqələri | AI13: 0 | AJ13: 0 | AK13: 0 | AL13: 0 | AM13: 0 | BJ13: Qızlar | BM13: Fənn müsabiqələri | BN13: 0 | BO13: 0 | BP13: 0 | BQ13: 0 | BR13: 0 | CO13: Qızlar | CR13: Fənn müsabiqələri | CS13: 0 | CT13: 0 | CU13: 0 | CV13: 0 | CW13: 0 | DA13: 0 | DB13: 0 | DC13: 0 | DD13: 0 | DE13: 0 | DF13: 0 | DG13: 0 | DH13: 0 | DI13: 0 | DJ13: 0 | DK13: 0 | DL13: 0 | DM13: 0 | DN13: 0 | DO13: 0 | DP13: 0 | DQ13: 0 | DR13: 0 | DS13: 0 | DT13: Qızlar | DW13: Fənn müsabiqələri | DX13: 0 | DY13: 0 | DZ13: 0 | EA13: 0 | EB13: 0 | EY13: Qızlar | FB13: Fənn müsabiqələri | FC13: 0 | FD13: 0 | FE13: 0 | FF13: 0 | FG13: 0 | FK13: 0 | FL13: 0 | FM13: 0 | FN13: 0 | FO13: 64.534351 | FP13: 0 | FQ13: 64.534351 | FR13: 0 | FS13: 0 | FT13: 0 | FU13: 68.002788 | FV13: 0 | FW13: 68.002788 | FX13: 0 | FY13: 0 | FZ13: 66.268569 | GA13: 0 | GB13: 66.268569 | GC13: 0 | GD13: Qızlar | GG13: Fənn müsabiqələri | GH13: 0 | GI13: 0 | GJ13: 0 | GK13: 0 | GL13: 0 | HI13: Qızlar | HL13: Fənn müsabiqələri | HM13: 0 | HN13: 0 | HO13: 0 | HP13: 0 | HQ13: 0 | HU13: 54.793452 | HV13: 0 | HW13: 0 | HX13: 0 | HY13: 63.193254 | HZ13: 0 | IA13: 63.193254 | IB13: 10.321429 | IC13: 0 | ID13: 0 | IE13: 66.006349 | IF13: 0 | IG13: 66.006349 | IH13: 10.321429 | II13: 0 | IJ13: 66.334921 | IK13: 0 | IL13: 66.334921 | IM13: 0 | IN13: Qızlar | IQ13: Fənn müsabiqələri | IR13: 0 | IS13: 0 | IT13: 0 | IU13: 0 | IV13: 0 | IZ13: 76.810636 | JA13: 0 | JB13: 0 | JC13: 0 | JD13: 71.307548 | JE13: 0 | JF13: 71.307548 | JG13: 0 | JH13: 0 | JI13: 0 | JJ13: 72.412559 | JK13: 0 | JL13: 72.412559 | JM13: 0 | JN13: 0 | JO13: 72.438285 | JP13: 0 | JQ13: 72.438285 | JR13: 0 | JS13: Qızlar | JV13: Fənn müsabiqələri | JW13: 0 | JX13: 0 | JY13: 0 | JZ13: 0 | KA13: 0 | KX13: Qızlar | LA13: Fənn müsabiqələri | LB13: 0 | LC13: 0 | LD13: 0 | LE13: 0 | LF13: 0 | LJ13: 56.138258 | LK13: 0 | LL13: 0 | LM13: 0 | LN13: 57.18892 | LO13: 18.041667 | LP13: 56.960795 | LQ13: 0 | LR13: 0 | LS13: 0 | LT13: 57.484848 | LU13: 18.291667 | LV13: 54.466515 | LW13: 0 | LX13: 0 | LY13: 58.396544 | LZ13: 18.166667 | MA13: 57.576231 | MB13: 0 | MC13: Qızlar | MF13: Fənn müsabiqələri | MG13: 0 | MH13: 0 | MI13: 0 | MJ13: 0 | MK13: 0 | NH13: Qızlar
AH14: Təqdimat Müsabiqələri | AI14: 0 | AJ14: 0 | AK14: 0 | AL14: 0 | AM14: 0 | BJ14: (80-100] | BM14: Təqdimat Müsabiqələri | BN14: 0 | BO14: 0 | BP14: 0 | BQ14: 0 | BR14: 0 | CO14: (80-100] | CR14: Təqdimat Müsabiqələri | CS14: 0 | CT14: 0 | CU14: 0 | CV14: 0 | CW14: 0 | DT14: (80-100] | DW14: Təqdimat Müsabiqələri | DX14: 0 | DY14: 0 | DZ14: 0 | EA14: 0 | EB14: 0 | EY14: (80-100] | FB14: Təqdimat Müsabiqələri | FC14: 0 | FD14: 0 | FE14: 0 | FF14: 0 | FG14: 0 | FO14: 18.064713 | FQ14: 18.064713 | FU14: 28.171551 | FW14: 28.171551 | FZ14: 19.371184 | GB14: 19.371184 | GD14: (80-100] | GG14: Təqdimat Müsabiqələri | GH14: 0 | GI14: 0 | GJ14: 0 | GK14: 0 | GL14: 0 | GP14: 48.685176 | GT14: 38.583952 | GU14: 52.173913 | GV14: 38.583952 | GZ14: 39.657686 | HB14: 39.657686 | HE14: 39.472194 | HF14: 52.173913 | HG14: 39.472194 | HI14: (80-100] | HL14: Təqdimat Müsabiqələri | HM14: 0 | HN14: 0 | HO14: 0 | HP14: 0 | HQ14: 0 | HU14: 40.050648 | HY14: 24.479405 | IA14: 24.479405 | IB14: 30.434783 | IE14: 30.348384 | IG14: 30.348384 | IH14: 30.434783 | IJ14: 24.56044 | IL14: 24.56044 | IN14: (80-100] | IQ14: Təqdimat Müsabiqələri | IR14: 0 | IS14: 0 | IT14: 0 | IU14: 0 | IV14: 0 | IZ14: 39.610262 | JD14: 22.072835 | JF14: 22.072835 | JJ14: 24.073375 | JL14: 24.073375 | JO14: 21.333408 | JQ14: 21.333408 | JS14: (80-100] | JV14: Təqdimat Müsabiqələri | JW14: 0 | JX14: 0 | JY14: 0 | JZ14: 0 | KA14: 0 | KE14: 35.809524 | KI14: 37.629908 | KJ14: 33.924964 | KK14: 33.661806 | KO14: 37.94209 | KP14: 50.987545 | KQ14: 45.917559 | KT14: 37.974368 | KU14: 37.809524 | KV14: 39.89542 | KX14: (80-100] | LA14: Təqdimat Müsabiqələri | LB14: 0 | LC14: 0 | LD14: 0 | LE14: 0 | LF14: 0 | LJ14: 17.38437 | LN14: 18.899522 | LO14: 26.315789 | LP14: 18.899522 | LT14: 30.576441 | LU14: 36.842105 | LV14: 22.486772 | LY14: 24.162679 | LZ14: 31.578947 | MA14: 24.162679 | MB14: 0 | MC14: (80-100] | MF14: Təqdimat Müsabiqələri | MG14: 0 | MH14: 0 | MI14: 0 | MJ14: 0 | MK14: 0 | MO14: 40.515351 | MS14: 37.664474 | MT14: 39.199561 | MU14: 35.032895 | MY14: 40.296053 | MZ14: 44.462719 | NA14: 45.705409 | ND14: 40.222953 | NE14: 45.924708 | NF14: 41.684942 | NH14: (80-100]
AH15: Məntiq olimpiadası | AI15: 0 | AJ15: 0 | AK15: 0 | AL15: 0 | AM15: 0 | BJ15: (60-80] | BM15: Məntiq olimpiadası | BN15: 0 | BO15: 0 | BP15: 0 | BQ15: 0 | BR15: 0 | CO15: (60-80] | CR15: Məntiq olimpiadası | CS15: 0 | CT15: 0 | CU15: 0 | CV15: 0 | CW15: 0 | DT15: (60-80] | DW15: Məntiq olimpiadası | DX15: 0 | DY15: 0 | DZ15: 0 | EA15: 0 | EB15: 0 | EY15: (60-80] | FB15: Məntiq olimpiadası | FC15: 0 | FD15: 0 | FE15: 0 | FF15: 0 | FG15: 0 | FO15: 41.912698 | FQ15: 41.912698 | FU15: 40.695971 | FW15: 40.695971 | FZ15: 44.76801 | GB15: 44.76801 | GD15: (60-80] | GG15: Məntiq olimpiadası | GH15: 0 | GI15: 0 | GJ15: 0 | GK15: 0 | GL15: 0 | GP15: 30.956166 | GT15: 30.618605 | GU15: 39.130435 | GV15: 30.618605 | GZ15: 29.678309 | HB15: 29.678309 | HE15: 29.867157 | HF15: 39.130435 | HG15: 28.438585 | HI15: (60-80] | HL15: Məntiq olimpiadası | HM15: 0 | HN15: 0 | HO15: 0 | HP15: 0 | HQ15: 0 | HU15: 28.753013 | HY15: 31.922197 | IA15: 31.922197 | IB15: 43.478261 | IE15: 28.419202 | IG15: 28.419202 | IH15: 43.478261 | IJ15: 32.420502 | IL15: 32.420502 | IN15: (60-80] | IQ15: Məntiq olimpiadası | IR15: 0 | IS15: 0 | IT15: 0 | IU15: 0 | IV15: 0 | IZ15: 30.571587 | JD15: 39.988226 | JF15: 39.988226 | JJ15: 48.983031 | JL15: 48.983031 | JO15: 43.712464 | JQ15: 43.712464 | JS15: (60-80] | JV15: Məntiq olimpiadası | JW15: 0 | JX15: 0 | JY15: 0 | JZ15: 0 | KA15: 0 | KE15: 33.041126 | KI15: 30.228108 | KJ15: 27.188312 | KK15: 29.8838 | KO15: 31.581074 | KP15: 27.145857 | KQ15: 30.958267 | KT15: 32.434875 | KU15: 30.318903 | KV15: 29.549897 | KX15: (60-80] | LA15: Məntiq olimpiadası | LB15: 0 | LC15: 0 | LD15: 0 | LE15: 0 | LF15: 0 | LJ15: 64.194577 | LN15: 54.708411 | LO15: 68.421053 | LP15: 54.708411 | LT15: 51.002506 | LU15: 57.894737 | LV15: 60.846561 | LY15: 49.445253 | LZ15: 68.421053 | MA15: 49.445253 | MB15: 0 | MC15: (60-80] | MF15: Məntiq olimpiadası | MG15: 0 | MH15: 0 | MI15: 0 | MJ15: 0 | MK15: 0 | MO15: 28.48136 | MS15: 22.304459 | MT15: 46.463816 | MU15: 52.019371 | MY15: 50.054825 | MZ15: 45.888158 | NA15: 44.645468 | ND15: 26.169591 | NE15: 38.523392 | NF15: 45.888158 | NH15: (60-80]
AH16: STEAM yarışları | AI16: 0 | AJ16: 0 | AK16: 0 | AL16: 0 | AM16: 0 | BJ16: (30-60] | BM16: STEAM yarışları | BN16: 0 | BO16: 0 | BP16: 0 | BQ16: 0 | BR16: 0 | CO16: (30-60] | CR16: STEAM yarışları | CS16: 0 | CT16: 0 | CU16: 0 | CV16: 0 | CW16: 0 | DT16: (30-60] | DW16: STEAM yarışları | DX16: 0 | DY16: 0 | DZ16: 0 | EA16: 0 | EB16: 0 | EY16: (30-60] | FB16: STEAM yarışları | FC16: 0 | FD16: 0 | FE16: 0 | FF16: 0 | FG16: 0 | FO16: 36.855922 | FQ16: 36.855922 | FU16: 31.132479 | FW16: 31.132479 | FZ16: 34.194139 | GB16: 34.194139 | GD16: (30-60] | GG16: STEAM yarışları | GH16: 0 | GI16: 0 | GJ16: 0 | GK16: 0 | GL16: 0 | GP16: 20.358659 | GT16: 30.797443 | GU16: 8.6956522 | GV16: 30.797443 | GZ16: 30.664005 | HB16: 30.664005 | HE16: 30.660649 | HF16: 8.6956522 | HG16: 32.08922 | HI16: (30-60] | HL16: STEAM yarışları | HM16: 0 | HN16: 0 | HO16: 0 | HP16: 0 | HQ16: 0 | HU16: 31.196339 | HY16: 41.27193 | IA16: 41.27193 | IB16: 26.086957 | IE16: 40.591389 | IG16: 40.591389 | IH16: 26.086957 | IJ16: 42.294421 | IL16: 42.294421 | IN16: (30-60] | IQ16: STEAM yarışları | IR16: 0 | IS16: 0 | IT16: 0 | IU16: 0 | IV16: 0 | IZ16: 29.818151 | JD16: 37.93894 | JF16: 37.93894 | JJ16: 26.943594 | JL16: 26.943594 | JO16: 34.954127 | JQ16: 34.954127 | JS16: (30-60] | JV16: STEAM yarışları | JW16: 0 | JX16: 0 | JY16: 0 | JZ16: 0 | KA16: 0 | KE16: 30.3557 | KI16: 30.681666 | KJ16: 31.886724 | KK16: 33.406775 | KO16: 30.476836 | KP16: 21.866598 | KQ16: 23.124174 | KT16: 29.590757 | KU16: 30.371573 | KV16: 30.554682 | KX16: (30-60] | LA16: STEAM yarışları | LB16: 0 | LC16: 0 | LD16: 0 | LE16: 0 | LF16: 0 | LJ16: 18.421053 | LN16: 23.493516 | LO16: 5.2631579 | LP16: 23.493516 | LT16: 18.421053 | LU16: 5.2631579 | LV16: 16.666667 | LY16: 26.392067 | LZ16: 0 | MA16: 26.392067 | MB16: 0 | MC16: (30-60] | MF16: STEAM yarışları | MG16: 0 | MH16: 0 | MI16: 0 | MJ16: 0 | MK16: 0 | MO16: 31.003289 | MS16: 38.642178 | MT16: 14.336623 | MU16: 12.947734 | MY16: 9.6491228 | MZ16: 9.6491228 | NA16: 9.6491228 | ND16: 32.218567 | NE16: 15.551901 | NF16: 12.426901 | NH16: (30-60]
AH17: Digər milli və beynəlxalq olimpiada, yarış və müsabiqələr | AI17: 0 | AJ17: 0 | AK17: 0 | AL17: 0 | AM17: 0 | BJ17: [0-30] | BM17: Digər milli və beynəlxalq olimpiada, yarış və müsabiqələr | BN17: 0 | BO17: 0 | BP17: 0 | BQ17: 0 | BR17: 0 | CO17: [0-30] | CR17: Digər milli və beynəlxalq olimpiada, yarış və müsabiqələr | CS17: 0 | CT17: 0 | CU17: 0 | CV17: 0 | CW17: 0 | DT17: [0-30] | DW17: Digər milli və beynəlxalq olimpiada, yarış və müsabiqələr | DX17: 0 | DY17: 0 | DZ17: 0 | EA17: 0 | EB17: 0 | EY17: [0-30] | FB17: Digər milli və beynəlxalq olimpiada, yarış və müsabiqələr | FC17: 0 | FD17: 0 | FE17: 0 | FF17: 0 | FG17: 0 | FO17: 3.1666667 | FQ17: 3.1666667 | FU17: 0 | FW17: 0 | FZ17: 1.6666667 | GB17: 1.6666667 | GD17: [0-30] | GG17: Digər milli və beynəlxalq olimpiada, yarış və müsabiqələr | GH17: 0 | GI17: 0 | GJ17: 0 | GK17: 0 | GL17: 0 | GP17: 0 | GT17: 0 | GU17: 0 | GV17: 0 | GZ17: 0 | HB17: 0 | HE17: 0 | HF17: 0 | HG17: 0 | HI17: [0-30] | HL17: Digər milli və beynəlxalq olimpiada, yarış və müsabiqələr | HM17: 0 | HN17: 0 | HO17: 0 | HP17: 0 | HQ17: 0 | HU17: 0 | HY17: 2.3264683 | IA17: 2.3264683 | IB17: 0 | IE17: 0.64102564 | IG17: 0.64102564 | IH17: 0 | IJ17: 0.72463768 | IL17: 0.72463768 | IN17: [0-30] | IQ17: Digər milli və beynəlxalq olimpiada, yarış və müsabiqələr | IR17: 0 | IS17: 0 | IT17: 0 | IU17: 0 | IV17: 0 | IZ17: 0 | JD17: 0 | JF17: 0 | JJ17: 0 | JL17: 0 | JO17: 0 | JQ17: 0 | JS17: [0-30] | JV17: Digər milli və beynəlxalq olimpiada, yarış və müsabiqələr | JW17: 0 | JX17: 0 | JY17: 0 | JZ17: 0 | KA17: 0 | KE17: 0.79365079 | KI17: 1.4603175 | KJ17: 7 | KK17: 3.047619 | KO17: 0 | KP17: 0 | KQ17: 0 | KT17: 0 | KU17: 1.5 | KV17: 0 | KX17: [0-30] | LA17: Digər milli və beynəlxalq olimpiada, yarış və müsabiqələr | LB17: 0 | LC17: 0 | LD17: 0 | LE17: 0 | LF17: 0 | LJ17: 0 | LN17: 2.8985507 | LO17: 0 | LP17: 2.8985507 | LT17: 0 | LU17: 0 | LV17: 0 | LY17: 0 | LZ17: 0 | MA17: 0 | MB17: 100 | MC17: [0-30] | MF17: Digər milli və beynəlxalq olimpiada, yarış və müsabiqələr | MG17: 0 | MH17: 0 | MI17: 0 | MJ17: 0 | MK17: 0 | MO17: 0 | MS17: 1.3888889 | MT17: 0 | MU17: 0 | MY17: 0 | MZ17: 0 | NA17: 0 | ND17: 1.3888889 | NE17: 0 | NF17: 0 | NH17: [0-30]
AG18: 103 | AH18: Dövlət dili | AI18: 0 | AJ18: 0 | AK18: 12 | AL18: 10 | AM18: 22 | BJ18: Ümumi | BL18: 103 | BM18: Dövlət dili | BN18: 0 | BO18: 0 | BP18: 75 | BQ18: 53 | BR18: 128 | CO18: Ümumi | CQ18: 103 | CR18: Dövlət dili | CS18: 0 | CT18: 0 | CU18: 89 | CV18: 61 | CW18: 150 | DT18: Ümumi | DV18: 103 | DW18: Dövlət dili | DX18: 0 | DY18: 0 | DZ18: 52 | EA18: 41 | EB18: 93 | EY18: Ümumi | FA18: 103 | FB18: Dövlət dili | FC18: 0 | FD18: 0 | FE18: 84 | FF18: 50 | FG18: 134 | GD18: Ümumi | GF18: 103 | GG18: Dövlət dili | GH18: 0 | GI18: 0 | GJ18: 67 | GK18: 67 | GL18: 134 | HI18: Ümumi | HK18: 103 | HL18: Dövlət dili | HM18: 0 | HN18: 0 | HO18: 80 | HP18: 52 | HQ18: 132 | IN18: Ümumi | IP18: 103 | IQ18: Dövlət dili | IR18: 0 | IS18: 0 | IT18: 81 | IU18: 65 | IV18: 146 | JS18: Ümumi | JU18: 103 | JV18: Dövlət dili | JW18: 0 | JX18: 0 | JY18: 54 | JZ18: 53 | KA18: 107 | KX18: Ümumi | KZ18: 103 | LA18: Dövlət dili | LB18: 0 | LC18: 0 | LD18: 49 | LE18: 37 | LF18: 86 | MC18: Ümumi | ME18: 103 | MF18: Dövlət dili | MG18: 0 | MH18: 0 | MI18: 21 | MJ18: 32 | MK18: 53 | NH18: Ümumi
AH19: Fənn olimpiadaları | AI19: 0 | AJ19: 0 | AK19: 0 | AL19: 0 | AM19: 0 | AN19: 0 | AO19: 0 | AP19: 0 | BJ19: Oğlanlar | BM19: Fənn olimpiadaları | BN19: 0 | BO19: 0 | BP19: 0 | BQ19: 0 | BR19: 0 | BS19: 0 | BT19: 0 | BU19: 0 | CO19: Oğlanlar | CR19: Fənn olimpiadaları | CS19: 0 | CT19: 0 | CU19: 0 | CV19: 0 | CW19: 0 | CX19: 0 | CY19: 0 | CZ19: 0 | DA19: 0 | DB19: 0 | DC19: 0 | DD19: 0 | DE19: 0 | DF19: 0 | DG19: 0 | DH19: 0 | DI19: 0 | DJ19: 0 | DK19: 0 | DL19: 0 | DM19: 0 | DN19: 0 | DO19: 0 | DP19: 0 | DQ19: 0 | DR19: 0 | DS19: 0 | DT19: Oğlanlar | DW19: Fənn olimpiadaları | DX19: 0 | DY19: 0 | DZ19: 0 | EA19: 0 | EB19: 0 | EC19: 0 | ED19: 0 | EE19: 0 | EY19: Oğlanlar | FB19: Fənn olimpiadaları | FC19: 0 | FD19: 0 | FE19: 0 | FF19: 0 | FG19: 0 | FH19: 0 | FI19: 0 | FJ19: 0 | FK19: 0 | FL19: 0 | FM19: 0 | FN19: 0 | FO19: 0 | FP19: 0 | FQ19: 0 | FR19: 0 | FS19: 0 | FT19: 0 | FU19: 0 | FV19: 0 | FW19: 0 | FX19: 0 | FY19: 0 | FZ19: 0 | GA19: 0 | GB19: 0 | GC19: 0 | GD19: Oğlanlar | GG19: Fənn olimpiadaları | GH19: 0 | GI19: 0 | GJ19: 0 | GK19: 0 | GL19: 0 | GM19: 0 | GN19: 0 | GO19: 0 | HI19: Oğlanlar | HL19: Fənn olimpiadaları | HM19: 0 | HN19: 0 | HO19: 0 | HP19: 0 | HQ19: 0 | HR19: 0 | HS19: 0 | HT19: 0 | HU19: 0 | HV19: 0 | HW19: 0 | HX19: 0 | HY19: 0 | HZ19: 0 | IA19: 0 | IB19: 0 | IC19: 0 | ID19: 0 | IE19: 0 | IF19: 0 | IG19: 0 | IH19: 0 | II19: 0 | IJ19: 0 | IK19: 0 | IL19: 0 | IM19: 0 | IN19: Oğlanlar | IQ19: Fənn olimpiadaları | IR19: 0 | IS19: 0 | IT19: 0 | IU19: 0 | IV19: 0 | IW19: 0 | IX19: 0 | IY19: 0 | IZ19: 0 | JA19: 0 | JB19: 0 | JC19: 0 | JD19: 0 | JE19: 0 | JF19: 0 | JG19: 0 | JH19: 0 | JI19: 0 | JJ19: 0 | JK19: 0 | JL19: 0 | JM19: 0 | JN19: 0 | JO19: 0 | JP19: 0 | JQ19: 0 | JR19: 0 | JS19: Oğlanlar | JV19: Fənn olimpiadaları | JW19: 0 | JX19: 0 | JY19: 0 | JZ19: 0 | KA19: 0 | KB19: 0 | KC19: 0 | KD19: 0 | KX19: Oğlanlar | LA19: Fənn olimpiadaları | LB19: 0 | LC19: 0 | LD19: 0 | LE19: 0 | LF19: 0 | LG19: 0 | LH19: 0 | LI19: 0 | LJ19: 0 | LK19: 0 | LL19: 0 | LM19: 0 | LN19: 0 | LO19: 0 | LP19: 0 | LQ19: 0 | LR19: 0 | LS19: 0 | LT19: 0 | LU19: 0 | LV19: 0 | LW19: 0 | LX19: 0 | LY19: 0 | LZ19: 0 | MA19: 0 | MB19: 0 | MC19: Oğlanlar | MF19: Fənn olimpiadaları | MG19: 0 | MH19: 0 | MI19: 0 | MJ19: 0 | MK19: 0 | ML19: 0 | MM19: 0 | MN19: 0 | NH19: Oğlanlar
AH20: Fənn müsabiqələri | AI20: 0 | AJ20: 0 | AK20: 0 | AL20: 0 | AM20: 0 | BJ20: Qızlar | BM20: Fənn müsabiqələri | BN20: 0 | BO20: 0 | BP20: 0 | BQ20: 0 | BR20: 0 | CO20: Qızlar | CR20: Fənn müsabiqələri | CS20: 0 | CT20: 0 | CU20: 0 | CV20: 0 | CW20: 0 | DA20: 0 | DB20: 0 | DC20: 0 | DD20: 0 | DE20: 0 | DF20: 0 | DG20: 0 | DH20: 0 | DI20: 0 | DJ20: 0 | DK20: 0 | DL20: 0 | DM20: 0 | DN20: 0 | DO20: 0 | DP20: 0 | DQ20: 0 | DR20: 0 | DS20: 0 | DT20: Qızlar | DW20: Fənn müsabiqələri | DX20: 0 | DY20: 0 | DZ20: 0 | EA20: 0 | EB20: 0 | EY20: Qızlar | FB20: Fənn müsabiqələri | FC20: 0 | FD20: 0 | FE20: 0 | FF20: 0 | FG20: 0 | FK20: 0 | FL20: 0 | FM20: 0 | FN20: 0 | FO20: 0 | FP20: 0 | FQ20: 0 | FR20: 0 | FS20: 0 | FT20: 0 | FU20: 0 | FV20: 0 | FW20: 0 | FX20: 0 | FY20: 0 | FZ20: 0 | GA20: 0 | GB20: 0 | GC20: 0 | GD20: Qızlar | GG20: Fənn müsabiqələri | GH20: 0 | GI20: 0 | GJ20: 0 | GK20: 0 | GL20: 0 | HI20: Qızlar | HL20: Fənn müsabiqələri | HM20: 0 | HN20: 0 | HO20: 0 | HP20: 0 | HQ20: 0 | HU20: 0 | HV20: 0 | HW20: 0 | HX20: 0 | HY20: 0 | HZ20: 0 | IA20: 0 | IB20: 0 | IC20: 0 | ID20: 0 | IE20: 0 | IF20: 0 | IG20: 0 | IH20: 0 | II20: 0 | IJ20: 0 | IK20: 0 | IL20: 0 | IM20: 0 | IN20: Qızlar | IQ20: Fənn müsabiqələri | IR20: 0 | IS20: 0 | IT20: 0 | IU20: 0 | IV20: 0 | IZ20: 0 | JA20: 0 | JB20: 0 | JC20: 0 | JD20: 0 | JE20: 0 | JF20: 0 | JG20: 0 | JH20: 0 | JI20: 0 | JJ20: 0 | JK20: 0 | JL20: 0 | JM20: 0 | JN20: 0 | JO20: 0 | JP20: 0 | JQ20: 0 | JR20: 0 | JS20: Qızlar | JV20: Fənn müsabiqələri | JW20: 0 | JX20: 0 | JY20: 0 | JZ20: 0 | KA20: 0 | KX20: Qızlar | LA20: Fənn müsabiqələri | LB20: 0 | LC20: 0 | LD20: 0 | LE20: 0 | LF20: 0 | LJ20: 0 | LK20: 0 | LL20: 0 | LM20: 0 | LN20: 0 | LO20: 0 | LP20: 0 | LQ20: 0 | LR20: 0 | LS20: 0 | LT20: 0 | LU20: 0 | LV20: 0 | LW20: 0 | LX20: 0 | LY20: 0 | LZ20: 0 | MA20: 0 | MB20: 0 | MC20: Qızlar | MF20: Fənn müsabiqələri | MG20: 0 | MH20: 0 | MI20: 0 | MJ20: 0 | MK20: 0 | NH20: Qızlar
AH21: Təqdimat Müsabiqələri | AI21: 0 | AJ21: 0 | AK21: 0 | AL21: 0 | AM21: 0 | BJ21: (80-100] | BM21: Təqdimat Müsabiqələri | BN21: 0 | BO21: 0 | BP21: 0 | BQ21: 0 | BR21: 0 | CO21: (80-100] | CR21: Təqdimat Müsabiqələri | CS21: 0 | CT21: 0 | CU21: 0 | CV21: 0 | CW21: 0 | DT21: (80-100] | DW21: Təqdimat Müsabiqələri | DX21: 0 | DY21: 0 | DZ21: 0 | EA21: 0 | EB21: 0 | EY21: (80-100] | FB21: Təqdimat Müsabiqələri | FC21: 0 | FD21: 0 | FE21: 0 | FF21: 0 | FG21: 0 | GD21: (80-100] | GG21: Təqdimat Müsabiqələri | GH21: 0 | GI21: 0 | GJ21: 0 | GK21: 0 | GL21: 0 | HI21: (80-100] | HL21: Təqdimat Müsabiqələri | HM21: 0 | HN21: 0 | HO21: 0 | HP21: 0 | HQ21: 0 | IN21: (80-100] | IQ21: Təqdimat Müsabiqələri | IR21: 0 | IS21: 0 | IT21: 0 | IU21: 0 | IV21: 0 | JS21: (80-100] | JV21: Təqdimat Müsabiqələri | JW21: 0 | JX21: 0 | JY21: 0 | JZ21: 0 | KA21: 0 | KX21: (80-100] | LA21: Təqdimat Müsabiqələri | LB21: 0 | LC21: 0 | LD21: 0 | LE21: 0 | LF21: 0 | MC21: (80-100] | MF21: Təqdimat Müsabiqələri | MG21: 0 | MH21: 0 | MI21: 0 | MJ21: 0 | MK21: 0 | NH21: (80-100]
AH22: Məntiq olimpiadası | AI22: 0 | AJ22: 0 | AK22: 0 | AL22: 0 | AM22: 0 | BJ22: (60-80] | BM22: Məntiq olimpiadası | BN22: 0 | BO22: 0 | BP22: 0 | BQ22: 0 | BR22: 0 | CO22: (60-80] | CR22: Məntiq olimpiadası | CS22: 0 | CT22: 0 | CU22: 0 | CV22: 0 | CW22: 0 | DT22: (60-80] | DW22: Məntiq olimpiadası | DX22: 0 | DY22: 0 | DZ22: 0 | EA22: 0 | EB22: 0 | EY22: (60-80] | FB22: Məntiq olimpiadası | FC22: 0 | FD22: 0 | FE22: 0 | FF22: 0 | FG22: 0 | GD22: (60-80] | GG22: Məntiq olimpiadası | GH22: 0 | GI22: 0 | GJ22: 0 | GK22: 0 | GL22: 0 | HI22: (60-80] | HL22: Məntiq olimpiadası | HM22: 0 | HN22: 0 | HO22: 0 | HP22: 0 | HQ22: 0 | IN22: (60-80] | IQ22: Məntiq olimpiadası | IR22: 0 | IS22: 0 | IT22: 0 | IU22: 0 | IV22: 0 | JS22: (60-80] | JV22: Məntiq olimpiadası | JW22: 0 | JX22: 0 | JY22: 0 | JZ22: 0 | KA22: 0 | KX22: (60-80] | LA22: Məntiq olimpiadası | LB22: 0 | LC22: 0 | LD22: 0 | LE22: 0 | LF22: 0 | MC22: (60-80] | MF22: Məntiq olimpiadası | MG22: 0 | MH22: 0 | MI22: 0 | MJ22: 0 | MK22: 0 | NH22: (60-80]
AH23: STEAM yarışları | AI23: 0 | AJ23: 0 | AK23: 0 | AL23: 0 | AM23: 0 | BJ23: (30-60] | BM23: STEAM yarışları | BN23: 0 | BO23: 0 | BP23: 0 | BQ23: 0 | BR23: 0 | CO23: (30-60] | CR23: STEAM yarışları | CS23: 0 | CT23: 0 | CU23: 0 | CV23: 0 | CW23: 0 | DT23: (30-60] | DW23: STEAM yarışları | DX23: 0 | DY23: 0 | DZ23: 0 | EA23: 0 | EB23: 0 | EY23: (30-60] | FB23: STEAM yarışları | FC23: 0 | FD23: 0 | FE23: 0 | FF23: 0 | FG23: 0 | GD23: (30-60] | GG23: STEAM yarışları | GH23: 0 | GI23: 0 | GJ23: 0 | GK23: 0 | GL23: 0 | HI23: (30-60] | HL23: STEAM yarışları | HM23: 0 | HN23: 0 | HO23: 0 | HP23: 0 | HQ23: 0 | IN23: (30-60] | IQ23: STEAM yarışları | IR23: 0 | IS23: 0 | IT23: 0 | IU23: 0 | IV23: 0 | JS23: (30-60] | JV23: STEAM yarışları | JW23: 0 | JX23: 0 | JY23: 0 | JZ23: 0 | KA23: 0 | KX23: (30-60] | LA23: STEAM yarışları | LB23: 0 | LC23: 0 | LD23: 0 | LE23: 0 | LF23: 0 | MC23: (30-60] | MF23: STEAM yarışları | MG23: 0 | MH23: 0 | MI23: 0 | MJ23: 0 | MK23: 0 | NH23: (30-60]
AH24: Digər milli və beynəlxalq olimpiada, yarış və müsabiqələr | AI24: 0 | AJ24: 0 | AK24: 0 | AL24: 0 | AM24: 0 | BJ24: [0-30] | BM24: Digər milli və beynəlxalq olimpiada, yarış və müsabiqələr | BN24: 0 | BO24: 0 | BP24: 0 | BQ24: 0 | BR24: 0 | CO24: [0-30] | CR24: Digər milli və beynəlxalq olimpiada, yarış və müsabiqələr | CS24: 0 | CT24: 0 | CU24: 0 | CV24: 0 | CW24: 0 | DT24: [0-30] | DW24: Digər milli və beynəlxalq olimpiada, yarış və müsabiqələr | DX24: 0 | DY24: 0 | DZ24: 0 | EA24: 0 | EB24: 0 | EY24: [0-30] | FB24: Digər milli və beynəlxalq olimpiada, yarış və müsabiqələr | FC24: 0 | FD24: 0 | FE24: 0 | FF24: 0 | FG24: 0 | GD24: [0-30] | GG24: Digər milli və beynəlxalq olimpiada, yarış və müsabiqələr | GH24: 0 | GI24: 0 | GJ24: 0 | GK24: 0 | GL24: 0 | HI24: [0-30] | HL24: Digər milli və beynəlxalq olimpiada, yarış və müsabiqələr | HM24: 0 | HN24: 0 | HO24: 0 | HP24: 0 | HQ24: 0 | IN24: [0-30] | IQ24: Digər milli və beynəlxalq olimpiada, yarış və müsabiqələr | IR24: 0 | IS24: 0 | IT24: 0 | IU24: 0 | IV24: 0 | JS24: [0-30] | JV24: Digər milli və beynəlxalq olimpiada, yarış və müsabiqələr | JW24: 0 | JX24: 0 | JY24: 0 | JZ24: 0 | KA24: 0 | KX24: [0-30] | LA24: Digər milli və beynəlxalq olimpiada, yarış və müsabiqələr | LB24: 0 | LC24: 0 | LD24: 0 | LE24: 0 | LF24: 0 | MC24: [0-30] | MF24: Digər milli və beynəlxalq olimpiada, yarış və müsabiqələr | MG24: 0 | MH24: 0 | MI24: 0 | MJ24: 0 | MK24: 0 | NH24: [0-30]
AG25: 104 | AH25: Xarici dil | AI25: 102.34 | AJ25: 0 | AK25: 12 | AL25: 10 | AM25: 22 | BJ25: Ümumi | BL25: 104 | BM25: Xarici dil | BN25: 68.34 | BO25: 0 | BP25: 75 | BQ25: 53 | BR25: 128 | BZ25: 67.103968 | CB25: 67.103968 | CF25: 67.261669 | CH25: 67.261669 | CK25: 67.179703 | CM25: 67.179703 | CO25: Ümumi | CQ25: 104 | CR25: Xarici dil | CS25: 136 | CT25: 0 | CU25: 89 | CV25: 61 | CW25: 150 | DA25: 68.44489 | DE25: 59.569371 | DG25: 59.569371 | DK25: 60.049815 | DM25: 60.049815 | DP25: 59.556345 | DR25: 59.556345 | DT25: Ümumi | DV25: 104 | DW25: Xarici dil | DX25: 172.69 | DY25: 0 | DZ25: 52 | EA25: 41 | EB25: 93 | EF25: 67.325963 | EJ25: 60.023485 | EK25: 64.146218 | EL25: 62.404835 | EP25: 63.648065 | EQ25: 63.143727 | ER25: 63.378044 | EU25: 61.855416 | EV25: 63.64127 | EW25: 62.926928 | EY25: Ümumi | FA25: 104 | FB25: Xarici dil | FC25: 136 | FD25: 0 | FE25: 84 | FF25: 50 | FG25: 134 | FO25: 56.84859 | FP25: 54.279011 | FQ25: 55.306842 | FU25: 55.242226 | FV25: 53.434219 | FW25: 54.157422 | FZ25: 56.11077 | GA25: 53.903175 | GB25: 54.786213 | GD25: Ümumi | GF25: 104 | GG25: Xarici dil | GH25: 102516.1 | GI25: 0 | GJ25: 67 | GK25: 67 | GL25: 134 | GP25: 70.919274 | GT25: 56.555491 | GU25: 62.032438 | GV25: 59.841659 | GZ25: 60.683498 | HA25: 64.817821 | HB25: 63.164092 | HE25: 58.478293 | HF25: 63.119225 | HG25: 61.262852 | HI25: Ümumi | HK25: 104 | HL25: Xarici dil | HM25: 208.105 | HN25: 0 | HO25: 80 | HP25: 52 | HQ25: 132 | HU25: 68.578481 | HY25: 55.690404 | HZ25: 58.45833 | IA25: 57.350604 | IE25: 55.688403 | IF25: 59.971584 | IG25: 58.674978 | IJ25: 55.408579 | IK25: 58.651271 | IL25: 57.354194 | IN25: Ümumi | IP25: 104 | IQ25: Xarici dil | IR25: 408.102 | IS25: 0 | IT25: 80 | IU25: 65 | IV25: 145 | IZ25: 67.655372 | JD25: 56.22254 | JE25: 62.749179 | JF25: 60.142333 | JJ25: 58.596306 | JK25: 62.67765 | JL25: 60.93734 | JO25: 57.258138 | JP25: 62.680999 | JQ25: 60.511854 | JS25: Ümumi | JU25: 104 | JV25: Xarici dil | JW25: 415.602 | JX25: 0 | JY25: 54 | JZ25: 53 | KA25: 107 | KE25: 64.752128 | KI25: 61.970772 | KJ25: 56.248117 | KK25: 58.407205 | KO25: 63.651715 | KP25: 66.44596 | KQ25: 65.328262 | KT25: 62.752183 | KU25: 61.347038 | KV25: 61.820286 | KW25: 36.865768 | KX25: Ümumi | KZ25: 104 | LA25: Xarici dil | LB25: 451 | LC25: 0 | LD25: 48 | LE25: 37 | LF25: 85 | LJ25: 65.935407 | LN25: 65.79754 | LO25: 61.548055 | LP25: 63.247849 | LT25: 67.923086 | LU25: 63.899522 | LV25: 65.508947 | LY25: 67.003347 | LZ25: 62.905606 | MA25: 64.544703 | MB25: 2.75 | MC25: Ümumi | ME25: 104 | MF25: Xarici dil | MG25: 544 | MH25: 0 | MI25: 21 | MJ25: 32 | MK25: 53 | MO25: 75.143823 | MS25: 72.633589 | MT25: 76.841648 | MU25: 75.158425 | MY25: 77.25 | MZ25: 82.508894 | NA25: 79.033169 | ND25: 74.941795 | NE25: 77.625548 | NF25: 76.552047 | NG25: 44.177175 | NH25: Ümumi
AH26: Fənn olimpiadaları | AI26: 0 | AJ26: 0 | AK26: 0 | AL26: 0 | AM26: 0 | AN26: 0 | AO26: 0 | AP26: 0 | BJ26: Oğlanlar | BM26: Fənn olimpiadaları | BN26: 0 | BO26: 0 | BP26: 0 | BQ26: 0 | BR26: 0 | BS26: 7 | BT26: 8 | BU26: 15 | CO26: Oğlanlar | CR26: Fənn olimpiadaları | CS26: 0 | CT26: 0 | CU26: 0 | CV26: 0 | CW26: 0 | CX26: 33 | CY26: 13 | CZ26: 46 | DA26: 63.387751 | DB26: 0 | DC26: 0 | DD26: 0 | DE26: 55.449492 | DF26: 0 | DG26: 55.449492 | DH26: 0 | DI26: 0 | DJ26: 0 | DK26: 54.947537 | DL26: 0 | DM26: 54.947537 | DN26: 0 | DO26: 0 | DP26: 55.938098 | DQ26: 0 | DR26: 55.938098 | DS26: 0 | DT26: Oğlanlar | DW26: Fənn olimpiadaları | DX26: 0 | DY26: 0 | DZ26: 0 | EA26: 0 | EB26: 0 | EC26: 7 | ED26: 4 | EE26: 11 | EY26: Oğlanlar | FB26: Fənn olimpiadaları | FC26: 0 | FD26: 0 | FE26: 0 | FF26: 0 | FG26: 0 | FH26: 21 | FI26: 57 | FJ26: 78 | FK26: 0 | FL26: 0 | FM26: 0 | FN26: 0 | FO26: 54.734799 | FP26: 53.492113 | FQ26: 53.989187 | FR26: 0 | FS26: 0 | FT26: 0 | FU26: 54.100305 | FV26: 52.191843 | FW26: 52.955228 | FX26: 0 | FY26: 0 | FZ26: 55.14921 | GA26: 53.502664 | GB26: 54.161283 | GC26: 0 | GD26: Oğlanlar | GG26: Fənn olimpiadaları | GH26: 0 | GI26: 0 | GJ26: 0 | GK26: 0 | GL26: 0 | GM26: 36 | GN26: 40 | GO26: 76 | HI26: Oğlanlar | HL26: Fənn olimpiadaları | HM26: 0 | HN26: 0 | HO26: 0 | HP26: 0 | HQ26: 0 | HR26: 134 | HS26: 83 | HT26: 217 | HU26: 55.441103 | HV26: 0 | HW26: 0 | HX26: 0 | HY26: 55.451086 | HZ26: 58.059984 | IA26: 57.01557 | IB26: 0 | IC26: 0 | ID26: 0 | IE26: 54.74036 | IF26: 57.604375 | IG26: 56.71518 | IH26: 0 | II26: 0 | IJ26: 55.530559 | IK26: 58.097331 | IL26: 57.070622 | IM26: 0 | IN26: Oğlanlar | IQ26: Fənn olimpiadaları | IR26: 0 | IS26: 0 | IT26: 0 | IU26: 0 | IV26: 0 | IW26: 16 | IX26: 10 | IY26: 26 | IZ26: 64.805373 | JA26: 0 | JB26: 0 | JC26: 0 | JD26: 52.568467 | JE26: 59.313476 | JF26: 56.619441 | JG26: 0 | JH26: 0 | JI26: 0 | JJ26: 54.659861 | JK26: 56.432976 | JL26: 56.04373 | JM26: 0 | JN26: 0 | JO26: 53.843601 | JP26: 58.647577 | JQ26: 56.725987 | JR26: 0 | JS26: Oğlanlar | JV26: Fənn olimpiadaları | JW26: 0 | JX26: 0 | JY26: 0 | JZ26: 0 | KA26: 0 | KB26: 54 | KC26: 29 | KD26: 83 | KX26: Oğlanlar | LA26: Fənn olimpiadaları | LB26: 0 | LC26: 0 | LD26: 0 | LE26: 0 | LF26: 0 | LG26: 13 | LH26: 14 | LI26: 27 | LJ26: 29.413534 | LK26: 0 | LL26: 0 | LM26: 0 | LN26: 31.534774 | LO26: 28.347744 | LP26: 29.622556 | LQ26: 0 | LR26: 0 | LS26: 0 | LT26: 35.206203 | LU26: 32.140977 | LV26: 33.367068 | LW26: 0 | LX26: 0 | LY26: 33.840883 | LZ26: 30.737782 | MA26: 31.979023 | MB26: 0.14473684 | MC26: Oğlanlar | MF26: Fənn olimpiadaları | MG26: 0 | MH26: 0 | MI26: 0 | MJ26: 0 | MK26: 0 | ML26: 25 | MM26: 8 | MN26: 33 | NH26: Oğlanlar
AH27: Fənn müsabiqələri | AI27: 0 | AJ27: 0 | AK27: 0 | AL27: 0 | AM27: 0 | BJ27: Qızlar | BM27: Fənn müsabiqələri | BN27: 0 | BO27: 0 | BP27: 0 | BQ27: 0 | BR27: 0 | CO27: Qızlar | CR27: Fənn müsabiqələri | CS27: 0 | CT27: 0 | CU27: 0 | CV27: 0 | CW27: 0 | DA27: 68.947222 | DB27: 0 | DC27: 0 | DD27: 0 | DE27: 63.594444 | DF27: 0 | DG27: 63.594444 | DH27: 0 | DI27: 0 | DJ27: 0 | DK27: 61.013889 | DL27: 0 | DM27: 61.013889 | DN27: 0 | DO27: 0 | DP27: 62.813426 | DQ27: 0 | DR27: 62.813426 | DS27: 0 | DT27: Qızlar | DW27: Fənn müsabiqələri | DX27: 0 | DY27: 0 | DZ27: 0 | EA27: 0 | EB27: 0 | EY27: Qızlar | FB27: Fənn müsabiqələri | FC27: 0 | FD27: 0 | FE27: 0 | FF27: 0 | FG27: 0 | FK27: 0 | FL27: 0 | FM27: 0 | FN27: 0 | FO27: 59.497029 | FP27: 54.191392 | FQ27: 56.313647 | FR27: 0 | FS27: 0 | FT27: 0 | FU27: 55.458018 | FV27: 53.641758 | FW27: 54.368262 | FX27: 0 | FY27: 0 | FZ27: 57.477523 | GA27: 53.916575 | GB27: 55.340954 | GC27: 0 | GD27: Qızlar | GG27: Fənn müsabiqələri | GH27: 0 | GI27: 0 | GJ27: 0 | GK27: 0 | GL27: 0 | HI27: Qızlar | HL27: Fənn müsabiqələri | HM27: 0 | HN27: 0 | HO27: 0 | HP27: 0 | HQ27: 0 | HU27: 53.90119 | HV27: 0 | HW27: 0 | HX27: 0 | HY27: 54.582143 | HZ27: 57.607738 | IA27: 56.3975 | IB27: 0 | IC27: 0 | ID27: 0 | IE27: 53.288889 | IF27: 59.751786 | IG27: 57.880913 | IH27: 0 | II27: 0 | IJ27: 55.555952 | IK27: 60.340476 | IL27: 58.426667 | IM27: 0 | IN27: Qızlar | IQ27: Fənn müsabiqələri | IR27: 0 | IS27: 0 | IT27: 0 | IU27: 0 | IV27: 0 | IZ27: 71.94321 | JA27: 0 | JB27: 0 | JC27: 0 | JD27: 61.454687 | JE27: 68.370997 | JF27: 65.608044 | JG27: 0 | JH27: 0 | JI27: 0 | JJ27: 62.781711 | JK27: 67.550667 | JL27: 66.071656 | JM27: 0 | JN27: 0 | JO27: 62.502553 | JP27: 68.941994 | JQ27: 66.366217 | JR27: 0 | JS27: Qızlar | JV27: Fənn müsabiqələri | JW27: 0 | JX27: 0 | JY27: 0 | JZ27: 0 | KA27: 0 | KX27: Qızlar | LA27: Fənn müsabiqələri | LB27: 0 | LC27: 0 | LD27: 0 | LE27: 0 | LF27: 0 | LJ27: 35.6875 | LK27: 0 | LL27: 0 | LM27: 0 | LN27: 35.569792 | LO27: 32.125 | LP27: 33.502917 | LQ27: 0 | LR27: 0 | LS27: 0 | LT27: 35.454167 | LU27: 35.333333 | LV27: 35.381667 | LW27: 0 | LX27: 0 | LY27: 35.511979 | LZ27: 33.729167 | MA27: 34.442292 | MB27: 0 | MC27: Qızlar | MF27: Fənn müsabiqələri | MG27: 0 | MH27: 0 | MI27: 0 | MJ27: 0 | MK27: 0 | NH27: Qızlar
AH28: Təqdimat Müsabiqələri | AI28: 0 | AJ28: 0 | AK28: 0 | AL28: 0 | AM28: 0 | BJ28: (80-100] | BM28: Təqdimat Müsabiqələri | BN28: 0 | BO28: 0 | BP28: 0 | BQ28: 0 | BR28: 0 | BZ28: 33.460515 | CB28: 33.460515 | CF28: 36.841833 | CH28: 36.841833 | CK28: 33.367347 | CM28: 33.367347 | CO28: (80-100] | CR28: Təqdimat Müsabiqələri | CS28: 0 | CT28: 0 | CU28: 0 | CV28: 0 | CW28: 0 | DA28: 32.198448 | DE28: 21.468227 | DG28: 21.468227 | DK28: 22.269841 | DM28: 22.269841 | DP28: 20.271925 | DR28: 20.271925 | DT28: (80-100] | DW28: Təqdimat Müsabiqələri | DX28: 0 | DY28: 0 | DZ28: 0 | EA28: 0 | EB28: 0 | EF28: 31.942929 | EJ28: 18.929293 | EK28: 30.11239 | EL28: 26.048822 | EP28: 27.263958 | EQ28: 25.274992 | ER28: 29.621931 | EU28: 23.098605 | EV28: 26.918951 | EW28: 26.983886 | EY28: (80-100] | FB28: Təqdimat Müsabiqələri | FC28: 0 | FD28: 0 | FE28: 0 | FF28: 0 | FG28: 0 | FO28: 16.336386 | FP28: 19.144078 | FQ28: 16.336386 | FU28: 11.034799 | FV28: 18.775946 | FW28: 15.07326 | FZ28: 11.941392 | GA28: 14.313187 | GB28: 13.824786 | GD28: (80-100] | GG28: Təqdimat Müsabiqələri | GH28: 0 | GI28: 0 | GJ28: 0 | GK28: 0 | GL28: 0 | GP28: 40.585616 | GT28: 18.471104 | GU28: 27.404914 | GV28: 24.290337 | GZ28: 20.744239 | HA28: 33.025866 | HB28: 29.168293 | HE28: 20.77601 | HF28: 28.385662 | HG28: 25.458708 | HI28: (80-100] | HL28: Təqdimat Müsabiqələri | HM28: 0 | HN28: 0 | HO28: 0 | HP28: 0 | HQ28: 0 | HU28: 34.161759 | HY28: 12.065217 | HZ28: 18.790236 | IA28: 17.188406 | IE28: 9.8070287 | IF28: 21.447285 | IG28: 18.49432 | IJ28: 10.100401 | IK28: 17.896494 | IL28: 16.66023 | IN28: (80-100] | IQ28: Təqdimat Müsabiqələri | IR28: 0 | IS28: 0 | IT28: 0 | IU28: 0 | IV28: 0 | IZ28: 27.548049 | JD28: 8.5381721 | JE28: 23.973931 | JF28: 17.876219 | JJ28: 16.620405 | JK28: 26.767773 | JL28: 24.979048 | JO28: 11.746291 | JP28: 23.84675 | JQ28: 17.938062 | JS28: (80-100] | JV28: Təqdimat Müsabiqələri | JW28: 0 | JX28: 0 | JY28: 0 | JZ28: 0 | KA28: 0 | KE28: 26.758297 | KI28: 23.428571 | KJ28: 26.274892 | KK28: 22.822511 | KO28: 26.123377 | KP28: 31.032468 | KQ28: 30.123377 | KT28: 25.095238 | KU28: 26.274892 | KV28: 23.576479 | KW28: 7.764487 | KX28: (80-100] | LA28: Təqdimat Müsabiqələri | LB28: 0 | LC28: 0 | LD28: 0 | LE28: 0 | LF28: 0 | LJ28: 22.607656 | LN28: 17.963387 | LO28: 17.963387 | LP28: 17.963387 | LT28: 26.767677 | LU28: 25.239234 | LV28: 23.484848 | LY28: 23.792271 | LZ28: 12.700229 | MA28: 20.1373 | MB28: 0 | MC28: (80-100] | MF28: Təqdimat Müsabiqələri | MG28: 0 | MH28: 0 | MI28: 0 | MJ28: 0 | MK28: 0 | MO28: 50.88633 | MS28: 28.983918 | MT28: 49.64364 | MU28: 46.619152 | MY28: 49.470029 | MZ28: 66.557018 | NA28: 56.862208 | ND28: 37.664474 | NE28: 49.570541 | NF28: 49.570541 | NG28: 5.5829678 | NH28: (80-100]
AH29: Məntiq olimpiadası | AI29: 0 | AJ29: 0 | AK29: 0 | AL29: 0 | AM29: 0 | BJ29: (60-80] | BM29: Məntiq olimpiadası | BN29: 0 | BO29: 0 | BP29: 0 | BQ29: 0 | BR29: 0 | BZ29: 30.575274 | CB29: 30.575274 | CF29: 28.246522 | CH29: 28.246522 | CK29: 29.929015 | CM29: 29.929015 | CO29: (60-80] | CR29: Məntiq olimpiadası | CS29: 0 | CT29: 0 | CU29: 0 | CV29: 0 | CW29: 0 | DA29: 31.949723 | DE29: 24.480305 | DG29: 24.480305 | DK29: 28.59127 | DM29: 28.59127 | DP29: 25.702248 | DR29: 25.702248 | DT29: (60-80] | DW29: Məntiq olimpiadası | DX29: 0 | DY29: 0 | DZ29: 0 | EA29: 0 | EB29: 0 | EF29: 30.602265 | EJ29: 31.56253 | EK29: 24.084327 | EL29: 28.428869 | EP29: 29.416465 | EQ29: 32.217307 | ER29: 27.965845 | EU29: 28.108706 | EV29: 28.860991 | EW29: 28.860991 | EY29: (60-80] | FB29: Məntiq olimpiadası | FC29: 0 | FD29: 0 | FE29: 0 | FF29: 0 | FG29: 0 | FO29: 22.681319 | FP29: 17.36569 | FQ29: 22.274725 | FU29: 28.351648 | FV29: 19.432234 | FW29: 22.493895 | FZ29: 27.808303 | GA29: 19.954212 | GB29: 22.029915 | GD29: (60-80] | GG29: Məntiq olimpiadası | GH29: 0 | GI29: 0 | GJ29: 0 | GK29: 0 | GL29: 0 | GP29: 27.576866 | GT29: 20.120914 | GU29: 23.681898 | GV29: 24.131448 | GZ29: 28.594606 | HA29: 21.914899 | HB29: 22.058186 | HE29: 19.891299 | HF29: 24.051782 | HG29: 23.572142 | HI29: (60-80] | HL29: Məntiq olimpiadası | HM29: 0 | HN29: 0 | HO29: 0 | HP29: 0 | HQ29: 0 | HU29: 32.630206 | HY29: 29.785278 | HZ29: 31.981693 | IA29: 27.416476 | IE29: 30.707384 | IF29: 28.216542 | IG29: 27.36861 | IJ29: 29.459906 | IK29: 25.978725 | IL29: 24.21471 | IN29: (60-80] | IQ29: Məntiq olimpiadası | IR29: 0 | IS29: 0 | IT29: 0 | IU29: 0 | IV29: 0 | IZ29: 34.148054 | JD29: 34.102747 | JE29: 30.617799 | JF29: 33.75804 | JJ29: 29.121371 | JK29: 31.9113 | JL29: 29.825403 | JO29: 32.097069 | JP29: 33.241652 | JQ29: 32.751309 | JS29: (60-80] | JV29: Məntiq olimpiadası | JW29: 0 | JX29: 0 | JY29: 0 | JZ29: 0 | KA29: 0 | KE29: 25.612554 | KI29: 20.886724 | KJ29: 16.693362 | KK29: 21.339827 | KO29: 23.102453 | KP29: 23.462482 | KQ29: 24.33189 | KT29: 22.998557 | KU29: 22.708514 | KV29: 24.176768 | KW29: 10.59932 | KX29: (60-80] | LA29: Məntiq olimpiadası | LB29: 0 | LC29: 0 | LD29: 0 | LE29: 0 | LF29: 0 | LJ29: 38.875598 | LN29: 47.597254 | LO29: 42.334096 | LP29: 44.965675 | LT29: 34.343434 | LU29: 36.602871 | LV29: 37.626263 | LY29: 43.961353 | LZ29: 48.512586 | MA29: 43.249428 | MB29: 0 | MC29: (60-80] | MF29: Məntiq olimpiadası | MG29: 0 | MH29: 0 | MI29: 0 | MJ29: 0 | MK29: 0 | MO29: 33.662281 | MS29: 55.564693 | MT29: 30.637792 | MU29: 36.366959 | MY29: 42.269737 | MZ29: 27.984893 | NA29: 34.877558 | ND29: 52.686404 | NE29: 35.224781 | NF29: 40.780336 | NG29: 16.173246 | NH29: (60-80]
AH30: STEAM yarışları | AI30: 0 | AJ30: 0 | AK30: 0 | AL30: 0 | AM30: 0 | BJ30: (30-60] | BM30: STEAM yarışları | BN30: 0 | BO30: 0 | BP30: 0 | BQ30: 0 | BR30: 0 | BZ30: 35.964212 | CB30: 35.964212 | CF30: 34.911645 | CH30: 34.911645 | CK30: 36.703638 | CM30: 36.703638 | CO30: (30-60] | CR30: STEAM yarışları | CS30: 0 | CT30: 0 | CU30: 0 | CV30: 0 | CW30: 0 | DA30: 35.851829 | DE30: 54.051468 | DG30: 54.051468 | DK30: 49.138889 | DM30: 49.138889 | DP30: 54.025827 | DR30: 54.025827 | DT30: (30-60] | DW30: STEAM yarışları | DX30: 0 | DY30: 0 | DZ30: 0 | EA30: 0 | EB30: 0 | EF30: 37.454806 | EJ30: 49.508177 | EK30: 45.803283 | EL30: 45.52231 | EP30: 43.319578 | EQ30: 42.507701 | ER30: 42.412224 | EU30: 48.792689 | EV30: 44.220058 | EW30: 44.155123 | EY30: (30-60] | FB30: STEAM yarışları | FC30: 0 | FD30: 0 | FE30: 0 | FF30: 0 | FG30: 0 | FO30: 59.315629 | FP30: 60.490232 | FQ30: 58.388889 | FU30: 55.845543 | FV30: 59.868742 | FW30: 59.676435 | FZ30: 57.942613 | GA30: 62.142857 | GB30: 60.555556 | GD30: (30-60] | GG30: STEAM yarışları | GH30: 0 | GI30: 0 | GJ30: 0 | GK30: 0 | GL30: 0 | GP30: 31.837518 | GT30: 58.128569 | GU30: 47.64272 | GV30: 50.307746 | GZ30: 50.661155 | HA30: 44.344949 | HB30: 48.059235 | HE30: 58.737453 | HF30: 46.253033 | HG30: 49.659626 | HI30: (30-60] | HL30: STEAM yarışları | HM30: 0 | HN30: 0 | HO30: 0 | HP30: 0 | HQ30: 0 | HU30: 33.208035 | HY30: 53.547674 | HZ30: 47.836766 | IA30: 54.670481 | IE30: 58.05091 | IF30: 48.220789 | IG30: 52.855019 | IJ30: 59.07403 | IK30: 54.118092 | IL30: 57.118371 | IN30: (30-60] | IQ30: STEAM yarışları | IR30: 0 | IS30: 0 | IT30: 0 | IU30: 0 | IV30: 0 | IZ30: 38.303898 | JD30: 54.535952 | JE30: 45.408269 | JF30: 47.651455 | JJ30: 53.543939 | JK30: 41.320927 | JL30: 45.195548 | JO30: 55.442354 | JP30: 42.911599 | JQ30: 49.310628 | JS30: (30-60] | JV30: STEAM yarışları | JW30: 0 | JX30: 0 | JY30: 0 | JZ30: 0 | KA30: 0 | KE30: 47.629149 | KI30: 55.684704 | KJ30: 40.449495 | KK30: 50.318182 | KO30: 50.77417 | KP30: 45.505051 | KQ30: 45.544733 | KT30: 51.906205 | KU30: 45.378066 | KV30: 51.453102 | KW30: 31.101333 | KX30: (30-60] | LA30: STEAM yarışları | LB30: 0 | LC30: 0 | LD30: 0 | LE30: 0 | LF30: 0 | LJ30: 38.516746 | LN30: 34.439359 | LO30: 39.702517 | LP30: 37.070938 | LT30: 38.888889 | LU30: 38.157895 | LV30: 38.888889 | LY30: 32.246377 | LZ30: 38.787185 | MA30: 36.613272 | MB30: 0 | MC30: (30-60] | MF30: STEAM yarışları | MG30: 0 | MH30: 0 | MI30: 0 | MJ30: 0 | MK30: 0 | MO30: 15.451389 | MS30: 15.451389 | MT30: 19.718567 | MU30: 17.013889 | MY30: 8.2602339 | MZ30: 5.4580897 | NA30: 8.2602339 | ND30: 9.6491228 | NE30: 15.204678 | NF30: 9.6491228 | NG30: 46.244518 | NH30: (30-60]
AH31: Digər milli və beynəlxalq olimpiada, yarış və müsabiqələr | AI31: 0 | AJ31: 0 | AK31: 0 | AL31: 0 | AM31: 0 | BJ31: [0-30] | BM31: Digər milli və beynəlxalq olimpiada, yarış və müsabiqələr | BN31: 0 | BO31: 0 | BP31: 0 | BQ31: 0 | BR31: 0 | BZ31: 0 | CB31: 0 | CF31: 0 | CH31: 0 | CK31: 0 | CM31: 0 | CO31: [0-30] | CR31: Digər milli və beynəlxalq olimpiada, yarış və müsabiqələr | CS31: 0 | CT31: 0 | CU31: 0 | CV31: 0 | CW31: 0 | DA31: 0 | DE31: 0 | DG31: 0 | DK31: 0 | DM31: 0 | DP31: 0 | DR31: 0 | DT31: [0-30] | DW31: Digər milli və beynəlxalq olimpiada, yarış və müsabiqələr | DX31: 0 | DY31: 0 | DZ31: 0 | EA31: 0 | EB31: 0 | EF31: 0 | EJ31: 0 | EK31: 0 | EL31: 0 | EP31: 0 | EQ31: 0 | ER31: 0 | EU31: 0 | EV31: 0 | EW31: 0 | EY31: [0-30] | FB31: Digər milli və beynəlxalq olimpiada, yarış və müsabiqələr | FC31: 0 | FD31: 0 | FE31: 0 | FF31: 0 | FG31: 0 | FO31: 1.6666667 | FP31: 3 | FQ31: 3 | FU31: 4.7680098 | FV31: 1.9230769 | FW31: 2.7564103 | FZ31: 2.3076923 | GA31: 3.5897436 | GB31: 3.5897436 | GD31: [0-30] | GG31: Digər milli və beynəlxalq olimpiada, yarış və müsabiqələr | GH31: 0 | GI31: 0 | GJ31: 0 | GK31: 0 | GL31: 0 | GP31: 0 | GT31: 3.2794121 | GU31: 1.2704687 | GV31: 1.2704687 | GZ31: 0 | HA31: 0.71428571 | HB31: 0.71428571 | HE31: 0.5952381 | HF31: 1.3095238 | HG31: 1.3095238 | HI31: [0-30] | HL31: Digər milli və beynəlxalq olimpiada, yarış və müsabiqələr | HM31: 0 | HN31: 0 | HO31: 0 | HP31: 0 | HQ31: 0 | HU31: 0 | HY31: 4.6018307 | HZ31: 1.3913043 | IA31: 0.72463768 | IE31: 1.4346764 | IF31: 2.1153846 | IG31: 1.2820513 | IJ31: 1.3656633 | IK31: 2.006689 | IL31: 2.006689 | IN31: [0-30] | IQ31: Digər milli və beynəlxalq olimpiada, yarış və müsabiqələr | IR31: 0 | IS31: 0 | IT31: 0 | IU31: 0 | IV31: 0 | IZ31: 0 | JD31: 2.8231293 | JE31: 0 | JF31: 0.71428571 | JJ31: 0.71428571 | JK31: 0 | JL31: 0 | JO31: 0.71428571 | JP31: 0 | JQ31: 0 | JS31: [0-30] | JV31: Digər milli və beynəlxalq olimpiada, yarış və müsabiqələr | JW31: 0 | JX31: 0 | JY31: 0 | JZ31: 0 | KA31: 0 | KE31: 0 | KI31: 0 | KJ31: 16.582251 | KK31: 5.5194805 | KO31: 0 | KP31: 0 | KQ31: 0 | KT31: 0 | KU31: 5.6385281 | KV31: 0.79365079 | KW31: 50.53486 | KX31: [0-30] | LA31: Digər milli və beynəlxalq olimpiada, yarış və müsabiqələr | LB31: 0 | LC31: 0 | LD31: 0 | LE31: 0 | LF31: 0 | LJ31: 0 | LN31: 0 | LO31: 0 | LP31: 0 | LT31: 0 | LU31: 0 | LV31: 0 | LY31: 0 | LZ31: 0 | MA31: 0 | MB31: 100 | MC31: [0-30] | MF31: Digər milli və beynəlxalq olimpiada, yarış və müsabiqələr | MG31: 0 | MH31: 0 | MI31: 0 | MJ31: 0 | MK31: 0 | MO31: 0 | MS31: 0 | MT31: 0 | MU31: 0 | MY31: 0 | MZ31: 0 | NA31: 0 | ND31: 0 | NE31: 0 | NF31: 0 | NG31: 31.999269 | NH31: [0-30]
AG32: 105 | AH32: İkinci xarici dil | AI32: 0 | AJ32: 0 | AK32: 12 | AL32: 10 | AM32: 22 | BJ32: Ümumi | BL32: 105 | BM32: İkinci xarici dil | BN32: 0 | BO32: 0 | BP32: 75 | BQ32: 53 | BR32: 128 | CO32: Ümumi | CQ32: 105 | CR32: İkinci xarici dil | CS32: 0 | CT32: 0 | CU32: 89 | CV32: 61 | CW32: 150 | DT32: Ümumi | DV32: 105 | DW32: İkinci xarici dil | DX32: 0 | DY32: 0 | DZ32: 52 | EA32: 41 | EB32: 93 | EY32: Ümumi | FA32: 105 | FB32: İkinci xarici dil | FC32: 103.35 | FD32: 0 | FE32: 84 | FF32: 50 | FG32: 134 | FK32: 63.992083 | FO32: 63.659491 | FP32: 66 | FQ32: 63.66584 | FU32: 66.250468 | FW32: 66.250468 | FZ32: 64.77501 | GA32: 66 | GB32: 64.669455 | GD32: Ümumi | GF32: 105 | GG32: İkinci xarici dil | GH32: 138.34 | GI32: 0 | GJ32: 67 | GK32: 67 | GL32: 134 | GP32: 72.506374 | GT32: 67.708265 | GV32: 67.708265 | GZ32: 66.692917 | HB32: 66.692917 | HE32: 67.198582 | HG32: 67.198582 | HI32: Ümumi | HK32: 105 | HL32: İkinci xarici dil | HM32: 69.35 | HN32: 0 | HO32: 80 | HP32: 52 | HQ32: 132 | HU32: 72.021934 | HY32: 62.036007 | IA32: 62.036007 | IE32: 62.347411 | IG32: 62.347411 | IJ32: 61.78402 | IL32: 61.78402 | IN32: Ümumi | IP32: 105 | IQ32: İkinci xarici dil | IR32: 102.34 | IS32: 0 | IT32: 80 | IU32: 65 | IV32: 145 | IZ32: 66.564714 | JD32: 67.96971 | JF32: 68.055425 | JJ32: 66.854916 | JL32: 66.854916 | JO32: 67.460249 | JQ32: 67.460249 | JS32: Ümumi | JU32: 105 | JV32: İkinci xarici dil | JW32: 104.5 | JX32: 0 | JY32: 54 | JZ32: 53 | KA32: 107 | KE32: 69.503932 | KI32: 64.496058 | KJ32: 65.828074 | KK32: 65.312886 | KO32: 66.4857 | KP32: 73.860361 | KQ32: 70.910496 | KT32: 65.563829 | KU32: 69.844217 | KV32: 68.155276 | KX32: Ümumi | KZ32: 105 | LA32: İkinci xarici dil | LB32: 68 | LC32: 0 | LD32: 49 | LE32: 37 | LF32: 86 | LJ32: 69.654545 | LN32: 64.120153 | LO32: 64.945455 | LP32: 60.388562 | LT32: 56.416667 | LU32: 60.47619 | LV32: 53.959524 | LY32: 65.23386 | LZ32: 67.331169 | MA32: 61.805722 | MB32: 5 | MC32: Ümumi | ME32: 105 | MF32: İkinci xarici dil | MG32: 136 | MH32: 0 | MI32: 21 | MJ32: 32 | MK32: 53 | MO32: 75.482338 | MS32: 77.449561 | MT32: 78.483279 | MU32: 78.069792 | MY32: 78.020407 | MZ32: 79.710709 | NA32: 79.034588 | ND32: 77.734984 | NE32: 79.096994 | NF32: 78.55219 | NH32: Ümumi
AH33: Fənn olimpiadaları | AI33: 0 | AJ33: 0 | AK33: 0 | AL33: 0 | AM33: 0 | AN33: 0 | AO33: 0 | AP33: 0 | BJ33: Oğlanlar | BM33: Fənn olimpiadaları | BN33: 0 | BO33: 0 | BP33: 0 | BQ33: 0 | BR33: 0 | BS33: 0 | BT33: 0 | BU33: 0 | CO33: Oğlanlar | CR33: Fənn olimpiadaları | CS33: 0 | CT33: 0 | CU33: 0 | CV33: 0 | CW33: 0 | CX33: 0 | CY33: 0 | CZ33: 0 | DA33: 0 | DB33: 0 | DC33: 0 | DD33: 0 | DE33: 0 | DF33: 0 | DG33: 0 | DH33: 0 | DI33: 0 | DJ33: 0 | DK33: 0 | DL33: 0 | DM33: 0 | DN33: 0 | DO33: 0 | DP33: 0 | DQ33: 0 | DR33: 0 | DS33: 0 | DT33: Oğlanlar | DW33: Fənn olimpiadaları | DX33: 0 | DY33: 0 | DZ33: 0 | EA33: 0 | EB33: 0 | EC33: 0 | ED33: 0 | EE33: 0 | EY33: Oğlanlar | FB33: Fənn olimpiadaları | FC33: 0 | FD33: 0 | FE33: 0 | FF33: 0 | FG33: 0 | FH33: 110 | FI33: 117 | FJ33: 227 | FK33: 58.836659 | FL33: 0 | FM33: 0 | FN33: 0 | FO33: 62.761925 | FP33: 10.77381 | FQ33: 62.766687 | FR33: 0 | FS33: 0 | FT33: 0 | FU33: 65.488501 | FV33: 0 | FW33: 65.488501 | FX33: 0 | FY33: 0 | FZ33: 64.618701 | GA33: 10.77381 | GB33: 64.423463 | GC33: 0 | GD33: Oğlanlar | GG33: Fənn olimpiadaları | GH33: 0 | GI33: 0 | GJ33: 0 | GK33: 0 | GL33: 0 | GM33: 64 | GN33: 85 | GO33: 149 | HI33: Oğlanlar | HL33: Fənn olimpiadaları | HM33: 0 | HN33: 0 | HO33: 0 | HP33: 0 | HQ33: 0 | HR33: 113 | HS33: 75 | HT33: 188 | HU33: 59.307853 | HV33: 0 | HW33: 0 | HX33: 0 | HY33: 61.299084 | HZ33: 0 | IA33: 61.299084 | IB33: 0 | IC33: 0 | ID33: 0 | IE33: 60.556671 | IF33: 0 | IG33: 60.556671 | IH33: 0 | II33: 0 | IJ33: 61.576394 | IK33: 0 | IL33: 61.576394 | IM33: 0 | IN33: Oğlanlar | IQ33: Fənn olimpiadaları | IR33: 0 | IS33: 0 | IT33: 0 | IU33: 0 | IV33: 0 | IW33: 108 | IX33: 95 | IY33: 203 | IZ33: 61.684395 | JA33: 0 | JB33: 0 | JC33: 0 | JD33: 63.397265 | JE33: 0 | JF33: 63.540123 | JG33: 0 | JH33: 0 | JI33: 0 | JJ33: 59.227162 | JK33: 0 | JL33: 59.227162 | JM33: 0 | JN33: 0 | JO33: 63.965043 | JP33: 0 | JQ33: 63.965043 | JR33: 0 | JS33: Oğlanlar | JV33: Fənn olimpiadaları | JW33: 0 | JX33: 0 | JY33: 0 | JZ33: 0 | KA33: 0 | KB33: 24 | KC33: 12 | KD33: 36 | KX33: Oğlanlar | LA33: Fənn olimpiadaları | LB33: 0 | LC33: 0 | LD33: 0 | LE33: 0 | LF33: 0 | LG33: 12 | LH33: 9 | LI33: 21 | LJ33: 49.147129 | LK33: 0 | LL33: 0 | LM33: 0 | LN33: 45.850478 | LO33: 31.772727 | LP33: 43.845933 | LQ33: 0 | LR33: 0 | LS33: 0 | LT33: 27.112839 | LU33: 13.75 | LV33: 25.108293 | LW33: 0 | LX33: 0 | LY33: 46.736294 | LZ33: 32.147727 | MA33: 44.36868 | MB33: 0.065789474 | MC33: Oğlanlar | MF33: Fənn olimpiadaları | MG33: 0 | MH33: 0 | MI33: 0 | MJ33: 0 | MK33: 0 | ML33: 6 | MM33: 5 | MN33: 11 | NH33: Oğlanlar
AH34: Fənn müsabiqələri | AI34: 0 | AJ34: 0 | AK34: 0 | AL34: 0 | AM34: 0 | BJ34: Qızlar | BM34: Fənn müsabiqələri | BN34: 0 | BO34: 0 | BP34: 0 | BQ34: 0 | BR34: 0 | CO34: Qızlar | CR34: Fənn müsabiqələri | CS34: 0 | CT34: 0 | CU34: 0 | CV34: 0 | CW34: 0 | DA34: 0 | DB34: 0 | DC34: 0 | DD34: 0 | DE34: 0 | DF34: 0 | DG34: 0 | DH34: 0 | DI34: 0 | DJ34: 0 | DK34: 0 | DL34: 0 | DM34: 0 | DN34: 0 | DO34: 0 | DP34: 0 | DQ34: 0 | DR34: 0 | DS34: 0 | DT34: Qızlar | DW34: Fənn müsabiqələri | DX34: 0 | DY34: 0 | DZ34: 0 | EA34: 0 | EB34: 0 | EY34: Qızlar | FB34: Fənn müsabiqələri | FC34: 0 | FD34: 0 | FE34: 0 | FF34: 0 | FG34: 0 | FK34: 58.54243 | FL34: 0 | FM34: 0 | FN34: 0 | FO34: 64.153541 | FP34: 11.452381 | FQ34: 64.163065 | FR34: 0 | FS34: 0 | FT34: 0 | FU34: 65.880301 | FV34: 0 | FW34: 65.880301 | FX34: 0 | FY34: 0 | FZ34: 65.016921 | GA34: 11.452381 | GB34: 65.090731 | GC34: 0 | GD34: Qızlar | GG34: Fənn müsabiqələri | GH34: 0 | GI34: 0 | GJ34: 0 | GK34: 0 | GL34: 0 | HI34: Qızlar | HL34: Fənn müsabiqələri | HM34: 0 | HN34: 0 | HO34: 0 | HP34: 0 | HQ34: 0 | HU34: 55.758333 | HV34: 0 | HW34: 0 | HX34: 0 | HY34: 61.073413 | HZ34: 0 | IA34: 61.073413 | IB34: 0 | IC34: 0 | ID34: 0 | IE34: 61.611905 | IF34: 0 | IG34: 61.611905 | IH34: 0 | II34: 0 | IJ34: 63.143849 | IK34: 0 | IL34: 63.143849 | IM34: 0 | IN34: Qızlar | IQ34: Fənn müsabiqələri | IR34: 0 | IS34: 0 | IT34: 0 | IU34: 0 | IV34: 0 | IZ34: 71.28748 | JA34: 0 | JB34: 0 | JC34: 0 | JD34: 74.395493 | JE34: 0 | JF34: 74.395493 | JG34: 0 | JH34: 0 | JI34: 0 | JJ34: 66.937964 | JK34: 0 | JL34: 66.937964 | JM34: 0 | JN34: 0 | JO34: 72.922681 | JP34: 0 | JQ34: 72.922681 | JR34: 0 | JS34: Qızlar | JV34: Fənn müsabiqələri | JW34: 0 | JX34: 0 | JY34: 0 | JZ34: 0 | KA34: 0 | KX34: Qızlar | LA34: Fənn müsabiqələri | LB34: 0 | LC34: 0 | LD34: 0 | LE34: 0 | LF34: 0 | LJ34: 55.635227 | LK34: 0 | LL34: 0 | LM34: 0 | LN34: 49.626894 | LO34: 31.872727 | LP34: 46.161894 | LQ34: 0 | LR34: 0 | LS34: 0 | LT34: 30.375 | LU34: 16.625 | LV34: 30 | LW34: 0 | LX34: 0 | LY34: 52.365436 | LZ34: 35.260227 | MA34: 49.633561 | MB34: 0 | MC34: Qızlar | MF34: Fənn müsabiqələri | MG34: 0 | MH34: 0 | MI34: 0 | MJ34: 0 | MK34: 0 | NH34: Qızlar
AH35: Təqdimat Müsabiqələri | AI35: 0 | AJ35: 0 | AK35: 0 | AL35: 0 | AM35: 0 | BJ35: (80-100] | BM35: Təqdimat Müsabiqələri | BN35: 0 | BO35: 0 | BP35: 0 | BQ35: 0 | BR35: 0 | CO35: (80-100] | CR35: Təqdimat Müsabiqələri | CS35: 0 | CT35: 0 | CU35: 0 | CV35: 0 | CW35: 0 | DT35: (80-100] | DW35: Təqdimat Müsabiqələri | DX35: 0 | DY35: 0 | DZ35: 0 | EA35: 0 | EB35: 0 | EY35: (80-100] | FB35: Təqdimat Müsabiqələri | FC35: 0 | FD35: 0 | FE35: 0 | FF35: 0 | FG35: 0 | FK35: 21.513889 | FO35: 25.126374 | FP35: 33.333333 | FQ35: 25.126374 | FU35: 30.42735 | FW35: 30.42735 | FZ35: 27.087912 | GA35: 33.333333 | GB35: 27.087912 | GD35: (80-100] | GG35: Təqdimat Müsabiqələri | GH35: 0 | GI35: 0 | GJ35: 0 | GK35: 0 | GL35: 0 | GP35: 41.776893 | GT35: 36.142512 | GV35: 36.142512 | GZ35: 28.281923 | HB35: 28.281923 | HE35: 33.245326 | HG35: 33.245326 | HI35: (80-100] | HL35: Təqdimat Müsabiqələri | HM35: 0 | HN35: 0 | HO35: 0 | HP35: 0 | HQ35: 0 | HU35: 41.61673 | HY35: 20.759598 | IA35: 20.759598 | IE35: 22.123746 | IG35: 22.123746 | IJ35: 19.215507 | IL35: 19.215507 | IN35: (80-100] | IQ35: Təqdimat Müsabiqələri | IR35: 0 | IS35: 0 | IT35: 0 | IU35: 0 | IV35: 0 | IZ35: 27.906931 | JD35: 33.696171 | JF35: 33.696171 | JJ35: 29.8046 | JL35: 29.8046 | JO35: 29.819736 | JQ35: 29.819736 | JS35: (80-100] | JV35: Təqdimat Müsabiqələri | JW35: 0 | JX35: 0 | JY35: 0 | JZ35: 0 | KA35: 0 | KE35: 33.559885 | KI35: 23.246753 | KJ35: 24.674603 | KK35: 24.591631 | KO35: 29.464646 | KP35: 40.631313 | KQ35: 38.388889 | KT35: 25.47619 | KU35: 33.595238 | KV35: 32.448052 | KX35: (80-100] | LA35: Təqdimat Müsabiqələri | LB35: 0 | LC35: 0 | LD35: 0 | LE35: 0 | LF35: 0 | LJ35: 29.545455 | LN35: 29.393939 | LO35: 27.727273 | LP35: 23.030303 | LT35: 19.047619 | LU35: 23.809524 | LV35: 11.904762 | LY35: 32.251082 | LZ35: 27.489177 | MA35: 24.458874 | MB35: 0 | MC35: (80-100] | MF35: Təqdimat Müsabiqələri | MG35: 0 | MH35: 0 | MI35: 0 | MJ35: 0 | MK35: 0 | MO35: 51.869948 | MS35: 49.64364 | MT35: 48.647661 | MU35: 48.574561 | MY35: 52.595029 | MZ35: 56.862208 | NA35: 55.473319 | ND35: 53.837719 | NE35: 49.890351 | NF35: 49.890351 | NH35: (80-100]
AH36: Məntiq olimpiadası | AI36: 0 | AJ36: 0 | AK36: 0 | AL36: 0 | AM36: 0 | BJ36: (60-80] | BM36: Məntiq olimpiadası | BN36: 0 | BO36: 0 | BP36: 0 | BQ36: 0 | BR36: 0 | CO36: (60-80] | CR36: Məntiq olimpiadası | CS36: 0 | CT36: 0 | CU36: 0 | CV36: 0 | CW36: 0 | DT36: (60-80] | DW36: Məntiq olimpiadası | DX36: 0 | DY36: 0 | DZ36: 0 | EA36: 0 | EB36: 0 | EY36: (60-80] | FB36: Məntiq olimpiadası | FC36: 0 | FD36: 0 | FE36: 0 | FF36: 0 | FG36: 0 | FK36: 36.759259 | FO36: 28.372405 | FP36: 23.809524 | FQ36: 28.372405 | FU36: 29.401709 | FW36: 29.401709 | FZ36: 31.471306 | GA36: 23.809524 | GB36: 30.677656 | GD36: (60-80] | GG36: Məntiq olimpiadası | GH36: 0 | GI36: 0 | GJ36: 0 | GK36: 0 | GL36: 0 | GP36: 33.087515 | GT36: 24.802299 | GV36: 24.802299 | GZ36: 35.852249 | HB36: 35.852249 | HE36: 30.674445 | HG36: 30.674445 | HI36: (60-80] | HL36: Məntiq olimpiadası | HM36: 0 | HN36: 0 | HO36: 0 | HP36: 0 | HQ36: 0 | HU36: 32.53313 | HY36: 32.74822 | IA36: 32.74822 | IE36: 26.969926 | IG36: 26.969926 | IJ36: 30.231858 | IL36: 30.231858 | IN36: (60-80] | IQ36: Məntiq olimpiadası | IR36: 0 | IS36: 0 | IT36: 0 | IU36: 0 | IV36: 0 | IZ36: 41.032161 | JD36: 30.02682 | JF36: 30.02682 | JJ36: 34.748581 | JL36: 34.748581 | JO36: 35.859397 | JQ36: 35.859397 | JS36: (60-80] | JV36: Məntiq olimpiadası | JW36: 0 | JX36: 0 | JY36: 0 | JZ36: 0 | KA36: 0 | KE36: 35.874459 | KI36: 32.425685 | KJ36: 35.474026 | KK36: 35.683261 | KO36: 30.362193 | KP36: 31.080087 | KQ36: 31.195527 | KT36: 32.493506 | KU36: 31.195527 | KV36: 30.287157 | KX36: (60-80] | LA36: Məntiq olimpiadası | LB36: 0 | LC36: 0 | LD36: 0 | LE36: 0 | LF36: 0 | LJ36: 42.424242 | LN36: 22.055336 | LO36: 40 | LP36: 23.570487 | LT36: 18.939394 | LU36: 33.333333 | LV36: 18.939394 | LY36: 19.991844 | LZ36: 41.666667 | MA36: 24.681599 | MB36: 0 | MC36: (60-80] | MF36: Məntiq olimpiadası | MG36: 0 | MH36: 0 | MI36: 0 | MJ36: 0 | MK36: 0 | MO36: 33.750967 | MS36: 37.929459 | MT36: 45.796784 | MU36: 45.869883 | MY36: 43.238304 | MZ36: 41.748904 | NA36: 43.137792 | ND36: 41.995614 | NE36: 48.72076 | NF36: 47.331871 | NH36: (60-80]
AH37: STEAM yarışları | AI37: 0 | AJ37: 0 | AK37: 0 | AL37: 0 | AM37: 0 | BJ37: (30-60] | BM37: STEAM yarışları | BN37: 0 | BO37: 0 | BP37: 0 | BQ37: 0 | BR37: 0 | CO37: (30-60] | CR37: STEAM yarışları | CS37: 0 | CT37: 0 | CU37: 0 | CV37: 0 | CW37: 0 | DT37: (30-60] | DW37: STEAM yarışları | DX37: 0 | DY37: 0 | DZ37: 0 | EA37: 0 | EB37: 0 | EY37: (30-60] | FB37: STEAM yarışları | FC37: 0 | FD37: 0 | FE37: 0 | FF37: 0 | FG37: 0 | FK37: 41.726852 | FO37: 45.667888 | FP37: 42.857143 | FQ37: 45.667888 | FU37: 40.17094 | FW37: 40.17094 | FZ37: 41.440781 | GA37: 42.857143 | GB37: 42.234432 | GD37: (30-60] | GG37: STEAM yarışları | GH37: 0 | GI37: 0 | GJ37: 0 | GK37: 0 | GL37: 0 | GP37: 25.135592 | GT37: 37.242002 | GV37: 37.242002 | GZ37: 34.437256 | HB37: 34.437256 | HE37: 36.080229 | HG37: 36.080229 | HI37: (30-60] | HL37: STEAM yarışları | HM37: 0 | HN37: 0 | HO37: 0 | HP37: 0 | HQ37: 0 | HU37: 25.85014 | HY37: 45.767544 | IA37: 45.767544 | IE37: 50.906328 | IG37: 50.906328 | IJ37: 49.827998 | IL37: 49.827998 | IN37: (30-60] | IQ37: STEAM yarışları | IR37: 0 | IS37: 0 | IT37: 0 | IU37: 0 | IV37: 0 | IZ37: 31.060908 | JD37: 33.447207 | JF37: 34.161493 | JJ37: 34.694939 | JL37: 34.694939 | JO37: 32.854702 | JQ37: 32.854702 | JS37: (30-60] | JV37: STEAM yarışları | JW37: 0 | JX37: 0 | JY37: 0 | JZ37: 0 | KA37: 0 | KE37: 30.565657 | KI37: 44.327561 | KJ37: 38.184704 | KK37: 39.725108 | KO37: 39.339827 | KP37: 28.2886 | KQ37: 30.415584 | KT37: 42.030303 | KU37: 35.209235 | KV37: 37.264791 | KX37: (30-60] | LA37: STEAM yarışları | LB37: 0 | LC37: 0 | LD37: 0 | LE37: 0 | LF37: 0 | LJ37: 28.030303 | LN37: 48.550725 | LO37: 32.272727 | LP37: 53.399209 | LT37: 62.012987 | LU37: 42.857143 | LV37: 69.155844 | LY37: 47.757074 | LZ37: 30.844156 | MA37: 50.859527 | MB37: 0 | MC37: (30-60] | MF37: STEAM yarışları | MG37: 0 | MH37: 0 | MI37: 0 | MJ37: 0 | MK37: 0 | MO37: 14.379085 | MS37: 12.426901 | MT37: 5.5555556 | MU37: 5.5555556 | MY37: 4.1666667 | MZ37: 1.3888889 | NA37: 1.3888889 | ND37: 4.1666667 | NE37: 1.3888889 | NF37: 2.7777778 | NH37: (30-60]
AH38: Digər milli və beynəlxalq olimpiada, yarış və müsabiqələr | AI38: 0 | AJ38: 0 | AK38: 0 | AL38: 0 | AM38: 0 | BJ38: [0-30] | BM38: Digər milli və beynəlxalq olimpiada, yarış və müsabiqələr | BN38: 0 | BO38: 0 | BP38: 0 | BQ38: 0 | BR38: 0 | CO38: [0-30] | CR38: Digər milli və beynəlxalq olimpiada, yarış və müsabiqələr | CS38: 0 | CT38: 0 | CU38: 0 | CV38: 0 | CW38: 0 | DT38: [0-30] | DW38: Digər milli və beynəlxalq olimpiada, yarış və müsabiqələr | DX38: 0 | DY38: 0 | DZ38: 0 | EA38: 0 | EB38: 0 | EY38: [0-30] | FB38: Digər milli və beynəlxalq olimpiada, yarış və müsabiqələr | FC38: 0 | FD38: 0 | FE38: 0 | FF38: 0 | FG38: 0 | FK38: 0 | FO38: 0.83333333 | FP38: 0 | FQ38: 0.83333333 | FU38: 0 | FW38: 0 | FZ38: 0 | GA38: 0 | GB38: 0 | GD38: [0-30] | GG38: Digər milli və beynəlxalq olimpiada, yarış və müsabiqələr | GH38: 0 | GI38: 0 | GJ38: 0 | GK38: 0 | GL38: 0 | GP38: 0 | GT38: 1.8131868 | GV38: 1.8131868 | GZ38: 1.4285714 | HB38: 1.4285714 | HE38: 0 | HG38: 0 | HI38: [0-30] | HL38: Digər milli və beynəlxalq olimpiada, yarış və müsabiqələr | HM38: 0 | HN38: 0 | HO38: 0 | HP38: 0 | HQ38: 0 | HU38: 0 | HY38: 0.72463768 | IA38: 0.72463768 | IE38: 0 | IG38: 0 | IJ38: 0.72463768 | IL38: 0.72463768 | IN38: [0-30] | IQ38: Digər milli və beynəlxalq olimpiada, yarış və müsabiqələr | IR38: 0 | IS38: 0 | IT38: 0 | IU38: 0 | IV38: 0 | IZ38: 0 | JD38: 2.8298018 | JF38: 2.1155161 | JJ38: 0.7518797 | JL38: 0.7518797 | JO38: 1.4661654 | JQ38: 1.4661654 | JS38: [0-30] | JV38: Digər milli və beynəlxalq olimpiada, yarış və müsabiqələr | JW38: 0 | JX38: 0 | JY38: 0 | JZ38: 0 | KA38: 0 | KE38: 0 | KI38: 0 | KJ38: 1.6666667 | KK38: 0 | KO38: 0.83333333 | KP38: 0 | KQ38: 0 | KT38: 0 | KU38: 0 | KV38: 0 | KX38: [0-30] | LA38: Digər milli və beynəlxalq olimpiada, yarış və müsabiqələr | LB38: 0 | LC38: 0 | LD38: 0 | LE38: 0 | LF38: 0 | LJ38: 0 | LN38: 0 | LO38: 0 | LP38: 0 | LT38: 0 | LU38: 0 | LV38: 0 | LY38: 0 | LZ38: 0 | MA38: 0 | MB38: 100 | MC38: [0-30] | MF38: Digər milli və beynəlxalq olimpiada, yarış və müsabiqələr | MG38: 0 | MH38: 0 | MI38: 0 | MJ38: 0 | MK38: 0 | MO38: 0 | MS38: 0 | MT38: 0 | MU38: 0 | MY38: 0 | MZ38: 0 | NA38: 0 | ND38: 0 | NE38: 0 | NF38: 0 | NH38: [0-30]
AG39: 106 | AH39: Riyaziyyat | AI39: 850 | AJ39: 0 | AK39: 12 | AL39: 10 | AM39: 22 | BJ39: Ümumi | BL39: 106 | BM39: Riyaziyyat | BN39: 1195 | BO39: 0 | BP39: 75 | BQ39: 53 | BR39: 128 | BZ39: 71.761816 | CB39: 71.761816 | CF39: 77.894431 | CH39: 77.894431 | CK39: 74.175394 | CM39: 74.175394 | CO39: Ümumi | CQ39: 106 | CR39: Riyaziyyat | CS39: 850 | CT39: 0 | CU39: 89 | CV39: 61 | CW39: 150 | DA39: 71.582071 | DB39: 67.371795 | DE39: 71.80398 | DG39: 71.80398 | DK39: 73.659148 | DM39: 73.659148 | DN39: 67.371795 | DP39: 72.488348 | DR39: 72.488348 | DT39: Ümumi | DV39: 106 | DW39: Riyaziyyat | DX39: 1025 | DY39: 0 | DZ39: 52 | EA39: 41 | EB39: 93 | EF39: 69.935663 | EJ39: 66.137324 | EK39: 67.836791 | EL39: 66.663771 | EP39: 69.969987 | EQ39: 69.927851 | ER39: 69.540023 | EU39: 67.914617 | EV39: 68.626753 | EW39: 68.254549 | EY39: Ümumi | FA39: 106 | FB39: Riyaziyyat | FC39: 1035 | FD39: 0 | FE39: 84 | FF39: 50 | FG39: 134 | FH39: 1.5766068 | FI39: 2.7258514 | FJ39: 1.8834095 | FK39: 68.836456 | FO39: 59.818834 | FP39: 57.403364 | FQ39: 58.369552 | FU39: 62.859978 | FV39: 60.777159 | FW39: 61.610287 | FZ39: 61.232168 | GA39: 59.080281 | GB39: 59.941036 | GD39: Ümumi | GF39: 106 | GG39: Riyaziyyat | GH39: 1035 | GI39: 0 | GJ39: 67 | GK39: 67 | GL39: 134 | GP39: 74.756712 | GT39: 60.029198 | GU39: 61.30514 | GV39: 60.794763 | GZ39: 61.696126 | HA39: 62.968477 | HB39: 62.524231 | HE39: 60.683391 | HF39: 61.891152 | HG39: 61.408048 | HI39: Ümumi | HK39: 106 | HL39: Riyaziyyat | HM39: 793 | HN39: 0 | HO39: 80 | HP39: 52 | HQ39: 132 | HU39: 69.289628 | HY39: 55.097654 | HZ39: 54.240407 | IA39: 54.47021 | IE39: 54.771571 | IF39: 55.012863 | IG39: 54.916346 | IJ39: 54.466405 | IK39: 54.115812 | IL39: 54.129242 | IN39: Ümumi | IP39: 106 | IQ39: Riyaziyyat | IR39: 1190 | IS39: 0 | IT39: 80 | IU39: 65 | IV39: 145 | IW39: 0.39538892 | IX39: 0.27310924 | IY39: 0.35915236 | IZ39: 67.851619 | JD39: 60.655071 | JE39: 136.29837 | JF39: 98.09226 | JJ39: 62.306813 | JK39: 62.044186 | JL39: 62.193764 | JO39: 61.486964 | JP39: 92.954782 | JQ39: 80.367655 | JS39: Ümumi | JU39: 106 | JV39: Riyaziyyat | JW39: 862.5 | JX39: 0 | JY39: 54 | JZ39: 53 | KA39: 107 | KE39: 61.679784 | KI39: 56.820665 | KJ39: 53.991032 | KK39: 55.057409 | KO39: 60.022177 | KP39: 62.222173 | KQ39: 62.131862 | KT39: 58.421421 | KU39: 58.650588 | KV39: 58.535112 | KW39: 32.660151 | KX39: Ümumi | KZ39: 106 | LA39: Riyaziyyat | LB39: 792 | LC39: 0 | LD39: 48 | LE39: 37 | LF39: 85 | LG39: 0.16447727 | LH39: 0.13436625 | LI39: 0.16018507 | LJ39: 64.04695 | LN39: 59.619697 | LO39: 55.805998 | LP39: 57.381933 | LT39: 61.786257 | LU39: 62.325074 | LV39: 62.327404 | LY39: 60.559215 | LZ39: 59.112202 | MA39: 59.691008 | MC39: Ümumi | ME39: 106 | MF39: Riyaziyyat | MG39: 884 | MH39: 0 | MI39: 21 | MJ39: 32 | MK39: 53 | MO39: 71.011422 | MS39: 68.359868 | MT39: 74.163334 | MU39: 71.70636 | MY39: 70.407481 | MZ39: 75.531555 | NA39: 73.481925 | ND39: 69.852184 | NE39: 74.589824 | NF39: 72.559179 | NG39: 37.731908 | NH39: Ümumi
AH40: Fənn olimpiadaları | AI40: 0 | AJ40: 0 | AK40: 0 | AL40: 0 | AM40: 0 | AN40: 0 | AO40: 0 | AP40: 0 | BJ40: Oğlanlar | BM40: Fənn olimpiadaları | BN40: 0 | BO40: 0 | BP40: 0 | BQ40: 0 | BR40: 0 | BS40: 81 | BT40: 37 | BU40: 118 | CO40: Oğlanlar | CR40: Fənn olimpiadaları | CS40: 0 | CT40: 0 | CU40: 0 | CV40: 0 | CW40: 0 | CX40: 236 | CY40: 140 | CZ40: 376 | DA40: 66.493464 | DB40: 21.831232 | DC40: 0 | DD40: 0 | DE40: 69.098791 | DF40: 0 | DG40: 69.098791 | DH40: 0 | DI40: 0 | DJ40: 0 | DK40: 69.195736 | DL40: 0 | DM40: 69.195736 | DN40: 21.831232 | DO40: 0 | DP40: 70.522621 | DQ40: 0 | DR40: 70.522621 | DS40: 0 | DT40: Oğlanlar | DW40: Fənn olimpiadaları | DX40: 0 | DY40: 0 | DZ40: 0 | EA40: 0 | EB40: 0 | EC40: 74 | ED40: 60 | EE40: 134 | EY40: Oğlanlar | FB40: Fənn olimpiadaları | FC40: 0 | FD40: 0 | FE40: 0 | FF40: 0 | FG40: 0 | FH40: 233 | FI40: 190 | FJ40: 423 | FK40: 66.797496 | FL40: 0 | FM40: 0 | FN40: 0 | FO40: 58.19613 | FP40: 56.33637 | FQ40: 57.080274 | FR40: 0 | FS40: 0 | FT40: 0 | FU40: 60.34916 | FV40: 59.61868 | FW40: 59.910872 | FX40: 0 | FY40: 0 | FZ40: 59.921369 | GA40: 58.774574 | GB40: 59.233292 | GC40: 0 | GD40: Oğlanlar | GG40: Fənn olimpiadaları | GH40: 0 | GI40: 0 | GJ40: 0 | GK40: 0 | GL40: 0 | GM40: 82 | GN40: 89 | GO40: 171 | HI40: Oğlanlar | HL40: Fənn olimpiadaları | HM40: 0 | HN40: 0 | HO40: 0 | HP40: 0 | HQ40: 0 | HR40: 186 | HS40: 93 | HT40: 279 | HU40: 56.972057 | HV40: 0 | HW40: 0 | HX40: 0 | HY40: 53.018537 | HZ40: 54.654244 | IA40: 54.737462 | IB40: 0 | IC40: 0 | ID40: 0 | IE40: 53.893476 | IF40: 54.127841 | IG40: 54.034095 | IH40: 0 | II40: 0 | IJ40: 54.91918 | IK40: 54.916295 | IL40: 54.917449 | IM40: 0 | IN40: Oğlanlar | IQ40: Fənn olimpiadaları | IR40: 0 | IS40: 0 | IT40: 0 | IU40: 0 | IV40: 0 | IW40: 61 | IX40: 25 | IY40: 86 | IZ40: 64.31413 | JA40: 0 | JB40: 0 | JC40: 0 | JD40: 57.964804 | JE40: 169.35139 | JF40: 127.41818 | JG40: 0 | JH40: 0 | JI40: 0 | JJ40: 59.432634 | JK40: 58.619515 | JL40: 58.944763 | JM40: 0 | JN40: 0 | JO40: 59.133784 | JP40: 117.74736 | JQ40: 94.301928 | JR40: 0 | JS40: Oğlanlar | JV40: Fənn olimpiadaları | JW40: 0 | JX40: 0 | JY40: 0 | JZ40: 0 | KA40: 0 | KB40: 62 | KC40: 118 | KD40: 180 | KX40: Oğlanlar | LA40: Fənn olimpiadaları | LB40: 0 | LC40: 0 | LD40: 0 | LE40: 0 | LF40: 0 | LG40: 18 | LH40: 14 | LI40: 32 | LJ40: 60.980861 | LK40: 0 | LL40: 0 | LM40: 0 | LN40: 55.689274 | LO40: 54.104921 | LP40: 54.193208 | LQ40: 0 | LR40: 0 | LS40: 0 | LT40: 57.571053 | LU40: 59.29272 | LV40: 58.16769 | LW40: 0 | LX40: 0 | LY40: 57.848943 | LZ40: 56.929084 | MA40: 57.297028 | MB40: 0 | MC40: Oğlanlar | MF40: Fənn olimpiadaları | MG40: 0 | MH40: 0 | MI40: 0 | MJ40: 0 | MK40: 0 | ML40: 86 | MM40: 43 | MN40: 129 | NH40: Oğlanlar
AH41: Fənn müsabiqələri | AI41: 0 | AJ41: 0 | AK41: 0 | AL41: 0 | AM41: 0 | BJ41: Qızlar | BM41: Fənn müsabiqələri | BN41: 0 | BO41: 0 | BP41: 0 | BQ41: 0 | BR41: 0 | CO41: Qızlar | CR41: Fənn müsabiqələri | CS41: 0 | CT41: 0 | CU41: 0 | CV41: 0 | CW41: 0 | DA41: 72.425926 | DB41: 23.416667 | DC41: 0 | DD41: 0 | DE41: 73.28831 | DF41: 0 | DG41: 73.28831 | DH41: 0 | DI41: 0 | DJ41: 0 | DK41: 73.578009 | DL41: 0 | DM41: 73.578009 | DN41: 23.416667 | DO41: 0 | DP41: 74.164062 | DQ41: 0 | DR41: 74.164062 | DS41: 0 | DT41: Qızlar | DW41: Fənn müsabiqələri | DX41: 0 | DY41: 0 | DZ41: 0 | EA41: 0 | EB41: 0 | EY41: Qızlar | FB41: Fənn müsabiqələri | FC41: 0 | FD41: 0 | FE41: 0 | FF41: 0 | FG41: 0 | FK41: 66.307509 | FL41: 0 | FM41: 0 | FN41: 0 | FO41: 61.973138 | FP41: 58.977106 | FQ41: 60.175519 | FR41: 0 | FS41: 0 | FT41: 0 | FU41: 64.566707 | FV41: 60.378694 | FW41: 62.053899 | FX41: 0 | FY41: 0 | FZ41: 63.691219 | GA41: 60.108455 | GB41: 61.541561 | GC41: 0 | GD41: Qızlar | GG41: Fənn müsabiqələri | GH41: 0 | GI41: 0 | GJ41: 0 | GK41: 0 | GL41: 0 | HI41: Qızlar | HL41: Fənn müsabiqələri | HM41: 0 | HN41: 0 | HO41: 0 | HP41: 0 | HQ41: 0 | HU41: 53.419048 | HV41: 0 | HW41: 0 | HX41: 0 | HY41: 50.414881 | HZ41: 51.354762 | IA41: 51.965476 | IB41: 0 | IC41: 0 | ID41: 0 | IE41: 53.137649 | IF41: 52.852976 | IG41: 52.966845 | IH41: 0 | II41: 0 | IJ41: 54.490253 | IK41: 53.718452 | IL41: 54.027173 | IM41: 0 | IN41: Qızlar | IQ41: Fənn müsabiqələri | IR41: 0 | IS41: 0 | IT41: 0 | IU41: 0 | IV41: 0 | IZ41: 73.614089 | JA41: 0 | JB41: 0 | JC41: 0 | JD41: 65.035965 | JE41: 59.932575 | JF41: 66.094645 | JG41: 0 | JH41: 0 | JI41: 0 | JJ41: 64.745283 | JK41: 64.267622 | JL41: 64.953192 | JM41: 0 | JN41: 0 | JO41: 65.406951 | JP41: 66.762971 | JQ41: 66.220563 | JR41: 0 | JS41: Qızlar | JV41: Fənn müsabiqələri | JW41: 0 | JX41: 0 | JY41: 0 | JZ41: 0 | KA41: 0 | KX41: Qızlar | LA41: Fənn müsabiqələri | LB41: 0 | LC41: 0 | LD41: 0 | LE41: 0 | LF41: 0 | LJ41: 66.733333 | LK41: 0 | LL41: 0 | LM41: 0 | LN41: 63.273693 | LO41: 60.637879 | LP41: 60.587659 | LQ41: 0 | LR41: 0 | LS41: 0 | LT41: 64.21553 | LU41: 64.870833 | LV41: 64.608712 | LW41: 0 | LX41: 0 | LY41: 65.585521 | LZ41: 63.674811 | MA41: 64.439095 | MB41: 0 | MC41: Qızlar | MF41: Fənn müsabiqələri | MG41: 0 | MH41: 0 | MI41: 0 | MJ41: 0 | MK41: 0 | NH41: Qızlar
AH42: Təqdimat Müsabiqələri | AI42: 0 | AJ42: 0 | AK42: 0 | AL42: 0 | AM42: 0 | BJ42: (80-100] | BM42: Təqdimat Müsabiqələri | BN42: 0 | BO42: 0 | BP42: 0 | BQ42: 0 | BR42: 0 | BZ42: 40.196687 | CB42: 40.196687 | CF42: 53.19449 | CH42: 53.19449 | CK42: 48.15735 | CM42: 48.15735 | CO42: (80-100] | CR42: Təqdimat Müsabiqələri | CS42: 0 | CT42: 0 | CU42: 0 | CV42: 0 | CW42: 0 | DA42: 32.944833 | DB42: 16.025641 | DE42: 39.607674 | DG42: 39.607674 | DK42: 40.621212 | DM42: 40.621212 | DN42: 16.025641 | DP42: 38.181624 | DR42: 38.181624 | DT42: (80-100] | DW42: Təqdimat Müsabiqələri | DX42: 0 | DY42: 0 | DZ42: 0 | EA42: 0 | EB42: 0 | EF42: 35.773752 | EJ42: 28.350725 | EK42: 36.928799 | EL42: 32.986443 | EP42: 31.733706 | EQ42: 41.443003 | ER42: 38.604163 | EU42: 29.952381 | EV42: 37.699286 | EW42: 36.600289 | EY42: (80-100] | FB42: Təqdimat Müsabiqələri | FC42: 0 | FD42: 0 | FE42: 0 | FF42: 0 | FG42: 0 | FK42: 32.655597 | FO42: 17.578755 | FP42: 21.934066 | FQ42: 20.513431 | FU42: 23.280637 | FV42: 26.845158 | FW42: 23.167695 | FZ42: 18.168498 | GA42: 20.2442 | GB42: 20.2442 | GD42: (80-100] | GG42: Təqdimat Müsabiqələri | GH42: 0 | GI42: 0 | GJ42: 0 | GK42: 0 | GL42: 0 | GP42: 46.594291 | GT42: 15.2013 | GU42: 28.91626 | GV42: 22.471152 | GZ42: 26.045656 | HA42: 26.793929 | HB42: 24.023769 | HE42: 22.439109 | HF42: 26.716141 | HG42: 23.631725 | HI42: (80-100] | HL42: Təqdimat Müsabiqələri | HM42: 0 | HN42: 0 | HO42: 0 | HP42: 0 | HQ42: 0 | HU42: 31.072871 | HY42: 12.61251 | HZ42: 14.719235 | IA42: 15.443872 | IE42: 10.763657 | IF42: 16.705022 | IG42: 15.078038 | IJ42: 10.732601 | IK42: 15.572344 | IL42: 14.931319 | IN42: (80-100] | IQ42: Təqdimat Müsabiqələri | IR42: 0 | IS42: 0 | IT42: 0 | IU42: 0 | IV42: 0 | IZ42: 30.343837 | JD42: 17.415001 | JE42: 29.293738 | JF42: 23.830723 | JJ42: 23.653006 | JK42: 24.766497 | JL42: 27.131267 | JO42: 22.205797 | JP42: 22.928467 | JQ42: 23.680347 | JS42: (80-100] | JV42: Təqdimat Müsabiqələri | JW42: 0 | JX42: 0 | JY42: 0 | JZ42: 0 | KA42: 0 | KE42: 23.267677 | KI42: 19.883117 | KJ42: 18.708514 | KK42: 18.470418 | KO42: 20.37518 | KP42: 22.220779 | KQ42: 21.890332 | KT42: 20.930736 | KU42: 20.299423 | KV42: 20.894661 | KW42: 3.2617529 | KX42: (80-100] | LA42: Təqdimat Müsabiqələri | LB42: 0 | LC42: 0 | LD42: 0 | LE42: 0 | LF42: 0 | LJ42: 16.477273 | LN42: 10.078321 | LO42: 10.335498 | LP42: 8.6309524 | LT42: 9.8276942 | LU42: 12.280702 | LV42: 12.518797 | LY42: 10.873775 | LZ42: 10.569036 | MA42: 9.37856 | MC42: (80-100] | MF42: Təqdimat Müsabiqələri | MG42: 0 | MH42: 0 | MI42: 0 | MJ42: 0 | MK42: 0 | MO42: 39.638158 | MS42: 28.326023 | MT42: 34.308888 | MU42: 32.666301 | MY42: 36.513158 | MZ42: 42.068713 | NA42: 42.068713 | ND42: 31.451023 | NE42: 35.871388 | NF42: 35.61769 | NG42: 7.6388889 | NH42: (80-100]
AH43: Məntiq olimpiadası | AI43: 0 | AJ43: 0 | AK43: 0 | AL43: 0 | AM43: 0 | BJ43: (60-80] | BM43: Məntiq olimpiadası | BN43: 0 | BO43: 0 | BP43: 0 | BQ43: 0 | BR43: 0 | BZ43: 34.103815 | CB43: 34.103815 | CF43: 28.852566 | CH43: 28.852566 | CK43: 30.820763 | CM43: 30.820763 | CO43: (60-80] | CR43: Məntiq olimpiadası | CS43: 0 | CT43: 0 | CU43: 0 | CV43: 0 | CW43: 0 | DA43: 37.825369 | DB43: 51.442308 | DE43: 33.963768 | DG43: 33.963768 | DK43: 37.580808 | DM43: 37.580808 | DN43: 51.442308 | DP43: 36.978632 | DR43: 36.978632 | DT43: (60-80] | DW43: Məntiq olimpiadası | DX43: 0 | DY43: 0 | DZ43: 0 | EA43: 0 | EB43: 0 | EF43: 29.904626 | EJ43: 31.467102 | EK43: 27.910255 | EL43: 30.547024 | EP43: 36.48296 | EQ43: 28.366366 | ER43: 28.336367 | EU43: 33.670274 | EV43: 25.636009 | EW43: 27.537518 | EY43: (60-80] | FB43: Məntiq olimpiadası | FC43: 0 | FD43: 0 | FE43: 0 | FF43: 0 | FG43: 0 | FK43: 32.318713 | FO43: 28.818681 | FP43: 29.810745 | FQ43: 29.898046 | FU43: 41.050704 | FV43: 30.923302 | FW43: 35.537883 | FZ43: 37.521368 | GA43: 29.667277 | GB43: 30.500611 | GD43: (60-80] | GG43: Məntiq olimpiadası | GH43: 0 | GI43: 0 | GJ43: 0 | GK43: 0 | GL43: 0 | GP43: 33.111759 | GT43: 39.623606 | GU43: 26.930937 | GV43: 32.726694 | GZ43: 30.184157 | HA43: 35.227474 | HB43: 32.855395 | HE43: 32.893178 | HF43: 29.322701 | HG43: 31.108415 | HI43: (60-80] | HL43: Məntiq olimpiadası | HM43: 0 | HN43: 0 | HO43: 0 | HP43: 0 | HQ43: 0 | HU43: 41.032596 | HY43: 25.709382 | HZ43: 27.672832 | IA43: 25.529113 | IE43: 23.745289 | IF43: 22.842942 | IG43: 23.636593 | IJ43: 24.879625 | IK43: 20.143468 | IL43: 23.145604 | IN43: (60-80] | IQ43: Məntiq olimpiadası | IR43: 0 | IS43: 0 | IT43: 0 | IU43: 0 | IV43: 0 | IZ43: 35.182139 | JD43: 33.977512 | JE43: 36.264649 | JF43: 30.792594 | JJ43: 33.358346 | JK43: 29.15254 | JL43: 30.529436 | JO43: 31.302232 | JP43: 29.85111 | JQ43: 31.055752 | JS43: (60-80] | JV43: Məntiq olimpiadası | JW43: 0 | JX43: 0 | JY43: 0 | JZ43: 0 | KA43: 0 | KE43: 30.486291 | KI43: 24.029582 | KJ43: 24.998557 | KK43: 23.887446 | KO43: 31.52886 | KP43: 36.452814 | KQ43: 35.377345 | KT43: 27.878066 | KU43: 24.407648 | KV43: 25.641414 | KW43: 11.249905 | KX43: (60-80] | LA43: Məntiq olimpiadası | LB43: 0 | LC43: 0 | LD43: 0 | LE43: 0 | LF43: 0 | LJ43: 40.675837 | LN43: 34.078811 | LO43: 34.354785 | LP43: 39.031819 | LT43: 51.366484 | LU43: 51.592048 | LV43: 51.056334 | LY43: 40.00899 | LZ43: 37.817989 | MA43: 42.776407 | MC43: (60-80] | MF43: Məntiq olimpiadası | MG43: 0 | MH43: 0 | MI43: 0 | MJ43: 0 | MK43: 0 | MO43: 37.116228 | MS43: 41.383406 | MT43: 51.703324 | MU43: 49.497442 | MY43: 45.260721 | MZ43: 41.654483 | NA43: 39.802632 | ND43: 42.351974 | NE43: 46.120356 | NF43: 45.230263 | NG43: 14.784357 | NH43: (60-80]
AH44: STEAM yarışları | AI44: 0 | AJ44: 0 | AK44: 0 | AL44: 0 | AM44: 0 | BJ44: (30-60] | BM44: STEAM yarışları | BN44: 0 | BO44: 0 | BP44: 0 | BQ44: 0 | BR44: 0 | BZ44: 25.699497 | CB44: 25.699497 | CF44: 17.952944 | CH44: 17.952944 | CK44: 21.021887 | CM44: 21.021887 | CO44: (30-60] | CR44: STEAM yarışları | CS44: 0 | CT44: 0 | CU44: 0 | CV44: 0 | CW44: 0 | DA44: 27.777778 | DB44: 30.448718 | DE44: 26.428558 | DG44: 26.428558 | DK44: 21.79798 | DM44: 21.79798 | DN44: 30.448718 | DP44: 24.839744 | DR44: 24.839744 | DT44: (30-60] | DW44: STEAM yarışları | DX44: 0 | DY44: 0 | DZ44: 0 | EA44: 0 | EB44: 0 | EF44: 34.321622 | EJ44: 40.182173 | EK44: 35.160945 | EL44: 35.714653 | EP44: 31.783334 | EQ44: 30.190631 | ER44: 33.05947 | EU44: 36.377345 | EV44: 36.664705 | EW44: 35.862193 | EY44: (30-60] | FB44: STEAM yarışları | FC44: 0 | FD44: 0 | FE44: 0 | FF44: 0 | FG44: 0 | FK44: 35.025689 | FO44: 51.935897 | FP44: 45.755189 | FQ44: 47.088523 | FU44: 33.08094 | FV44: 37.676885 | FW44: 37.380792 | FZ44: 41.810134 | GA44: 43.806471 | GB44: 43.614164 | GD44: (30-60] | GG44: STEAM yarışları | GH44: 0 | GI44: 0 | GJ44: 0 | GK44: 0 | GL44: 0 | GP44: 20.293951 | GT44: 43.283507 | GU44: 42.882335 | GV44: 42.882335 | GZ44: 38.263693 | HA44: 37.264311 | HB44: 41.692264 | HE44: 43.239142 | HF44: 42.002283 | HG44: 44.664621 | HI44: (30-60] | HL44: STEAM yarışları | HM44: 0 | HN44: 0 | HO44: 0 | HP44: 0 | HQ44: 0 | HU44: 27.894533 | HY44: 60.076278 | HZ44: 56.219044 | IA44: 57.638126 | IE44: 64.209004 | IF44: 59.81101 | IG44: 60.644344 | IJ44: 63.022111 | IK44: 62.254274 | IL44: 59.893162 | IN44: (30-60] | IQ44: STEAM yarışları | IR44: 0 | IS44: 0 | IT44: 0 | IU44: 0 | IV44: 0 | IZ44: 34.474024 | JD44: 48.607487 | JE44: 34.441613 | JF44: 45.376683 | JJ44: 42.236768 | JK44: 44.720419 | JL44: 41.587417 | JO44: 45.777685 | JP44: 47.220423 | JQ44: 45.263901 | JS44: (30-60] | JV44: STEAM yarışları | JW44: 0 | JX44: 0 | JY44: 0 | JZ44: 0 | KA44: 0 | KE44: 45.579365 | KI44: 52.087302 | KJ44: 45.196248 | KK44: 48.969697 | KO44: 46.09596 | KP44: 37.126407 | KQ44: 40.565657 | KT44: 48.524531 | KU44: 49.226551 | KV44: 49.746032 | KW44: 25.718273 | KX44: (30-60] | LA44: STEAM yarışları | LB44: 0 | LC44: 0 | LD44: 0 | LE44: 0 | LF44: 0 | LJ44: 42.84689 | LN44: 54.755912 | LO44: 52.048847 | LP44: 49.076359 | LT44: 36.533094 | LU44: 36.12725 | LV44: 36.424869 | LY44: 48.030278 | LZ44: 49.439062 | MA44: 46.758076 | MC44: (30-60] | MF44: STEAM yarışları | MG44: 0 | MH44: 0 | MI44: 0 | MJ44: 0 | MK44: 0 | MO44: 23.245614 | MS44: 30.29057 | MT44: 13.987788 | MU44: 17.836257 | MY44: 18.226121 | MZ44: 16.276803 | NA44: 18.128655 | ND44: 26.197003 | NE44: 18.008256 | NF44: 19.152047 | NG44: 28.572734 | NH44: (30-60]
AH45: Digər milli və beynəlxalq olimpiada, yarış və müsabiqələr | AI45: 0 | AJ45: 0 | AK45: 0 | AL45: 0 | AM45: 0 | BJ45: [0-30] | BM45: Digər milli və beynəlxalq olimpiada, yarış və müsabiqələr | BN45: 0 | BO45: 0 | BP45: 0 | BQ45: 0 | BR45: 0 | BZ45: 0 | CB45: 0 | CF45: 0 | CH45: 0 | CK45: 0 | CM45: 0 | CO45: [0-30] | CR45: Digər milli və beynəlxalq olimpiada, yarış və müsabiqələr | CS45: 0 | CT45: 0 | CU45: 0 | CV45: 0 | CW45: 0 | DA45: 1.4520202 | DB45: 2.0833333 | DE45: 0 | DG45: 0 | DK45: 0 | DM45: 0 | DN45: 2.0833333 | DP45: 0 | DR45: 0 | DT45: [0-30] | DW45: Digər milli və beynəlxalq olimpiada, yarış və müsabiqələr | DX45: 0 | DY45: 0 | DZ45: 0 | EA45: 0 | EB45: 0 | EF45: 0 | EJ45: 0 | EK45: 0 | EL45: 0.7518797 | EP45: 0 | EQ45: 0 | ER45: 0 | EU45: 0 | EV45: 0 | EW45: 0 | EY45: [0-30] | FB45: Digər milli və beynəlxalq olimpiada, yarış və müsabiqələr | FC45: 0 | FD45: 0 | FE45: 0 | FF45: 0 | FG45: 0 | FK45: 0 | FO45: 1.6666667 | FP45: 2.5 | FQ45: 2.5 | FU45: 2.5877193 | FV45: 4.5546559 | FW45: 3.9136302 | FZ45: 2.5 | GA45: 6.2820513 | GB45: 5.6410256 | GD45: [0-30] | GG45: Digər milli və beynəlxalq olimpiada, yarış və müsabiqələr | GH45: 0 | GI45: 0 | GJ45: 0 | GK45: 0 | GL45: 0 | GP45: 0 | GT45: 1.8915867 | GU45: 1.2704687 | GV45: 1.9198193 | GZ45: 5.5064935 | HA45: 0.71428571 | HB45: 1.4285714 | HE45: 1.4285714 | HF45: 1.9588745 | HG45: 0.5952381 | HI45: [0-30] | HL45: Digər milli və beynəlxalq olimpiada, yarış və müsabiqələr | HM45: 0 | HN45: 0 | HO45: 0 | HP45: 0 | HQ45: 0 | HU45: 0 | HY45: 1.6018307 | HZ45: 1.3888889 | IA45: 1.3888889 | IE45: 1.2820513 | IF45: 0.64102564 | IG45: 0.64102564 | IJ45: 1.3656633 | IK45: 2.0299145 | IL45: 2.0299145 | IN45: [0-30] | IQ45: Digər milli və beynəlxalq olimpiada, yarış və müsabiqələr | IR45: 0 | IS45: 0 | IT45: 0 | IU45: 0 | IV45: 0 | IZ45: 0 | JD45: 0 | JE45: 0 | JF45: 0 | JJ45: 0.7518797 | JK45: 1.3605442 | JL45: 0.7518797 | JO45: 0.71428571 | JP45: 0 | JQ45: 0 | JS45: [0-30] | JV45: Digər milli və beynəlxalq olimpiada, yarış və müsabiqələr | JW45: 0 | JX45: 0 | JY45: 0 | JZ45: 0 | KA45: 0 | KE45: 0.66666667 | KI45: 4 | KJ45: 11.096681 | KK45: 8.6724387 | KO45: 2 | KP45: 4.2 | KQ45: 2.1666667 | KT45: 2.6666667 | KU45: 6.0663781 | KV45: 3.7178932 | KW45: 59.770069 | KX45: [0-30] | LA45: Digər milli və beynəlxalq olimpiada, yarış və müsabiqələr | LB45: 0 | LC45: 0 | LD45: 0 | LE45: 0 | LF45: 0 | LJ45: 0 | LN45: 1.0869565 | LO45: 3.2608696 | LP45: 3.2608696 | LT45: 2.2727273 | LU45: 0 | LV45: 0 | LY45: 1.0869565 | LZ45: 2.173913 | MA45: 1.0869565 | MC45: [0-30] | MF45: Digər milli və beynəlxalq olimpiada, yarış və müsabiqələr | MG45: 0 | MH45: 0 | MI45: 0 | MJ45: 0 | MK45: 0 | MO45: 0 | MS45: 0 | MT45: 0 | MU45: 0 | MY45: 0 | MZ45: 0 | NA45: 0 | ND45: 0 | NE45: 0 | NF45: 0 | NG45: 49.00402 | NH45: [0-30]
AG46: 107 | AH46: İnformatika | AI46: 170 | AJ46: 0 | AK46: 12 | AL46: 10 | AM46: 22 | BJ46: Ümumi | BL46: 107 | BM46: İnformatika | BN46: 239 | BO46: 0 | BP46: 75 | BQ46: 53 | BR46: 128 | BZ46: 73.352583 | CB46: 73.352583 | CF46: 73.956218 | CH46: 73.956218 | CK46: 73.510656 | CM46: 73.510656 | CO46: Ümumi | CQ46: 107 | CR46: İnformatika | CS46: 187 | CT46: 0 | CU46: 89 | CV46: 61 | CW46: 150 | CX46: 1.010772 | CY46: 0.76525054 | CZ46: 0.88612368 | DA46: 72.008439 | DE46: 76.416244 | DG46: 76.416244 | DK46: 74.689941 | DM46: 74.689941 | DP46: 75.411615 | DR46: 75.411615 | DT46: Ümumi | DV46: 107 | DW46: İnformatika | DX46: 35 | DY46: 0 | DZ46: 52 | EA46: 41 | EB46: 93 | EF46: 68.2625 | EJ46: 53.185185 | EK46: 52.722222 | EP46: 53.877193 | EQ46: 61.105263 | ER46: 58.214035 | EU46: 53.108333 | EV46: 56.947368 | EW46: 55.333333 | EY46: Ümumi | FA46: 107 | FB46: İnformatika | FC46: 0 | FD46: 0 | FE46: 84 | FF46: 50 | FG46: 134 | FK46: 62.619048 | FO46: 62.539683 | FQ46: 62.539683 | FU46: 69.116667 | FW46: 69.116667 | FZ46: 65.571429 | GB46: 65.571429 | GD46: Ümumi | GF46: 107 | GG46: İnformatika | GH46: 0 | GI46: 0 | GJ46: 67 | GK46: 67 | GL46: 134 | HI46: Ümumi | HK46: 107 | HL46: İnformatika | HM46: 70 | HN46: 0 | HO46: 80 | HP46: 52 | HQ46: 132 | HY46: 56.086957 | IA46: 56.086957 | IE46: 66.738095 | IG46: 66.738095 | IJ46: 59.851449 | IL46: 59.851449 | IN46: Ümumi | IP46: 107 | IQ46: İnformatika | IR46: 238 | IS46: 0 | IT46: 80 | IU46: 65 | IV46: 145 | IW46: 0.032320621 | IX46: 0 | IY46: 0.021008403 | IZ46: 74.044348 | JD46: 76.436265 | JF46: 76.436265 | JJ46: 77.345806 | JL46: 77.345806 | JO46: 76.815106 | JQ46: 76.815106 | JS46: Ümumi | JU46: 107 | JV46: İnformatika | JW46: 172.5 | JX46: 0 | JY46: 54 | JZ46: 53 | KA46: 107 | KE46: 81.632951 | KI46: 76.362268 | KJ46: 77.634055 | KK46: 77.142007 | KO46: 77.150176 | KP46: 78.317532 | KQ46: 77.85059 | KT46: 76.756222 | KU46: 78.035317 | KV46: 77.523679 | KX46: Ümumi | KZ46: 107 | LA46: İnformatika | LB46: 239 | LC46: 0 | LD46: 48 | LE46: 37 | LF46: 85 | LG46: 1.7539576 | LH46: 1.6097689 | LI46: 1.6510826 | LJ46: 72.614354 | LN46: 66.242544 | LP46: 66.242544 | LT46: 69.780183 | LU46: 75.380952 | LV46: 69.786532 | LY46: 67.451802 | LZ46: 75.380952 | MA46: 67.888166 | MB46: 5 | MC46: Ümumi | ME46: 107 | MF46: İnformatika | MG46: 136 | MH46: 0 | MI46: 21 | MJ46: 32 | MK46: 53 | MO46: 80.489401 | MS46: 76.183662 | MT46: 76.233735 | MU46: 76.213706 | MY46: 79.599019 | MZ46: 81.394463 | NA46: 80.676285 | ND46: 77.891341 | NE46: 78.814099 | NF46: 78.444996 | NH46: Ümumi
AH47: Fənn olimpiadaları | AI47: 0 | AJ47: 0 | AK47: 0 | AL47: 0 | AM47: 0 | AN47: 0 | AO47: 0 | AP47: 0 | BJ47: Oğlanlar | BM47: Fənn olimpiadaları | BN47: 0 | BO47: 0 | BP47: 0 | BQ47: 0 | BR47: 0 | BS47: 9 | BT47: 7 | BU47: 16 | CO47: Oğlanlar | CR47: Fənn olimpiadaları | CS47: 0 | CT47: 0 | CU47: 0 | CV47: 0 | CW47: 0 | CX47: 30 | CY47: 17 | CZ47: 47 | DA47: 66.444182 | DB47: 0 | DC47: 0 | DD47: 0 | DE47: 73.116412 | DF47: 0 | DG47: 73.116412 | DH47: 0 | DI47: 0 | DJ47: 0 | DK47: 70.270833 | DL47: 0 | DM47: 70.270833 | DN47: 0 | DO47: 0 | DP47: 73.247816 | DQ47: 0 | DR47: 73.247816 | DS47: 0 | DT47: Oğlanlar | DW47: Fənn olimpiadaları | DX47: 0 | DY47: 0 | DZ47: 0 | EA47: 0 | EB47: 0 | EC47: 0 | ED47: 0 | EE47: 0 | EY47: Oğlanlar | FB47: Fənn olimpiadaları | FC47: 0 | FD47: 0 | FE47: 0 | FF47: 0 | FG47: 0 | FH47: 4 | FI47: 4 | FJ47: 8 | FK47: 11.363636 | FL47: 0 | FM47: 0 | FN47: 0 | FO47: 10.782828 | FP47: 0 | FQ47: 10.782828 | FR47: 0 | FS47: 0 | FT47: 0 | FU47: 10.772727 | FV47: 0 | FW47: 10.772727 | FX47: 0 | FY47: 0 | FZ47: 11.219697 | GA47: 0 | GB47: 11.219697 | GC47: 0 | GD47: Oğlanlar | GG47: Fənn olimpiadaları | GH47: 0 | GI47: 0 | GJ47: 0 | GK47: 0 | GL47: 0 | GM47: 0 | GN47: 0 | GO47: 0 | HI47: Oğlanlar | HL47: Fənn olimpiadaları | HM47: 0 | HN47: 0 | HO47: 0 | HP47: 0 | HQ47: 0 | HR47: 92 | HS47: 65 | HT47: 157 | HU47: 0 | HV47: 0 | HW47: 0 | HX47: 0 | HY47: 9.4074074 | HZ47: 0 | IA47: 9.4074074 | IB47: 0 | IC47: 0 | ID47: 0 | IE47: 10.331481 | IF47: 0 | IG47: 10.331481 | IH47: 0 | II47: 0 | IJ47: 9.8694444 | IK47: 0 | IL47: 9.8694444 | IM47: 0 | IN47: Oğlanlar | IQ47: Fənn olimpiadaları | IR47: 0 | IS47: 0 | IT47: 0 | IU47: 0 | IV47: 0 | IW47: 1 | IX47: 0 | IY47: 1 | IZ47: 72.578854 | JA47: 0 | JB47: 0 | JC47: 0 | JD47: 73.986091 | JE47: 0 | JF47: 73.986091 | JG47: 0 | JH47: 0 | JI47: 0 | JJ47: 73.547996 | JK47: 0 | JL47: 73.547996 | JM47: 0 | JN47: 0 | JO47: 74.284359 | JP47: 0 | JQ47: 74.284359 | JR47: 0 | JS47: Oğlanlar | JV47: Fənn olimpiadaları | JW47: 0 | JX47: 0 | JY47: 0 | JZ47: 0 | KA47: 0 | KB47: 5 | KC47: 2 | KD47: 7 | KX47: Oğlanlar | LA47: Fənn olimpiadaları | LB47: 0 | LC47: 0 | LD47: 0 | LE47: 0 | LF47: 0 | LG47: 32 | LH47: 33 | LI47: 65 | LJ47: 67.164217 | LK47: 0 | LL47: 0 | LM47: 0 | LN47: 60.190021 | LO47: 0 | LP47: 60.190021 | LQ47: 0 | LR47: 0 | LS47: 0 | LT47: 49.4689 | LU47: 17.886364 | LV47: 49.464354 | LW47: 0 | LX47: 0 | LY47: 61.906528 | LZ47: 17.886364 | MA47: 62.3588 | MB47: 0.065789474 | MC47: Oğlanlar | MF47: Fənn olimpiadaları | MG47: 0 | MH47: 0 | MI47: 0 | MJ47: 0 | MK47: 0 | ML47: 6 | MM47: 8 | MN47: 14 | NH47: Oğlanlar
AH48: Fənn müsabiqələri | AI48: 0 | AJ48: 0 | AK48: 0 | AL48: 0 | AM48: 0 | BJ48: Qızlar | BM48: Fənn müsabiqələri | BN48: 0 | BO48: 0 | BP48: 0 | BQ48: 0 | BR48: 0 | CO48: Qızlar | CR48: Fənn müsabiqələri | CS48: 0 | CT48: 0 | CU48: 0 | CV48: 0 | CW48: 0 | DA48: 72.443056 | DB48: 0 | DC48: 0 | DD48: 0 | DE48: 78.327932 | DF48: 0 | DG48: 78.327932 | DH48: 0 | DI48: 0 | DJ48: 0 | DK48: 74.209105 | DL48: 0 | DM48: 74.209105 | DN48: 0 | DO48: 0 | DP48: 77.078704 | DQ48: 0 | DR48: 77.078704 | DS48: 0 | DT48: Qızlar | DW48: Fənn müsabiqələri | DX48: 0 | DY48: 0 | DZ48: 0 | EA48: 0 | EB48: 0 | EY48: Qızlar | FB48: Fənn müsabiqələri | FC48: 0 | FD48: 0 | FE48: 0 | FF48: 0 | FG48: 0 | FK48: 9.4166667 | FL48: 0 | FM48: 0 | FN48: 0 | FO48: 10.027778 | FP48: 0 | FQ48: 10.027778 | FR48: 0 | FS48: 0 | FT48: 0 | FU48: 11.188889 | FV48: 0 | FW48: 11.188889 | FX48: 0 | FY48: 0 | FZ48: 10.608333 | GA48: 0 | GB48: 10.608333 | GC48: 0 | GD48: Qızlar | GG48: Fənn müsabiqələri | GH48: 0 | GI48: 0 | GJ48: 0 | GK48: 0 | GL48: 0 | HI48: Qızlar | HL48: Fənn müsabiqələri | HM48: 0 | HN48: 0 | HO48: 0 | HP48: 0 | HQ48: 0 | HU48: 0 | HV48: 0 | HW48: 0 | HX48: 0 | HY48: 9.2361111 | HZ48: 0 | IA48: 9.2361111 | IB48: 0 | IC48: 0 | ID48: 0 | IE48: 9.8263889 | IF48: 0 | IG48: 9.8263889 | IH48: 0 | II48: 0 | IJ48: 10.173611 | IK48: 0 | IL48: 10.173611 | IM48: 0 | IN48: Qızlar | IQ48: Fənn müsabiqələri | IR48: 0 | IS48: 0 | IT48: 0 | IU48: 0 | IV48: 0 | IZ48: 76.647841 | JA48: 0 | JB48: 0 | JC48: 0 | JD48: 80.37708 | JE48: 0 | JF48: 80.37708 | JG48: 0 | JH48: 0 | JI48: 0 | JJ48: 79.850262 | JK48: 0 | JL48: 79.850262 | JM48: 0 | JN48: 0 | JO48: 81.056633 | JP48: 0 | JQ48: 81.056633 | JR48: 0 | JS48: Qızlar | JV48: Fənn müsabiqələri | JW48: 0 | JX48: 0 | JY48: 0 | JZ48: 0 | KA48: 0 | KX48: Qızlar | LA48: Fənn müsabiqələri | LB48: 0 | LC48: 0 | LD48: 0 | LE48: 0 | LF48: 0 | LJ48: 73.653409 | LK48: 0 | LL48: 0 | LM48: 0 | LN48: 73.317045 | LO48: 0 | LP48: 73.317045 | LQ48: 0 | LR48: 0 | LS48: 0 | LT48: 54.464015 | LU48: 18.090909 | LV48: 54.477652 | LW48: 0 | LX48: 0 | LY48: 73.824242 | LZ48: 18.090909 | MA48: 74.244697 | MB48: 0 | MC48: Qızlar | MF48: Fənn müsabiqələri | MG48: 0 | MH48: 0 | MI48: 0 | MJ48: 0 | MK48: 0 | NH48: Qızlar
AH49: Təqdimat Müsabiqələri | AI49: 0 | AJ49: 0 | AK49: 0 | AL49: 0 | AM49: 0 | BJ49: (80-100] | BM49: Təqdimat Müsabiqələri | BN49: 0 | BO49: 0 | BP49: 0 | BQ49: 0 | BR49: 0 | BZ49: 37.162082 | CB49: 37.162082 | CF49: 44.625405 | CH49: 44.625405 | CK49: 42.06152 | CM49: 42.06152 | CO49: (80-100] | CR49: Təqdimat Müsabiqələri | CS49: 0 | CT49: 0 | CU49: 0 | CV49: 0 | CW49: 0 | DA49: 37.192789 | DE49: 50.343274 | DG49: 50.343274 | DK49: 51.156566 | DM49: 51.156566 | DP49: 48.912393 | DR49: 48.912393 | DT49: (80-100] | DW49: Təqdimat Müsabiqələri | DX49: 0 | DY49: 0 | DZ49: 0 | EA49: 0 | EB49: 0 | EF49: 27.083333 | EJ49: 0 | EK49: 5.5555556 | EL49: 0 | EP49: 5.2631579 | EQ49: 15.789474 | ER49: 5.2631579 | EU49: 0 | EV49: 5.2631579 | EW49: 0 | EY49: (80-100] | FB49: Təqdimat Müsabiqələri | FC49: 0 | FD49: 0 | FE49: 0 | FF49: 0 | FG49: 0 | FK49: 23.809524 | FO49: 0 | FQ49: 0 | FU49: 30 | FW49: 30 | FZ49: 14.285714 | GB49: 14.285714 | GD49: (80-100] | GG49: Təqdimat Müsabiqələri | GH49: 0 | GI49: 0 | GJ49: 0 | GK49: 0 | GL49: 0 | HI49: (80-100] | HL49: Təqdimat Müsabiqələri | HM49: 0 | HN49: 0 | HO49: 0 | HP49: 0 | HQ49: 0 | HY49: 0 | IA49: 0 | IE49: 14.285714 | IG49: 14.285714 | IJ49: 0 | IL49: 0 | IN49: (80-100] | IQ49: Təqdimat Müsabiqələri | IR49: 0 | IS49: 0 | IT49: 0 | IU49: 0 | IV49: 0 | IZ49: 44.007393 | JD49: 41.551005 | JF49: 41.551005 | JJ49: 52.207771 | JL49: 52.207771 | JO49: 45.575684 | JQ49: 45.575684 | JS49: (80-100] | JV49: Təqdimat Müsabiqələri | JW49: 0 | JX49: 0 | JY49: 0 | JZ49: 0 | KA49: 0 | KE49: 60.873016 | KI49: 41.81746 | KJ49: 43.059163 | KK49: 48.380231 | KO49: 46.622655 | KP49: 45.880231 | KQ49: 50.47114 | KT49: 43.368687 | KU49: 50.098124 | KV49: 50.637807 | KX49: (80-100] | LA49: Təqdimat Müsabiqələri | LB49: 0 | LC49: 0 | LD49: 0 | LE49: 0 | LF49: 0 | LJ49: 25.454545 | LN49: 1.1904762 | LP49: 1.1904762 | LT49: 22.222222 | LU49: 33.333333 | LV49: 22.222222 | LY49: 11.742424 | LZ49: 33.333333 | MA49: 14.015152 | MB49: 0 | MC49: (80-100] | MF49: Təqdimat Müsabiqələri | MG49: 0 | MH49: 0 | MI49: 0 | MJ49: 0 | MK49: 0 | MO49: 63.879751 | MS49: 40.90826 | MT49: 43.71345 | MU49: 43.71345 | MY49: 48.47405 | MZ49: 48.547149 | NA49: 51.251827 | ND49: 42.397661 | NE49: 42.817982 | NF49: 45.522661 | NH49: (80-100]
AH50: Məntiq olimpiadası | AI50: 0 | AJ50: 0 | AK50: 0 | AL50: 0 | AM50: 0 | BJ50: (60-80] | BM50: Məntiq olimpiadası | BN50: 0 | BO50: 0 | BP50: 0 | BQ50: 0 | BR50: 0 | BZ50: 38.679385 | CB50: 38.679385 | CF50: 32.537951 | CH50: 32.537951 | CK50: 36.133473 | CM50: 36.133473 | CO50: (60-80] | CR50: Məntiq olimpiadası | CS50: 0 | CT50: 0 | CU50: 0 | CV50: 0 | CW50: 0 | DA50: 37.591635 | DE50: 31.406076 | DG50: 31.406076 | DK50: 28.671717 | DM50: 28.671717 | DP50: 32.444444 | DR50: 32.444444 | DT50: (60-80] | DW50: Məntiq olimpiadası | DX50: 0 | DY50: 0 | DZ50: 0 | EA50: 0 | EB50: 0 | EF50: 31.25 | EJ50: 11.111111 | EK50: 38.888889 | EL50: 35.294118 | EP50: 15.789474 | EQ50: 31.578947 | ER50: 36.842105 | EU50: 15 | EV50: 31.578947 | EW50: 30 | EY50: (60-80] | FB50: Məntiq olimpiadası | FC50: 0 | FD50: 0 | FE50: 0 | FF50: 0 | FG50: 0 | FK50: 33.333333 | FO50: 52.380952 | FQ50: 52.380952 | FU50: 35 | FW50: 35 | FZ50: 42.857143 | GB50: 42.857143 | GD50: (60-80] | GG50: Məntiq olimpiadası | GH50: 0 | GI50: 0 | GJ50: 0 | GK50: 0 | GL50: 0 | HI50: (60-80] | HL50: Məntiq olimpiadası | HM50: 0 | HN50: 0 | HO50: 0 | HP50: 0 | HQ50: 0 | HY50: 56.521739 | IA50: 56.521739 | IE50: 57.142857 | IG50: 57.142857 | IJ50: 69.565217 | IL50: 69.565217 | IN50: (60-80] | IQ50: Məntiq olimpiadası | IR50: 0 | IS50: 0 | IT50: 0 | IU50: 0 | IV50: 0 | IZ50: 32.328577 | JD50: 46.323226 | JF50: 46.323226 | JJ50: 38.164588 | JL50: 38.164588 | JO50: 43.699777 | JQ50: 43.699777 | JS50: (60-80] | JV50: Məntiq olimpiadası | JW50: 0 | JX50: 0 | JY50: 0 | JZ50: 0 | KA50: 0 | KE50: 35.873016 | KI50: 48.18759 | KJ50: 38.275613 | KK50: 39.251804 | KO50: 47.532468 | KP50: 44.139971 | KQ50: 43.390332 | KT50: 51.362193 | KU50: 36.870851 | KV50: 43.426407 | KX50: (60-80] | LA50: Məntiq olimpiadası | LB50: 0 | LC50: 0 | LD50: 0 | LE50: 0 | LF50: 0 | LJ50: 56.423445 | LN50: 62.512754 | LP50: 62.512754 | LT50: 59.451659 | LU50: 61.904762 | LV50: 59.451659 | LY50: 62.458642 | LZ50: 61.904762 | MA50: 60.185914 | MB50: 0 | MC50: (60-80] | MF50: Məntiq olimpiadası | MG50: 0 | MH50: 0 | MI50: 0 | MJ50: 0 | MK50: 0 | MO50: 33.342471 | MS50: 51.973684 | MT50: 45.074927 | MU50: 46.390716 | MY50: 50.137061 | MZ50: 50.063962 | NA50: 47.359284 | ND50: 53.435673 | NE50: 50.310673 | NF50: 50.310673 | NH50: (60-80]
AH51: STEAM yarışları | AI51: 0 | AJ51: 0 | AK51: 0 | AL51: 0 | AM51: 0 | BJ51: (30-60] | BM51: STEAM yarışları | BN51: 0 | BO51: 0 | BP51: 0 | BQ51: 0 | BR51: 0 | BZ51: 24.158533 | CB51: 24.158533 | CF51: 22.836644 | CH51: 22.836644 | CK51: 21.805007 | CM51: 21.805007 | CO51: (30-60] | CR51: STEAM yarışları | CS51: 0 | CT51: 0 | CU51: 0 | CV51: 0 | CW51: 0 | DA51: 25.215575 | DE51: 18.25065 | DG51: 18.25065 | DK51: 20.171717 | DM51: 20.171717 | DP51: 18.643162 | DR51: 18.643162 | DT51: (30-60] | DW51: STEAM yarışları | DX51: 0 | DY51: 0 | DZ51: 0 | EA51: 0 | EB51: 0 | EF51: 41.666667 | EJ51: 88.888889 | EK51: 55.555556 | EL51: 64.705882 | EP51: 78.947368 | EQ51: 52.631579 | ER51: 57.894737 | EU51: 85 | EV51: 63.157895 | EW51: 70 | EY51: (30-60] | FB51: STEAM yarışları | FC51: 0 | FD51: 0 | FE51: 0 | FF51: 0 | FG51: 0 | FK51: 42.857143 | FO51: 47.619048 | FQ51: 47.619048 | FU51: 30 | FW51: 30 | FZ51: 42.857143 | GB51: 42.857143 | GD51: (30-60] | GG51: STEAM yarışları | GH51: 0 | GI51: 0 | GJ51: 0 | GK51: 0 | GL51: 0 | HI51: (30-60] | HL51: STEAM yarışları | HM51: 0 | HN51: 0 | HO51: 0 | HP51: 0 | HQ51: 0 | HY51: 30.434783 | IA51: 30.434783 | IE51: 28.571429 | IG51: 28.571429 | IJ51: 26.086957 | IL51: 26.086957 | IN51: (30-60] | IQ51: STEAM yarışları | IR51: 0 | IS51: 0 | IT51: 0 | IU51: 0 | IV51: 0 | IZ51: 22.949744 | JD51: 12.125769 | JF51: 12.125769 | JJ51: 9.6276405 | JL51: 9.6276405 | JO51: 10.724539 | JQ51: 10.724539 | JS51: (30-60] | JV51: STEAM yarışları | JW51: 0 | JX51: 0 | JY51: 0 | JZ51: 0 | KA51: 0 | KE51: 3.2539683 | KI51: 9.9949495 | KJ51: 18.665224 | KK51: 12.367965 | KO51: 5.8448773 | KP51: 9.979798 | KQ51: 6.1385281 | KT51: 5.2691198 | KU51: 13.031025 | KV51: 5.9357864 | KX51: (30-60] | LA51: STEAM yarışları | LB51: 0 | LC51: 0 | LD51: 0 | LE51: 0 | LF51: 0 | LJ51: 18.12201 | LN51: 36.29677 | LP51: 36.29677 | LT51: 18.326118 | LU51: 4.7619048 | LV51: 18.326118 | LY51: 25.798934 | LZ51: 4.7619048 | MA51: 25.798934 | MB51: 0 | MC51: (30-60] | MF51: STEAM yarışları | MG51: 0 | MH51: 0 | MI51: 0 | MJ51: 0 | MK51: 0 | MO51: 2.7777778 | MS51: 7.1180556 | MT51: 11.211623 | MU51: 9.8958333 | MY51: 1.3888889 | MZ51: 1.3888889 | NA51: 1.3888889 | ND51: 4.1666667 | NE51: 6.871345 | NF51: 4.1666667 | NH51: (30-60]
AH52: Digər milli və beynəlxalq olimpiada, yarış və müsabiqələr | AI52: 0 | AJ52: 0 | AK52: 0 | AL52: 0 | AM52: 0 | BJ52: [0-30] | BM52: Digər milli və beynəlxalq olimpiada, yarış və müsabiqələr | BN52: 0 | BO52: 0 | BP52: 0 | BQ52: 0 | BR52: 0 | BZ52: 0 | CB52: 0 | CF52: 0 | CH52: 0 | CK52: 0 | CM52: 0 | CO52: [0-30] | CR52: Digər milli və beynəlxalq olimpiada, yarış və müsabiqələr | CS52: 0 | CT52: 0 | CU52: 0 | CV52: 0 | CW52: 0 | DA52: 0 | DE52: 0 | DG52: 0 | DK52: 0 | DM52: 0 | DP52: 0 | DR52: 0 | DT52: [0-30] | DW52: Digər milli və beynəlxalq olimpiada, yarış və müsabiqələr | DX52: 0 | DY52: 0 | DZ52: 0 | EA52: 0 | EB52: 0 | EF52: 0 | EJ52: 0 | EK52: 0 | EL52: 0 | EP52: 0 | EQ52: 0 | ER52: 0 | EU52: 0 | EV52: 0 | EW52: 0 | EY52: [0-30] | FB52: Digər milli və beynəlxalq olimpiada, yarış və müsabiqələr | FC52: 0 | FD52: 0 | FE52: 0 | FF52: 0 | FG52: 0 | FK52: 0 | FO52: 0 | FQ52: 0 | FU52: 5 | FW52: 5 | FZ52: 0 | GB52: 0 | GD52: [0-30] | GG52: Digər milli və beynəlxalq olimpiada, yarış və müsabiqələr | GH52: 0 | GI52: 0 | GJ52: 0 | GK52: 0 | GL52: 0 | HI52: [0-30] | HL52: Digər milli və beynəlxalq olimpiada, yarış və müsabiqələr | HM52: 0 | HN52: 0 | HO52: 0 | HP52: 0 | HQ52: 0 | HY52: 13.043478 | IA52: 13.043478 | IE52: 0 | IG52: 0 | IJ52: 4.3478261 | IL52: 4.3478261 | IN52: [0-30] | IQ52: Digər milli və beynəlxalq olimpiada, yarış və müsabiqələr | IR52: 0 | IS52: 0 | IT52: 0 | IU52: 0 | IV52: 0 | IZ52: 0.71428571 | JD52: 0 | JF52: 0 | JJ52: 0 | JL52: 0 | JO52: 0 | JQ52: 0 | JS52: [0-30] | JV52: Digər milli və beynəlxalq olimpiada, yarış və müsabiqələr | JW52: 0 | JX52: 0 | JY52: 0 | JZ52: 0 | KA52: 0 | KE52: 0 | KI52: 0 | KJ52: 0 | KK52: 0 | KO52: 0 | KP52: 0 | KQ52: 0 | KT52: 0 | KU52: 0 | KV52: 0 | KX52: [0-30] | LA52: Digər milli və beynəlxalq olimpiada, yarış və müsabiqələr | LB52: 0 | LC52: 0 | LD52: 0 | LE52: 0 | LF52: 0 | LJ52: 0 | LN52: 0 | LP52: 0 | LT52: 0 | LU52: 0 | LV52: 0 | LY52: 0 | LZ52: 0 | MA52: 0 | MB52: 100 | MC52: [0-30] | MF52: Digər milli və beynəlxalq olimpiada, yarış və müsabiqələr | MG52: 0 | MH52: 0 | MI52: 0 | MJ52: 0 | MK52: 0 | MO52: 0 | MS52: 0 | MT52: 0 | MU52: 0 | MY52: 0 | MZ52: 0 | NA52: 0 | ND52: 0 | NE52: 0 | NF52: 0 | NH52: [0-30]
AG53: 108 | AH53: Azərbaycan tarixi | AI53: 0 | AJ53: 0 | AK53: 12 | AL53: 10 | AM53: 22 | BJ53: Ümumi | BL53: 108 | BM53: Azərbaycan tarixi | BN53: 0 | BO53: 0 | BP53: 75 | BQ53: 53 | BR53: 128 | CO53: Ümumi | CQ53: 108 | CR53: Azərbaycan tarixi | CS53: 0 | CT53: 0 | CU53: 89 | CV53: 61 | CW53: 150 | DT53: Ümumi | DV53: 108 | DW53: Azərbaycan tarixi | DX53: 0 | DY53: 0 | DZ53: 52 | EA53: 41 | EB53: 93 | EY53: Ümumi | FA53: 108 | FB53: Azərbaycan tarixi | FC53: 377 | FD53: 0 | FE53: 84 | FF53: 50 | FG53: 134 | FH53: 1.2677723 | FI53: 2.8952607 | FJ53: 1.752855 | FO53: 62.49188 | FP53: 57.631868 | FQ53: 59.575873 | FU53: 59.688276 | FV53: 63.597741 | FW53: 62.033955 | FZ53: 61.07335 | GA53: 60.589667 | GB53: 60.783141 | GD53: Ümumi | GF53: 108 | GG53: Azərbaycan tarixi | GH53: 207 | GI53: 0 | GJ53: 67 | GK53: 67 | GL53: 134 | GP53: 75.667462 | GT53: 61.022641 | GU53: 61.283332 | GV53: 61.087627 | GZ53: 61.894677 | HA53: 63.547528 | HB53: 62.886387 | HE53: 61.3663 | HF53: 62.03994 | HG53: 61.770484 | HI53: Ümumi | HK53: 108 | HL53: Azərbaycan tarixi | HM53: 273 | HN53: 0 | HO53: 80 | HP53: 52 | HQ53: 132 | HR53: 3.6220185 | HS53: 3.8976841 | HT53: 3.663576 | HU53: 69.750913 | HY53: 58.691691 | IA53: 58.691691 | IE53: 59.312729 | IG53: 59.312729 | IJ53: 58.626127 | IL53: 58.626127 | IN53: Ümumi | IP53: 108 | IQ53: Azərbaycan tarixi | IR53: 374 | IS53: 0 | IT53: 80 | IU53: 65 | IV53: 145 | IW53: 0.64641241 | IX53: 0.54021609 | IY53: 0.6092437 | IZ53: 68.921444 | JD53: 70.514044 | JF53: 70.514044 | JJ53: 70.544893 | JL53: 70.544893 | JO53: 70.520142 | JQ53: 70.520142 | JS53: Ümumi | JU53: 108 | JV53: Azərbaycan tarixi | JW53: 344 | JX53: 0 | JY53: 54 | JZ53: 53 | KA53: 107 | KE53: 69.146089 | KI53: 63.837896 | KJ53: 63.737713 | KK53: 64.321437 | KO53: 63.850414 | KP53: 65.882092 | KQ53: 65.069421 | KT53: 63.844155 | KU53: 64.813871 | KV53: 64.425984 | KX53: Ümumi | KZ53: 108 | LA53: Azərbaycan tarixi | LB53: 378 | LC53: 0 | LD53: 48 | LE53: 37 | LF53: 85 | LG53: 1.3404596 | LH53: 1.3279062 | LI53: 1.4149104 | LJ53: 68.232177 | LN53: 57.126492 | LO53: 71.295455 | LP53: 58.676552 | LT53: 60.921422 | LU53: 70.507519 | LV53: 61.953508 | LY53: 58.988134 | LZ53: 70.925837 | MA53: 60.264232 | MB53: 6.25 | MC53: Ümumi | ME53: 108 | MF53: Azərbaycan tarixi | MG53: 340 | MH53: 0 | MI53: 21 | MJ53: 32 | MK53: 53 | MO53: 71.791941 | MS53: 69.617812 | MT53: 72.87299 | MU53: 71.570919 | MY53: 76.01423 | MZ53: 78.106238 | NA53: 77.269435 | ND53: 72.678826 | NE53: 75.023209 | NF53: 74.085456 | NH53: Ümumi
AH54: Fənn olimpiadaları | AI54: 0 | AJ54: 0 | AK54: 0 | AL54: 0 | AM54: 0 | AN54: 0 | AO54: 0 | AP54: 0 | BJ54: Oğlanlar | BM54: Fənn olimpiadaları | BN54: 0 | BO54: 0 | BP54: 0 | BQ54: 0 | BR54: 0 | BS54: 0 | BT54: 0 | BU54: 0 | CO54: Oğlanlar | CR54: Fənn olimpiadaları | CS54: 0 | CT54: 0 | CU54: 0 | CV54: 0 | CW54: 0 | CX54: 0 | CY54: 0 | CZ54: 0 | DA54: 0 | DB54: 0 | DC54: 0 | DD54: 0 | DE54: 0 | DF54: 0 | DG54: 0 | DH54: 0 | DI54: 0 | DJ54: 0 | DK54: 0 | DL54: 0 | DM54: 0 | DN54: 0 | DO54: 0 | DP54: 0 | DQ54: 0 | DR54: 0 | DS54: 0 | DT54: Oğlanlar | DW54: Fənn olimpiadaları | DX54: 0 | DY54: 0 | DZ54: 0 | EA54: 0 | EB54: 0 | EC54: 0 | ED54: 0 | EE54: 0 | EY54: Oğlanlar | FB54: Fənn olimpiadaları | FC54: 0 | FD54: 0 | FE54: 0 | FF54: 0 | FG54: 0 | FH54: 51 | FI54: 51 | FJ54: 102 | FK54: 0 | FL54: 0 | FM54: 0 | FN54: 0 | FO54: 61.1023 | FP54: 56.79396 | FQ54: 58.517296 | FR54: 0 | FS54: 0 | FT54: 0 | FU54: 59.487775 | FV54: 62.309765 | FW54: 61.180969 | FX54: 0 | FY54: 0 | FZ54: 61.003172 | GA54: 60.214941 | GB54: 60.530233 | GC54: 0 | GD54: Oğlanlar | GG54: Fənn olimpiadaları | GH54: 0 | GI54: 0 | GJ54: 0 | GK54: 0 | GL54: 0 | GM54: 11 | GN54: 22 | GO54: 33 | HI54: Oğlanlar | HL54: Fənn olimpiadaları | HM54: 0 | HN54: 0 | HO54: 0 | HP54: 0 | HQ54: 0 | HR54: 110 | HS54: 66 | HT54: 176 | HU54: 55.986509 | HV54: 0 | HW54: 0 | HX54: 0 | HY54: 58.97017 | HZ54: 0 | IA54: 58.97017 | IB54: 0 | IC54: 0 | ID54: 0 | IE54: 57.982218 | IF54: 0 | IG54: 57.982218 | IH54: 0 | II54: 0 | IJ54: 58.476194 | IK54: 0 | IL54: 58.476194 | IM54: 0 | IN54: Oğlanlar | IQ54: Fənn olimpiadaları | IR54: 0 | IS54: 0 | IT54: 0 | IU54: 0 | IV54: 0 | IW54: 20 | IX54: 9 | IY54: 29 | IZ54: 66.433011 | JA54: 0 | JB54: 0 | JC54: 0 | JD54: 67.340867 | JE54: 0 | JF54: 67.340867 | JG54: 0 | JH54: 0 | JI54: 0 | JJ54: 65.524674 | JK54: 0 | JL54: 65.524674 | JM54: 0 | JN54: 0 | JO54: 66.973896 | JP54: 0 | JQ54: 66.973896 | JR54: 0 | JS54: Oğlanlar | JV54: Fənn olimpiadaları | JW54: 0 | JX54: 0 | JY54: 0 | JZ54: 0 | KA54: 0 | KB54: 79 | KC54: 46 | KD54: 125 | KX54: Oğlanlar | LA54: Fənn olimpiadaları | LB54: 0 | LC54: 0 | LD54: 0 | LE54: 0 | LF54: 0 | LG54: 36 | LH54: 38 | LI54: 74 | LJ54: 64.724197 | LK54: 0 | LL54: 0 | LM54: 0 | LN54: 54.092276 | LO54: 34.49026 | LP54: 55.369224 | LQ54: 0 | LR54: 0 | LS54: 0 | LT54: 57.356753 | LU54: 34.337662 | LV54: 57.96659 | LW54: 0 | LX54: 0 | LY54: 55.987672 | LZ54: 34.413961 | MA54: 56.931065 | MB54: 0.65789474 | MC54: Oğlanlar | MF54: Fənn olimpiadaları | MG54: 0 | MH54: 0 | MI54: 0 | MJ54: 0 | MK54: 0 | ML54: 14 | MM54: 116 | MN54: 130 | NH54: Oğlanlar
AH55: Fənn müsabiqələri | AI55: 0 | AJ55: 0 | AK55: 0 | AL55: 0 | AM55: 0 | BJ55: Qızlar | BM55: Fənn müsabiqələri | BN55: 0 | BO55: 0 | BP55: 0 | BQ55: 0 | BR55: 0 | CO55: Qızlar | CR55: Fənn müsabiqələri | CS55: 0 | CT55: 0 | CU55: 0 | CV55: 0 | CW55: 0 | DA55: 0 | DB55: 0 | DC55: 0 | DD55: 0 | DE55: 0 | DF55: 0 | DG55: 0 | DH55: 0 | DI55: 0 | DJ55: 0 | DK55: 0 | DL55: 0 | DM55: 0 | DN55: 0 | DO55: 0 | DP55: 0 | DQ55: 0 | DR55: 0 | DS55: 0 | DT55: Qızlar | DW55: Fənn müsabiqələri | DX55: 0 | DY55: 0 | DZ55: 0 | EA55: 0 | EB55: 0 | EY55: Qızlar | FB55: Fənn müsabiqələri | FC55: 0 | FD55: 0 | FE55: 0 | FF55: 0 | FG55: 0 | FK55: 0 | FL55: 0 | FM55: 0 | FN55: 0 | FO55: 63.406634 | FP55: 58.040537 | FQ55: 60.186976 | FR55: 0 | FS55: 0 | FT55: 0 | FU55: 58.335577 | FV55: 63.694872 | FW55: 61.551154 | FX55: 0 | FY55: 0 | FZ55: 60.871106 | GA55: 60.867705 | GB55: 60.869065 | GC55: 0 | GD55: Qızlar | GG55: Fənn müsabiqələri | GH55: 0 | GI55: 0 | GJ55: 0 | GK55: 0 | GL55: 0 | HI55: Qızlar | HL55: Fənn müsabiqələri | HM55: 0 | HN55: 0 | HO55: 0 | HP55: 0 | HQ55: 0 | HU55: 55.830357 | HV55: 0 | HW55: 0 | HX55: 0 | HY55: 56.84504 | HZ55: 0 | IA55: 56.84504 | IB55: 0 | IC55: 0 | ID55: 0 | IE55: 58.568651 | IF55: 0 | IG55: 58.568651 | IH55: 0 | II55: 0 | IJ55: 59.40754 | IK55: 0 | IL55: 59.40754 | IM55: 0 | IN55: Qızlar | IQ55: Fənn müsabiqələri | IR55: 0 | IS55: 0 | IT55: 0 | IU55: 0 | IV55: 0 | IZ55: 73.283085 | JA55: 0 | JB55: 0 | JC55: 0 | JD55: 75.783713 | JE55: 0 | JF55: 75.783713 | JG55: 0 | JH55: 0 | JI55: 0 | JJ55: 74.833621 | JK55: 0 | JL55: 74.833621 | JM55: 0 | JN55: 0 | JO55: 76.203225 | JP55: 0 | JQ55: 76.203225 | JR55: 0 | JS55: Qızlar | JV55: Fənn müsabiqələri | JW55: 0 | JX55: 0 | JY55: 0 | JZ55: 0 | KA55: 0 | KX55: Qızlar | LA55: Fənn müsabiqələri | LB55: 0 | LC55: 0 | LD55: 0 | LE55: 0 | LF55: 0 | LJ55: 71.768182 | LK55: 0 | LL55: 0 | LM55: 0 | LN55: 62.386837 | LO55: 37.028409 | LP55: 63.99678 | LQ55: 0 | LR55: 0 | LS55: 0 | LT55: 65.513636 | LU55: 34.893939 | LV55: 66.791818 | LW55: 0 | LX55: 0 | LY55: 64.715388 | LZ55: 36.756629 | MA55: 66.177633 | MB55: 0 | MC55: Qızlar | MF55: Fənn müsabiqələri | MG55: 0 | MH55: 0 | MI55: 0 | MJ55: 0 | MK55: 0 | NH55: Qızlar
AH56: Təqdimat Müsabiqələri | AI56: 0 | AJ56: 0 | AK56: 0 | AL56: 0 | AM56: 0 | BJ56: (80-100] | BM56: Təqdimat Müsabiqələri | BN56: 0 | BO56: 0 | BP56: 0 | BQ56: 0 | BR56: 0 | CO56: (80-100] | CR56: Təqdimat Müsabiqələri | CS56: 0 | CT56: 0 | CU56: 0 | CV56: 0 | CW56: 0 | DT56: (80-100] | DW56: Təqdimat Müsabiqələri | DX56: 0 | DY56: 0 | DZ56: 0 | EA56: 0 | EB56: 0 | EY56: (80-100] | FB56: Təqdimat Müsabiqələri | FC56: 0 | FD56: 0 | FE56: 0 | FF56: 0 | FG56: 0 | FO56: 20.745421 | FP56: 18.426129 | FQ56: 19.092796 | FU56: 20.555556 | FV56: 25.964591 | FW56: 23.015873 | FZ56: 18.849206 | GA56: 20.47619 | GB56: 21.269841 | GD56: (80-100] | GG56: Təqdimat Müsabiqələri | GH56: 0 | GI56: 0 | GJ56: 0 | GK56: 0 | GL56: 0 | GP56: 45.780934 | GT56: 20.427512 | GU56: 20.536167 | GV56: 22.794193 | GZ56: 29.935361 | HA56: 31.649646 | HB56: 30.4571 | HE56: 25.79147 | HF56: 27.943485 | HG56: 29.279649 | HI56: (80-100] | HL56: Təqdimat Müsabiqələri | HM56: 0 | HN56: 0 | HO56: 0 | HP56: 0 | HQ56: 0 | HU56: 34.41968 | HY56: 18.913043 | IA56: 18.913043 | IE56: 22.082205 | IG56: 22.082205 | IJ56: 21.663813 | IL56: 21.663813 | IN56: (80-100] | IQ56: Təqdimat Müsabiqələri | IR56: 0 | IS56: 0 | IT56: 0 | IU56: 0 | IV56: 0 | IZ56: 32.395309 | JD56: 42.269996 | JF56: 42.269996 | JJ56: 33.352247 | JL56: 33.352247 | JO56: 40.033483 | JQ56: 40.033483 | JS56: (80-100] | JV56: Təqdimat Müsabiqələri | JW56: 0 | JX56: 0 | JY56: 0 | JZ56: 0 | KA56: 0 | KE56: 29.7114 | KI56: 17.203463 | KJ56: 24.464646 | KK56: 22.246753 | KO56: 24.635642 | KP56: 23.421356 | KQ56: 24.341991 | KT56: 22.048341 | KU56: 25.841991 | KV56: 23.548341 | KX56: (80-100] | LA56: Təqdimat Müsabiqələri | LB56: 0 | LC56: 0 | LD56: 0 | LE56: 0 | LF56: 0 | LJ56: 20.538278 | LN56: 16.789132 | LO56: 29.066986 | LP56: 15.473342 | LT56: 10.150376 | LU56: 29.824561 | LV56: 14.912281 | LY56: 9.862725 | LZ56: 24.162679 | MA56: 13.271816 | MB56: 0 | MC56: (80-100] | MF56: Təqdimat Müsabiqələri | MG56: 0 | MH56: 0 | MI56: 0 | MJ56: 0 | MK56: 0 | MO56: 43.512427 | MS56: 21.975512 | MT56: 32.044956 | MU56: 32.044956 | MY56: 47.368421 | MZ56: 45.808967 | NA56: 42.105263 | ND56: 31.551535 | NE56: 37.381213 | NF56: 37.454313 | NH56: (80-100]
AH57: Məntiq olimpiadası | AI57: 0 | AJ57: 0 | AK57: 0 | AL57: 0 | AM57: 0 | BJ57: (60-80] | BM57: Məntiq olimpiadası | BN57: 0 | BO57: 0 | BP57: 0 | BQ57: 0 | BR57: 0 | CO57: (60-80] | CR57: Məntiq olimpiadası | CS57: 0 | CT57: 0 | CU57: 0 | CV57: 0 | CW57: 0 | DT57: (60-80] | DW57: Məntiq olimpiadası | DX57: 0 | DY57: 0 | DZ57: 0 | EA57: 0 | EB57: 0 | EY57: (60-80] | FB57: Məntiq olimpiadası | FC57: 0 | FD57: 0 | FE57: 0 | FF57: 0 | FG57: 0 | FO57: 27.118437 | FP57: 29.453602 | FQ57: 31.493284 | FU57: 24.993895 | FV57: 30.659341 | FW57: 28.583639 | FZ57: 28.073871 | GA57: 30.030525 | GB57: 28.595849 | GD57: (60-80] | GG57: Məntiq olimpiadası | GH57: 0 | GI57: 0 | GJ57: 0 | GK57: 0 | GL57: 0 | GP57: 36.515212 | GT57: 31.145604 | GU57: 36.753428 | GV57: 30.998225 | GZ57: 22.06792 | HA57: 25.840929 | HB57: 25.747762 | HE57: 26.345202 | HF57: 25.823224 | HG57: 24.368013 | HI57: (60-80] | HL57: Məntiq olimpiadası | HM57: 0 | HN57: 0 | HO57: 0 | HP57: 0 | HQ57: 0 | HU57: 32.372286 | HY57: 26.637681 | IA57: 26.637681 | IE57: 22.448638 | IG57: 22.448638 | IJ57: 21.813718 | IL57: 21.813718 | IN57: (60-80] | IQ57: Məntiq olimpiadası | IR57: 0 | IS57: 0 | IT57: 0 | IU57: 0 | IV57: 0 | IZ57: 33.286972 | JD57: 26.022227 | JF57: 26.022227 | JJ57: 37.534364 | JL57: 37.534364 | JO57: 30.598185 | JQ57: 30.598185 | JS57: (60-80] | JV57: Məntiq olimpiadası | JW57: 0 | JX57: 0 | JY57: 0 | JZ57: 0 | KA57: 0 | KE57: 31.334055 | KI57: 38.925685 | KJ57: 28.934343 | KK57: 31.310967 | KO57: 27.406205 | KP57: 32.374459 | KQ57: 32.120491 | KT57: 30.787157 | KU57: 29.120491 | KV57: 30.660173 | KX57: (60-80] | LA57: Məntiq olimpiadası | LB57: 0 | LC57: 0 | LD57: 0 | LE57: 0 | LF57: 0 | LJ57: 49.880383 | LN57: 26.656562 | LO57: 42.583732 | LP57: 29.646993 | LT57: 52.170198 | LU57: 55.639098 | LV57: 50.979722 | LY57: 39.987196 | LZ57: 52.033493 | MA57: 39.030258 | MB57: 0 | MC57: (60-80] | MF57: Məntiq olimpiadası | MG57: 0 | MH57: 0 | MI57: 0 | MJ57: 0 | MK57: 0 | MO57: 34.237939 | MS57: 55.747442 | MT57: 55.57383 | MU57: 56.962719 | MY57: 36.159844 | MZ57: 46.881092 | NA57: 50.584795 | ND57: 51.580775 | NE57: 54.258041 | NF57: 54.184942 | NH57: (60-80]
AH58: STEAM yarışları | AI58: 0 | AJ58: 0 | AK58: 0 | AL58: 0 | AM58: 0 | BJ58: (30-60] | BM58: STEAM yarışları | BN58: 0 | BO58: 0 | BP58: 0 | BQ58: 0 | BR58: 0 | CO58: (30-60] | CR58: STEAM yarışları | CS58: 0 | CT58: 0 | CU58: 0 | CV58: 0 | CW58: 0 | DT58: (30-60] | DW58: STEAM yarışları | DX58: 0 | DY58: 0 | DZ58: 0 | EA58: 0 | EB58: 0 | EY58: (30-60] | FB58: STEAM yarışları | FC58: 0 | FD58: 0 | FE58: 0 | FF58: 0 | FG58: 0 | FO58: 50.469475 | FP58: 50.453602 | FQ58: 46.913919 | FU58: 54.450549 | FV58: 43.376068 | FW58: 48.400488 | FZ58: 51.410256 | GA58: 47.826618 | GB58: 49.300977 | GD58: (30-60] | GG58: STEAM yarışları | GH58: 0 | GI58: 0 | GJ58: 0 | GK58: 0 | GL58: 0 | GP58: 17.703854 | GT58: 48.426884 | GU58: 41.985768 | GV58: 45.586463 | GZ58: 47.99672 | HA58: 41.795139 | HB58: 43.080853 | HE58: 47.863327 | HF58: 44.923767 | HG58: 45.042814 | HI58: (30-60] | HL58: STEAM yarışları | HM58: 0 | HN58: 0 | HO58: 0 | HP58: 0 | HQ58: 0 | HU58: 33.208035 | HY58: 50.391304 | IA58: 50.391304 | IE58: 55.469156 | IG58: 55.469156 | IJ58: 55.797831 | IL58: 55.797831 | IN58: (30-60] | IQ58: STEAM yarışları | IR58: 0 | IS58: 0 | IT58: 0 | IU58: 0 | IV58: 0 | IZ58: 34.317718 | JD58: 31.707777 | JF58: 31.707777 | JJ58: 29.113389 | JL58: 29.113389 | JO58: 29.368332 | JQ58: 29.368332 | JS58: (30-60] | JV58: STEAM yarışları | JW58: 0 | JX58: 0 | JY58: 0 | JZ58: 0 | KA58: 0 | KE58: 38.954545 | KI58: 43.204185 | KJ58: 46.60101 | KK58: 46.44228 | KO58: 47.958153 | KP58: 44.204185 | KQ58: 43.537518 | KT58: 47.164502 | KU58: 45.037518 | KV58: 45.791486 | KX58: (30-60] | LA58: STEAM yarışları | LB58: 0 | LC58: 0 | LD58: 0 | LE58: 0 | LF58: 0 | LJ58: 29.58134 | LN58: 52.20648 | LO58: 28.349282 | LP58: 50.531838 | LT58: 37.679426 | LU58: 14.536341 | LV58: 34.107997 | LY58: 50.150079 | LZ58: 23.803828 | MA58: 47.697926 | MB58: 0 | MC58: (30-60] | MF58: STEAM yarışları | MG58: 0 | MH58: 0 | MI58: 0 | MJ58: 0 | MK58: 0 | MO58: 22.249635 | MS58: 20.961257 | MT58: 12.381213 | MU58: 10.992325 | MY58: 16.471735 | MZ58: 7.3099415 | NA58: 7.3099415 | ND58: 15.551901 | NE58: 8.3607456 | NF58: 8.3607456 | NH58: (30-60]
AH59: Digər milli və beynəlxalq olimpiada, yarış və müsabiqələr | AI59: 0 | AJ59: 0 | AK59: 0 | AL59: 0 | AM59: 0 | BJ59: [0-30] | BM59: Digər milli və beynəlxalq olimpiada, yarış və müsabiqələr | BN59: 0 | BO59: 0 | BP59: 0 | BQ59: 0 | BR59: 0 | CO59: [0-30] | CR59: Digər milli və beynəlxalq olimpiada, yarış və müsabiqələr | CS59: 0 | CT59: 0 | CU59: 0 | CV59: 0 | CW59: 0 | DT59: [0-30] | DW59: Digər milli və beynəlxalq olimpiada, yarış və müsabiqələr | DX59: 0 | DY59: 0 | DZ59: 0 | EA59: 0 | EB59: 0 | EY59: [0-30] | FB59: Digər milli və beynəlxalq olimpiada, yarış və müsabiqələr | FC59: 0 | FD59: 0 | FE59: 0 | FF59: 0 | FG59: 0 | FO59: 1.6666667 | FP59: 1.6666667 | FQ59: 2.5 | FU59: 0 | FV59: 0 | FW59: 0 | FZ59: 1.6666667 | GA59: 1.6666667 | GB59: 0.83333333 | GD59: [0-30] | GG59: Digər milli və beynəlxalq olimpiada, yarış və müsabiqələr | GH59: 0 | GI59: 0 | GJ59: 0 | GK59: 0 | GL59: 0 | GP59: 0 | GT59: 0 | GU59: 0.72463768 | GV59: 0.62111801 | GZ59: 0 | HA59: 0.71428571 | HB59: 0.71428571 | HE59: 0 | HF59: 1.3095238 | HG59: 1.3095238 | HI59: [0-30] | HL59: Digər milli və beynəlxalq olimpiada, yarış və müsabiqələr | HM59: 0 | HN59: 0 | HO59: 0 | HP59: 0 | HQ59: 0 | HU59: 0 | HY59: 4.057971 | IA59: 4.057971 | IE59: 0 | IG59: 0 | IJ59: 0.72463768 | IL59: 0.72463768 | IN59: [0-30] | IQ59: Digər milli və beynəlxalq olimpiada, yarış və müsabiqələr | IR59: 0 | IS59: 0 | IT59: 0 | IU59: 0 | IV59: 0 | IZ59: 0 | JD59: 0 | JF59: 0 | JJ59: 0 | JL59: 0 | JO59: 0 | JQ59: 0 | JS59: [0-30] | JV59: Digər milli və beynəlxalq olimpiada, yarış və müsabiqələr | JW59: 0 | JX59: 0 | JY59: 0 | JZ59: 0 | KA59: 0 | KE59: 0 | KI59: 0.66666667 | KJ59: 0 | KK59: 0 | KO59: 0 | KP59: 0 | KQ59: 0 | KT59: 0 | KU59: 0 | KV59: 0 | KX59: [0-30] | LA59: Digər milli və beynəlxalq olimpiada, yarış və müsabiqələr | LB59: 0 | LC59: 0 | LD59: 0 | LE59: 0 | LF59: 0 | LJ59: 0 | LN59: 4.3478261 | LO59: 0 | LP59: 4.3478261 | LT59: 0 | LU59: 0 | LV59: 0 | LY59: 0 | LZ59: 0 | MA59: 0 | MB59: 100 | MC59: [0-30] | MF59: Digər milli və beynəlxalq olimpiada, yarış və müsabiqələr | MG59: 0 | MH59: 0 | MI59: 0 | MJ59: 0 | MK59: 0 | MO59: 0 | MS59: 1.3157895 | MT59: 0 | MU59: 0 | MY59: 0 | MZ59: 0 | NA59: 0 | ND59: 1.3157895 | NE59: 0 | NF59: 0 | NH59: [0-30]
AG60: 109 | AH60: Ümumi tarix | AI60: 0 | AJ60: 0 | AK60: 12 | AL60: 10 | AM60: 22 | BJ60: Ümumi | BL60: 109 | BM60: Ümumi tarix | BN60: 0 | BO60: 0 | BP60: 75 | BQ60: 53 | BR60: 128 | CO60: Ümumi | CQ60: 109 | CR60: Ümumi tarix | CS60: 0 | CT60: 0 | CU60: 89 | CV60: 61 | CW60: 150 | DT60: Ümumi | DV60: 109 | DW60: Ümumi tarix | DX60: 0 | DY60: 0 | DZ60: 52 | EA60: 41 | EB60: 93 | EY60: Ümumi | FA60: 109 | FB60: Ümumi tarix | FC60: 0 | FD60: 0 | FE60: 84 | FF60: 50 | FG60: 134 | GD60: Ümumi | GF60: 109 | GG60: Ümumi tarix | GH60: 207 | GI60: 0 | GJ60: 67 | GK60: 67 | GL60: 134 | GT60: 62.02105 | GV60: 62.02105 | GZ60: 61.898715 | HB60: 61.898715 | HE60: 61.877395 | HG60: 61.877395 | HI60: Ümumi | HK60: 109 | HL60: Ümumi tarix | HM60: 239 | HN60: 0 | HO60: 80 | HP60: 52 | HQ60: 132 | HR60: 3.9993209 | HS60: 4.2959684 | HT60: 4.0429452 | HU60: 69.003226 | HY60: 59.969891 | IA60: 59.969891 | IE60: 61.05855 | IG60: 61.05855 | IJ60: 59.979537 | IL60: 59.979537 | IN60: Ümumi | IP60: 109 | IQ60: Ümumi tarix | IR60: 306 | IS60: 0 | IT60: 80 | IU60: 65 | IV60: 145 | IW60: 0.1616031 | IX60: 0.24009604 | IY60: 0.18907563 | IZ60: 68.347516 | JD60: 68.125953 | JF60: 68.125953 | JJ60: 69.115346 | JL60: 69.115346 | JO60: 68.468479 | JQ60: 68.468479 | JS60: Ümumi | JU60: 109 | JV60: Ümumi tarix | JW60: 172.5 | JX60: 0 | JY60: 54 | JZ60: 53 | KA60: 107 | KE60: 69.481219 | KI60: 63.035476 | KJ60: 63.582612 | KK60: 63.419472 | KO60: 63.817595 | KP60: 63.716681 | KQ60: 63.757047 | KT60: 63.426536 | KU60: 63.652424 | KV60: 63.562069 | KX60: Ümumi | KZ60: 109 | LA60: Ümumi tarix | LB60: 207 | LC60: 0 | LD60: 49 | LE60: 37 | LF60: 86 | LJ60: 66.592424 | LN60: 61.289152 | LP60: 61.289152 | LT60: 63.17092 | LV60: 63.17092 | LY60: 62.308932 | MA60: 62.308932 | MB60: 6.5 | MC60: Ümumi | ME60: 109 | MF60: Ümumi tarix | MG60: 204 | MH60: 0 | MI60: 21 | MJ60: 32 | MK60: 53 | MO60: 70.128655 | MS60: 70.326023 | MT60: 69.157895 | MU60: 69.625146 | MY60: 79.034698 | MZ60: 80.203216 | NA60: 79.735809 | ND60: 74.680361 | NE60: 74.680556 | NF60: 74.680478 | NH60: Ümumi
AH61: Fənn olimpiadaları | AI61: 0 | AJ61: 0 | AK61: 0 | AL61: 0 | AM61: 0 | AN61: 0 | AO61: 0 | AP61: 0 | BJ61: Oğlanlar | BM61: Fənn olimpiadaları | BN61: 0 | BO61: 0 | BP61: 0 | BQ61: 0 | BR61: 0 | BS61: 0 | BT61: 0 | BU61: 0 | CO61: Oğlanlar | CR61: Fənn olimpiadaları | CS61: 0 | CT61: 0 | CU61: 0 | CV61: 0 | CW61: 0 | CX61: 0 | CY61: 0 | CZ61: 0 | DA61: 0 | DB61: 0 | DC61: 0 | DD61: 0 | DE61: 0 | DF61: 0 | DG61: 0 | DH61: 0 | DI61: 0 | DJ61: 0 | DK61: 0 | DL61: 0 | DM61: 0 | DN61: 0 | DO61: 0 | DP61: 0 | DQ61: 0 | DR61: 0 | DS61: 0 | DT61: Oğlanlar | DW61: Fənn olimpiadaları | DX61: 0 | DY61: 0 | DZ61: 0 | EA61: 0 | EB61: 0 | EC61: 0 | ED61: 0 | EE61: 0 | EY61: Oğlanlar | FB61: Fənn olimpiadaları | FC61: 0 | FD61: 0 | FE61: 0 | FF61: 0 | FG61: 0 | FH61: 0 | FI61: 0 | FJ61: 0 | FK61: 0 | FL61: 0 | FM61: 0 | FN61: 0 | FO61: 0 | FP61: 0 | FQ61: 0 | FR61: 0 | FS61: 0 | FT61: 0 | FU61: 0 | FV61: 0 | FW61: 0 | FX61: 0 | FY61: 0 | FZ61: 0 | GA61: 0 | GB61: 0 | GC61: 0 | GD61: Oğlanlar | GG61: Fənn olimpiadaları | GH61: 0 | GI61: 0 | GJ61: 0 | GK61: 0 | GL61: 0 | GM61: 7 | GN61: 19 | GO61: 26 | HI61: Oğlanlar | HL61: Fənn olimpiadaları | HM61: 0 | HN61: 0 | HO61: 0 | HP61: 0 | HQ61: 0 | HR61: 116 | HS61: 71 | HT61: 187 | HU61: 55.347111 | HV61: 0 | HW61: 0 | HX61: 0 | HY61: 59.738934 | HZ61: 0 | IA61: 59.738934 | IB61: 0 | IC61: 0 | ID61: 0 | IE61: 59.100881 | IF61: 0 | IG61: 59.100881 | IH61: 0 | II61: 0 | IJ61: 59.419907 | IK61: 0 | IL61: 59.419907 | IM61: 0 | IN61: Oğlanlar | IQ61: Fənn olimpiadaları | IR61: 0 | IS61: 0 | IT61: 0 | IU61: 0 | IV61: 0 | IW61: 5 | IX61: 4 | IY61: 9 | IZ61: 65.512301 | JA61: 0 | JB61: 0 | JC61: 0 | JD61: 66.013727 | JE61: 0 | JF61: 66.013727 | JG61: 0 | JH61: 0 | JI61: 0 | JJ61: 63.673265 | JK61: 0 | JL61: 63.673265 | JM61: 0 | JN61: 0 | JO61: 65.852154 | JP61: 0 | JQ61: 65.852154 | JR61: 0 | JS61: Oğlanlar | JV61: Fənn olimpiadaları | JW61: 0 | JX61: 0 | JY61: 0 | JZ61: 0 | KA61: 0 | KB61: 43 | KC61: 20 | KD61: 63 | KX61: Oğlanlar | LA61: Fənn olimpiadaları | LB61: 0 | LC61: 0 | LD61: 0 | LE61: 0 | LF61: 0 | LG61: 20 | LH61: 13 | LI61: 33 | LJ61: 46.167165 | LK61: 0 | LL61: 0 | LM61: 0 | LN61: 43.893092 | LO61: 0 | LP61: 43.893092 | LQ61: 0 | LR61: 0 | LS61: 0 | LT61: 42.937662 | LU61: 0 | LV61: 42.937662 | LW61: 0 | LX61: 0 | LY61: 44.884675 | LZ61: 0 | MA61: 44.884675 | MB61: 0.68421053 | MC61: Oğlanlar | MF61: Fənn olimpiadaları | MG61: 0 | MH61: 0 | MI61: 0 | MJ61: 0 | MK61: 0 | ML61: 0 | MM61: 31 | MN61: 31 | NH61: Oğlanlar
AH62: Fənn müsabiqələri | AI62: 0 | AJ62: 0 | AK62: 0 | AL62: 0 | AM62: 0 | BJ62: Qızlar | BM62: Fənn müsabiqələri | BN62: 0 | BO62: 0 | BP62: 0 | BQ62: 0 | BR62: 0 | CO62: Qızlar | CR62: Fənn müsabiqələri | CS62: 0 | CT62: 0 | CU62: 0 | CV62: 0 | CW62: 0 | DA62: 0 | DB62: 0 | DC62: 0 | DD62: 0 | DE62: 0 | DF62: 0 | DG62: 0 | DH62: 0 | DI62: 0 | DJ62: 0 | DK62: 0 | DL62: 0 | DM62: 0 | DN62: 0 | DO62: 0 | DP62: 0 | DQ62: 0 | DR62: 0 | DS62: 0 | DT62: Qızlar | DW62: Fənn müsabiqələri | DX62: 0 | DY62: 0 | DZ62: 0 | EA62: 0 | EB62: 0 | EY62: Qızlar | FB62: Fənn müsabiqələri | FC62: 0 | FD62: 0 | FE62: 0 | FF62: 0 | FG62: 0 | FK62: 0 | FL62: 0 | FM62: 0 | FN62: 0 | FO62: 0 | FP62: 0 | FQ62: 0 | FR62: 0 | FS62: 0 | FT62: 0 | FU62: 0 | FV62: 0 | FW62: 0 | FX62: 0 | FY62: 0 | FZ62: 0 | GA62: 0 | GB62: 0 | GC62: 0 | GD62: Qızlar | GG62: Fənn müsabiqələri | GH62: 0 | GI62: 0 | GJ62: 0 | GK62: 0 | GL62: 0 | HI62: Qızlar | HL62: Fənn müsabiqələri | HM62: 0 | HN62: 0 | HO62: 0 | HP62: 0 | HQ62: 0 | HU62: 55.151786 | HV62: 0 | HW62: 0 | HX62: 0 | HY62: 58.809524 | HZ62: 0 | IA62: 58.809524 | IB62: 0 | IC62: 0 | ID62: 0 | IE62: 62.549206 | IF62: 0 | IG62: 62.549206 | IH62: 0 | II62: 0 | IJ62: 62.470337 | IK62: 0 | IL62: 62.470337 | IM62: 0 | IN62: Qızlar | IQ62: Fənn müsabiqələri | IR62: 0 | IS62: 0 | IT62: 0 | IU62: 0 | IV62: 0 | IZ62: 72.693485 | JA62: 0 | JB62: 0 | JC62: 0 | JD62: 72.590934 | JE62: 0 | JF62: 72.590934 | JG62: 0 | JH62: 0 | JI62: 0 | JJ62: 72.734079 | JK62: 0 | JL62: 72.734079 | JM62: 0 | JN62: 0 | JO62: 73.439587 | JP62: 0 | JQ62: 73.439587 | JR62: 0 | JS62: Qızlar | JV62: Fənn müsabiqələri | JW62: 0 | JX62: 0 | JY62: 0 | JZ62: 0 | KA62: 0 | KX62: Qızlar | LA62: Fənn müsabiqələri | LB62: 0 | LC62: 0 | LD62: 0 | LE62: 0 | LF62: 0 | LJ62: 55.850379 | LK62: 0 | LL62: 0 | LM62: 0 | LN62: 49.006313 | LO62: 0 | LP62: 49.006313 | LQ62: 0 | LR62: 0 | LS62: 0 | LT62: 50.985322 | LU62: 0 | LV62: 50.985322 | LW62: 0 | LX62: 0 | LY62: 50.965515 | LZ62: 0 | MA62: 50.965515 | MB62: 0 | MC62: Qızlar | MF62: Fənn müsabiqələri | MG62: 0 | MH62: 0 | MI62: 0 | MJ62: 0 | MK62: 0 | NH62: Qızlar
AH63: Təqdimat Müsabiqələri | AI63: 0 | AJ63: 0 | AK63: 0 | AL63: 0 | AM63: 0 | BJ63: (80-100] | BM63: Təqdimat Müsabiqələri | BN63: 0 | BO63: 0 | BP63: 0 | BQ63: 0 | BR63: 0 | CO63: (80-100] | CR63: Təqdimat Müsabiqələri | CS63: 0 | CT63: 0 | CU63: 0 | CV63: 0 | CW63: 0 | DT63: (80-100] | DW63: Təqdimat Müsabiqələri | DX63: 0 | DY63: 0 | DZ63: 0 | EA63: 0 | EB63: 0 | EY63: (80-100] | FB63: Təqdimat Müsabiqələri | FC63: 0 | FD63: 0 | FE63: 0 | FF63: 0 | FG63: 0 | GD63: (80-100] | GG63: Təqdimat Müsabiqələri | GH63: 0 | GI63: 0 | GJ63: 0 | GK63: 0 | GL63: 0 | GT63: 23.485624 | GV63: 23.485624 | GZ63: 29.720793 | HB63: 29.720793 | HE63: 27.508206 | HG63: 27.508206 | HI63: (80-100] | HL63: Təqdimat Müsabiqələri | HM63: 0 | HN63: 0 | HO63: 0 | HP63: 0 | HQ63: 0 | HU63: 29.950114 | HY63: 18.451564 | IA63: 18.451564 | IE63: 27.687795 | IG63: 27.687795 | IJ63: 22.649772 | IL63: 22.649772 | IN63: (80-100] | IQ63: Təqdimat Müsabiqələri | IR63: 0 | IS63: 0 | IT63: 0 | IU63: 0 | IV63: 0 | IZ63: 29.105584 | JD63: 32.559511 | JF63: 32.559511 | JJ63: 38.900123 | JL63: 38.900123 | JO63: 34.972362 | JQ63: 34.972362 | JS63: (80-100] | JV63: Təqdimat Müsabiqələri | JW63: 0 | JX63: 0 | JY63: 0 | JZ63: 0 | KA63: 0 | KE63: 29.921356 | KI63: 21.088023 | KJ63: 24.761905 | KK63: 24.436508 | KO63: 25.088023 | KP63: 22.794372 | KQ63: 26.048341 | KT63: 23.381674 | KU63: 25.178932 | KV63: 25.972583 | KX63: (80-100] | LA63: Təqdimat Müsabiqələri | LB63: 0 | LC63: 0 | LD63: 0 | LE63: 0 | LF63: 0 | LJ63: 18.636364 | LN63: 21.666667 | LP63: 21.666667 | LT63: 20.21721 | LV63: 20.21721 | LY63: 17.272727 | MA63: 17.272727 | MB63: 0 | MC63: (80-100] | MF63: Təqdimat Müsabiqələri | MG63: 0 | MH63: 0 | MI63: 0 | MJ63: 0 | MK63: 0 | MO63: 32.309942 | MS63: 13.74269 | MT63: 19.152047 | MU63: 21.929825 | MY63: 57.163743 | MZ63: 51.900585 | NA63: 57.163743 | ND63: 29.824561 | NE63: 29.97076 | NF63: 32.602339 | NH63: (80-100]
AH64: Məntiq olimpiadası | AI64: 0 | AJ64: 0 | AK64: 0 | AL64: 0 | AM64: 0 | BJ64: (60-80] | BM64: Məntiq olimpiadası | BN64: 0 | BO64: 0 | BP64: 0 | BQ64: 0 | BR64: 0 | CO64: (60-80] | CR64: Məntiq olimpiadası | CS64: 0 | CT64: 0 | CU64: 0 | CV64: 0 | CW64: 0 | DT64: (60-80] | DW64: Məntiq olimpiadası | DX64: 0 | DY64: 0 | DZ64: 0 | EA64: 0 | EB64: 0 | EY64: (60-80] | FB64: Məntiq olimpiadası | FC64: 0 | FD64: 0 | FE64: 0 | FF64: 0 | FG64: 0 | GD64: (60-80] | GG64: Məntiq olimpiadası | GH64: 0 | GI64: 0 | GJ64: 0 | GK64: 0 | GL64: 0 | GT64: 29.155472 | GV64: 29.155472 | GZ64: 19.633137 | HB64: 19.633137 | HE64: 22.278079 | HG64: 22.278079 | HI64: (60-80] | HL64: Məntiq olimpiadası | HM64: 0 | HN64: 0 | HO64: 0 | HP64: 0 | HQ64: 0 | HU64: 39.18866 | HY64: 26.877956 | IA64: 26.877956 | IE64: 21.753331 | IG64: 21.753331 | IJ64: 21.288355 | IL64: 21.288355 | IN64: (60-80] | IQ64: Məntiq olimpiadası | IR64: 0 | IS64: 0 | IT64: 0 | IU64: 0 | IV64: 0 | IZ64: 38.89149 | JD64: 32.959375 | JF64: 32.959375 | JJ64: 30.353913 | JL64: 30.353913 | JO64: 33.478855 | JQ64: 33.478855 | JS64: (60-80] | JV64: Məntiq olimpiadası | JW64: 0 | JX64: 0 | JY64: 0 | JZ64: 0 | KA64: 0 | KE64: 30.981962 | KI64: 32.041126 | KJ64: 27.843434 | KK64: 29.39899 | KO64: 26.069264 | KP64: 32.041126 | KQ64: 30.080808 | KT64: 27.287157 | KU64: 30.28355 | KV64: 27.862915 | KX64: (60-80] | LA64: Məntiq olimpiadası | LB64: 0 | LC64: 0 | LD64: 0 | LE64: 0 | LF64: 0 | LJ64: 44.242424 | LN64: 32.055336 | LP64: 32.055336 | LT64: 44.212805 | LV64: 44.212805 | LY64: 38.722003 | MA64: 38.722003 | MB64: 0 | MC64: (60-80] | MF64: Məntiq olimpiadası | MG64: 0 | MH64: 0 | MI64: 0 | MJ64: 0 | MK64: 0 | MO64: 43.128655 | MS64: 70.02924 | MT64: 64.912281 | MU64: 64.766082 | MY64: 34.795322 | MZ64: 42.690058 | NA64: 37.426901 | ND64: 62.134503 | NE64: 61.988304 | NF64: 61.988304 | NH64: (60-80]
AH65: STEAM yarışları | AI65: 0 | AJ65: 0 | AK65: 0 | AL65: 0 | AM65: 0 | BJ65: (30-60] | BM65: STEAM yarışları | BN65: 0 | BO65: 0 | BP65: 0 | BQ65: 0 | BR65: 0 | CO65: (30-60] | CR65: STEAM yarışları | CS65: 0 | CT65: 0 | CU65: 0 | CV65: 0 | CW65: 0 | DT65: (30-60] | DW65: STEAM yarışları | DX65: 0 | DY65: 0 | DZ65: 0 | EA65: 0 | EB65: 0 | EY65: (30-60] | FB65: STEAM yarışları | FC65: 0 | FD65: 0 | FE65: 0 | FF65: 0 | FG65: 0 | GD65: (30-60] | GG65: STEAM yarışları | GH65: 0 | GI65: 0 | GJ65: 0 | GK65: 0 | GL65: 0 | GT65: 47.358904 | GV65: 47.358904 | GZ65: 50.64607 | HB65: 50.64607 | HE65: 50.213715 | HG65: 50.213715 | HI65: (30-60] | HL65: STEAM yarışları | HM65: 0 | HN65: 0 | HO65: 0 | HP65: 0 | HQ65: 0 | HU65: 30.861226 | HY65: 50.61251 | IA65: 50.61251 | IE65: 49.917848 | IG65: 49.917848 | IJ65: 55.337235 | IL65: 55.337235 | IN65: (30-60] | IQ65: STEAM yarışları | IR65: 0 | IS65: 0 | IT65: 0 | IU65: 0 | IV65: 0 | IZ65: 32.002925 | JD65: 33.766828 | JF65: 33.766828 | JJ65: 30.745964 | JL65: 30.745964 | JO65: 31.548783 | JQ65: 31.548783 | JS65: (30-60] | JV65: STEAM yarışları | JW65: 0 | JX65: 0 | JY65: 0 | JZ65: 0 | KA65: 0 | KE65: 39.096681 | KI65: 46.204185 | KJ65: 47.394661 | KK65: 46.164502 | KO65: 48.842713 | KP65: 45.164502 | KQ65: 43.870851 | KT65: 49.331169 | KU65: 44.537518 | KV65: 46.164502 | KX65: (30-60] | LA65: STEAM yarışları | LB65: 0 | LC65: 0 | LD65: 0 | LE65: 0 | LF65: 0 | LJ65: 37.121212 | LN65: 40.480896 | LP65: 40.480896 | LT65: 35.569986 | LV65: 35.569986 | LY65: 42.555995 | MA65: 42.555995 | MB65: 0 | MC65: (30-60] | MF65: STEAM yarışları | MG65: 0 | MH65: 0 | MI65: 0 | MJ65: 0 | MK65: 0 | MO65: 24.561404 | MS65: 16.22807 | MT65: 13.304094 | MU65: 10.672515 | MY65: 8.0409357 | MZ65: 5.4093567 | NA65: 5.4093567 | ND65: 8.0409357 | NE65: 8.0409357 | NF65: 5.4093567 | NH65: (30-60]
AH66: Digər milli və beynəlxalq olimpiada, yarış və müsabiqələr | AI66: 0 | AJ66: 0 | AK66: 0 | AL66: 0 | AM66: 0 | BJ66: [0-30] | BM66: Digər milli və beynəlxalq olimpiada, yarış və müsabiqələr | BN66: 0 | BO66: 0 | BP66: 0 | BQ66: 0 | BR66: 0 | CO66: [0-30] | CR66: Digər milli və beynəlxalq olimpiada, yarış və müsabiqələr | CS66: 0 | CT66: 0 | CU66: 0 | CV66: 0 | CW66: 0 | DT66: [0-30] | DW66: Digər milli və beynəlxalq olimpiada, yarış və müsabiqələr | DX66: 0 | DY66: 0 | DZ66: 0 | EA66: 0 | EB66: 0 | EY66: [0-30] | FB66: Digər milli və beynəlxalq olimpiada, yarış və müsabiqələr | FC66: 0 | FD66: 0 | FE66: 0 | FF66: 0 | FG66: 0 | GD66: [0-30] | GG66: Digər milli və beynəlxalq olimpiada, yarış və müsabiqələr | GH66: 0 | GI66: 0 | GJ66: 0 | GK66: 0 | GL66: 0 | GT66: 0 | GV66: 0 | GZ66: 0 | HB66: 0 | HE66: 0 | HG66: 0 | HI66: [0-30] | HL66: Digər milli və beynəlxalq olimpiada, yarış və müsabiqələr | HM66: 0 | HN66: 0 | HO66: 0 | HP66: 0 | HQ66: 0 | HU66: 0 | HY66: 4.057971 | IA66: 4.057971 | IE66: 0.64102564 | IG66: 0.64102564 | IJ66: 0.72463768 | IL66: 0.72463768 | IN66: [0-30] | IQ66: Digər milli və beynəlxalq olimpiada, yarış və müsabiqələr | IR66: 0 | IS66: 0 | IT66: 0 | IU66: 0 | IV66: 0 | IZ66: 0 | JD66: 0.71428571 | JF66: 0.71428571 | JJ66: 0 | JL66: 0 | JO66: 0 | JQ66: 0 | JS66: [0-30] | JV66: Digər milli və beynəlxalq olimpiada, yarış və müsabiqələr | JW66: 0 | JX66: 0 | JY66: 0 | JZ66: 0 | KA66: 0 | KE66: 0 | KI66: 0.66666667 | KJ66: 0 | KK66: 0 | KO66: 0 | KP66: 0 | KQ66: 0 | KT66: 0 | KU66: 0 | KV66: 0 | KX66: [0-30] | LA66: Digər milli və beynəlxalq olimpiada, yarış və müsabiqələr | LB66: 0 | LC66: 0 | LD66: 0 | LE66: 0 | LF66: 0 | LJ66: 0 | LN66: 5.7971014 | LP66: 5.7971014 | LT66: 0 | LV66: 0 | LY66: 1.4492754 | MA66: 1.4492754 | MB66: 100 | MC66: [0-30] | MF66: Digər milli və beynəlxalq olimpiada, yarış və müsabiqələr | MG66: 0 | MH66: 0 | MI66: 0 | MJ66: 0 | MK66: 0 | MO66: 0 | MS66: 0 | MT66: 2.6315789 | MU66: 2.6315789 | MY66: 0 | MZ66: 0 | NA66: 0 | ND66: 0 | NE66: 0 | NF66: 0 | NH66: [0-30]
AG67: 110 | AH67: Fizika | AI67: 0 | AJ67: 0 | AK67: 12 | AL67: 10 | AM67: 22 | BJ67: Ümumi | BL67: 110 | BM67: Fizika | BN67: 0 | BO67: 0 | BP67: 75 | BQ67: 53 | BR67: 128 | CO67: Ümumi | CQ67: 110 | CR67: Fizika | CS67: 0 | CT67: 0 | CU67: 89 | CV67: 61 | CW67: 150 | DT67: Ümumi | DV67: 110 | DW67: Fizika | DX67: 0 | DY67: 0 | DZ67: 52 | EA67: 41 | EB67: 93 | EY67: Ümumi | FA67: 110 | FB67: Fizika | FC67: 0 | FD67: 0 | FE67: 84 | FF67: 50 | FG67: 134 | GD67: Ümumi | GF67: 110 | GG67: Fizika | GH67: 241 | GI67: 0 | GJ67: 67 | GK67: 67 | GL67: 134 | GT67: 63.134287 | GV67: 63.134287 | GZ67: 65.871649 | HB67: 65.871649 | HE67: 64.393031 | HG67: 64.393031 | HI67: Ümumi | HK67: 110 | HL67: Fizika | HM67: 410 | HN67: 0 | HO67: 80 | HP67: 52 | HQ67: 132 | HR67: 2.5193532 | HS67: 3.3230792 | HT67: 2.8235364 | HU67: 68.419135 | HY67: 64.971515 | IA67: 64.971515 | IE67: 62.826218 | IG67: 62.826218 | IJ67: 63.420606 | IL67: 63.420606 | IN67: Ümumi | IP67: 110 | IQ67: Fizika | IR67: 476 | IS67: 0 | IT67: 80 | IU67: 65 | IV67: 145 | IW67: 0.75055663 | IX67: 0.84033613 | IY67: 0.81476069 | IZ67: 67.799713 | JD67: 63.888731 | JF67: 63.888731 | JJ67: 65.465443 | JL67: 65.465443 | JO67: 64.701044 | JQ67: 64.701044 | JS67: Ümumi | JU67: 110 | JV67: Fizika | JW67: 517.5 | JX67: 0 | JY67: 54 | JZ67: 53 | KA67: 107 | KE67: 70.266919 | KI67: 59.820964 | KJ67: 60.180476 | KK67: 60.109291 | KO67: 62.25493 | KP67: 65.886638 | KQ67: 64.433955 | KT67: 61.037947 | KU67: 63.014708 | KV67: 62.224004 | KX67: Ümumi | KZ67: 110 | LA67: Fizika | LB67: 238 | LC67: 0 | LD67: 49 | LE67: 37 | LF67: 86 | LJ67: 59.859091 | LN67: 73.049862 | LO67: 62.363354 | LP67: 66.637957 | LT67: 67.429293 | LU67: 66.051948 | LV67: 66.602886 | LY67: 70.23266 | LZ67: 64.046584 | MA67: 66.521014 | MC67: Ümumi | ME67: 110 | MF67: Fizika | MG67: 306 | MH67: 0 | MI67: 21 | MJ67: 32 | MK67: 53 | MO67: 79.152778 | MS67: 85.181713 | MT67: 80.045139 | MU67: 82.099769 | MY67: 82.056713 | MZ67: 83.413194 | NA67: 82.870602 | ND67: 83.619213 | NE67: 81.729167 | NF67: 82.485185 | NH67: Ümumi
AH68: Fənn olimpiadaları | AI68: 0 | AJ68: 0 | AK68: 0 | AL68: 0 | AM68: 0 | AN68: 0 | AO68: 0 | AP68: 0 | BJ68: Oğlanlar | BM68: Fənn olimpiadaları | BN68: 0 | BO68: 0 | BP68: 0 | BQ68: 0 | BR68: 0 | BS68: 0 | BT68: 0 | BU68: 0 | CO68: Oğlanlar | CR68: Fənn olimpiadaları | CS68: 0 | CT68: 0 | CU68: 0 | CV68: 0 | CW68: 0 | CX68: 0 | CY68: 0 | CZ68: 0 | DA68: 0 | DB68: 0 | DC68: 0 | DD68: 0 | DE68: 0 | DF68: 0 | DG68: 0 | DH68: 0 | DI68: 0 | DJ68: 0 | DK68: 0 | DL68: 0 | DM68: 0 | DN68: 0 | DO68: 0 | DP68: 0 | DQ68: 0 | DR68: 0 | DS68: 0 | DT68: Oğlanlar | DW68: Fənn olimpiadaları | DX68: 0 | DY68: 0 | DZ68: 0 | EA68: 0 | EB68: 0 | EC68: 0 | ED68: 0 | EE68: 0 | EY68: Oğlanlar | FB68: Fənn olimpiadaları | FC68: 0 | FD68: 0 | FE68: 0 | FF68: 0 | FG68: 0 | FH68: 0 | FI68: 0 | FJ68: 0 | FK68: 0 | FL68: 0 | FM68: 0 | FN68: 0 | FO68: 0 | FP68: 0 | FQ68: 0 | FR68: 0 | FS68: 0 | FT68: 0 | FU68: 0 | FV68: 0 | FW68: 0 | FX68: 0 | FY68: 0 | FZ68: 0 | GA68: 0 | GB68: 0 | GC68: 0 | GD68: Oğlanlar | GG68: Fənn olimpiadaları | GH68: 0 | GI68: 0 | GJ68: 0 | GK68: 0 | GL68: 0 | GM68: 44 | GN68: 34 | GO68: 78 | HI68: Oğlanlar | HL68: Fənn olimpiadaları | HM68: 0 | HN68: 0 | HO68: 0 | HP68: 0 | HQ68: 0 | HR68: 141 | HS68: 108 | HT68: 249 | HU68: 54.637432 | HV68: 0 | HW68: 0 | HX68: 0 | HY68: 64.829644 | HZ68: 0 | IA68: 64.829644 | IB68: 0 | IC68: 0 | ID68: 0 | IE68: 60.814566 | IF68: 0 | IG68: 60.814566 | IH68: 0 | II68: 0 | IJ68: 63.112509 | IK68: 0 | IL68: 63.112509 | IM68: 0 | IN68: Oğlanlar | IQ68: Fənn olimpiadaları | IR68: 0 | IS68: 0 | IT68: 0 | IU68: 0 | IV68: 0 | IW68: 46 | IX68: 33 | IY68: 79 | IZ68: 64.773199 | JA68: 0 | JB68: 0 | JC68: 0 | JD68: 60.549346 | JE68: 0 | JF68: 60.549346 | JG68: 0 | JH68: 0 | JI68: 0 | JJ68: 62.076299 | JK68: 0 | JL68: 62.076299 | JM68: 0 | JN68: 0 | JO68: 61.706762 | JP68: 0 | JQ68: 61.706762 | JR68: 0 | JS68: Oğlanlar | JV68: Fənn olimpiadaları | JW68: 0 | JX68: 0 | JY68: 0 | JZ68: 0 | KA68: 0 | KB68: 46 | KC68: 27 | KD68: 73 | KX68: Oğlanlar | LA68: Fənn olimpiadaları | LB68: 0 | LC68: 0 | LD68: 0 | LE68: 0 | LF68: 0 | LG68: 15 | LH68: 11 | LI68: 26 | LJ68: 29.313397 | LK68: 0 | LL68: 0 | LM68: 0 | LN68: 35.307616 | LO68: 32.094498 | LP68: 33.379745 | LQ68: 0 | LR68: 0 | LS68: 0 | LT68: 33.890351 | LU68: 33.316986 | LV68: 33.546332 | LW68: 0 | LX68: 0 | LY68: 34.945474 | LZ68: 32.936005 | MA68: 33.739793 | MB68: 0 | MC68: Oğlanlar | MF68: Fənn olimpiadaları | MG68: 0 | MH68: 0 | MI68: 0 | MJ68: 0 | MK68: 0 | ML68: 17 | MM68: 6 | MN68: 23 | NH68: Oğlanlar
AH69: Fənn müsabiqələri | AI69: 0 | AJ69: 0 | AK69: 0 | AL69: 0 | AM69: 0 | BJ69: Qızlar | BM69: Fənn müsabiqələri | BN69: 0 | BO69: 0 | BP69: 0 | BQ69: 0 | BR69: 0 | CO69: Qızlar | CR69: Fənn müsabiqələri | CS69: 0 | CT69: 0 | CU69: 0 | CV69: 0 | CW69: 0 | DA69: 0 | DB69: 0 | DC69: 0 | DD69: 0 | DE69: 0 | DF69: 0 | DG69: 0 | DH69: 0 | DI69: 0 | DJ69: 0 | DK69: 0 | DL69: 0 | DM69: 0 | DN69: 0 | DO69: 0 | DP69: 0 | DQ69: 0 | DR69: 0 | DS69: 0 | DT69: Qızlar | DW69: Fənn müsabiqələri | DX69: 0 | DY69: 0 | DZ69: 0 | EA69: 0 | EB69: 0 | EY69: Qızlar | FB69: Fənn müsabiqələri | FC69: 0 | FD69: 0 | FE69: 0 | FF69: 0 | FG69: 0 | FK69: 0 | FL69: 0 | FM69: 0 | FN69: 0 | FO69: 0 | FP69: 0 | FQ69: 0 | FR69: 0 | FS69: 0 | FT69: 0 | FU69: 0 | FV69: 0 | FW69: 0 | FX69: 0 | FY69: 0 | FZ69: 0 | GA69: 0 | GB69: 0 | GC69: 0 | GD69: Qızlar | GG69: Fənn müsabiqələri | GH69: 0 | GI69: 0 | GJ69: 0 | GK69: 0 | GL69: 0 | HI69: Qızlar | HL69: Fənn müsabiqələri | HM69: 0 | HN69: 0 | HO69: 0 | HP69: 0 | HQ69: 0 | HU69: 57.295238 | HV69: 0 | HW69: 0 | HX69: 0 | HY69: 63.05119 | HZ69: 0 | IA69: 63.05119 | IB69: 0 | IC69: 0 | ID69: 0 | IE69: 61.23254 | IF69: 0 | IG69: 61.23254 | IH69: 0 | II69: 0 | IJ69: 63.895933 | IK69: 0 | IL69: 63.895933 | IM69: 0 | IN69: Qızlar | IQ69: Fənn müsabiqələri | IR69: 0 | IS69: 0 | IT69: 0 | IU69: 0 | IV69: 0 | IZ69: 72.953257 | JA69: 0 | JB69: 0 | JC69: 0 | JD69: 69.597956 | JE69: 0 | JF69: 69.597956 | JG69: 0 | JH69: 0 | JI69: 0 | JJ69: 69.290097 | JK69: 0 | JL69: 69.290097 | JM69: 0 | JN69: 0 | JO69: 69.90321 | JP69: 0 | JQ69: 69.90321 | JR69: 0 | JS69: Qızlar | JV69: Fənn müsabiqələri | JW69: 0 | JX69: 0 | JY69: 0 | JZ69: 0 | KA69: 0 | KX69: Qızlar | LA69: Fənn müsabiqələri | LB69: 0 | LC69: 0 | LD69: 0 | LE69: 0 | LF69: 0 | LJ69: 27.7625 | LK69: 0 | LL69: 0 | LM69: 0 | LN69: 43.3 | LO69: 29.05 | LP69: 34.75 | LQ69: 0 | LR69: 0 | LS69: 0 | LT69: 31.779167 | LU69: 30.675 | LV69: 31.116667 | LW69: 0 | LX69: 0 | LY69: 37.539583 | LZ69: 29.8625 | MA69: 32.933333 | MB69: 0 | MC69: Qızlar | MF69: Fənn müsabiqələri | MG69: 0 | MH69: 0 | MI69: 0 | MJ69: 0 | MK69: 0 | NH69: Qızlar
AH70: Təqdimat Müsabiqələri | AI70: 0 | AJ70: 0 | AK70: 0 | AL70: 0 | AM70: 0 | BJ70: (80-100] | BM70: Təqdimat Müsabiqələri | BN70: 0 | BO70: 0 | BP70: 0 | BQ70: 0 | BR70: 0 | CO70: (80-100] | CR70: Təqdimat Müsabiqələri | CS70: 0 | CT70: 0 | CU70: 0 | CV70: 0 | CW70: 0 | DT70: (80-100] | DW70: Təqdimat Müsabiqələri | DX70: 0 | DY70: 0 | DZ70: 0 | EA70: 0 | EB70: 0 | EY70: (80-100] | FB70: Təqdimat Müsabiqələri | FC70: 0 | FD70: 0 | FE70: 0 | FF70: 0 | FG70: 0 | GD70: (80-100] | GG70: Təqdimat Müsabiqələri | GH70: 0 | GI70: 0 | GJ70: 0 | GK70: 0 | GL70: 0 | GT70: 18.904553 | GV70: 18.904553 | GZ70: 27.569627 | HB70: 27.569627 | HE70: 18.775153 | HG70: 18.775153 | HI70: (80-100] | HL70: Təqdimat Müsabiqələri | HM70: 0 | HN70: 0 | HO70: 0 | HP70: 0 | HQ70: 0 | HU70: 35.36476 | HY70: 19.125095 | IA70: 19.125095 | IE70: 22.75933 | IG70: 22.75933 | IJ70: 22.243457 | IL70: 22.243457 | IN70: (80-100] | IQ70: Təqdimat Müsabiqələri | IR70: 0 | IS70: 0 | IT70: 0 | IU70: 0 | IV70: 0 | IZ70: 28.394391 | JD70: 16.817142 | JF70: 16.817142 | JJ70: 18.469494 | JL70: 18.469494 | JO70: 18.942019 | JQ70: 18.942019 | JS70: (80-100] | JV70: Təqdimat Müsabiqələri | JW70: 0 | JX70: 0 | JY70: 0 | JZ70: 0 | KA70: 0 | KE70: 30.505051 | KI70: 18.430736 | KJ70: 21.132756 | KK70: 19.981962 | KO70: 15.691919 | KP70: 21.406205 | KQ70: 20.533189 | KT70: 18.227994 | KU70: 18.945887 | KV70: 19.779221 | KX70: (80-100] | LA70: Təqdimat Müsabiqələri | LB70: 0 | LC70: 0 | LD70: 0 | LE70: 0 | LF70: 0 | LJ70: 15 | LN70: 23.809524 | LO70: 23.809524 | LP70: 26.190476 | LT70: 28.571429 | LU70: 28.571429 | LV70: 28.571429 | LY70: 28.571429 | LZ70: 28.571429 | MA70: 28.571429 | MC70: (80-100] | MF70: Təqdimat Müsabiqələri | MG70: 0 | MH70: 0 | MI70: 0 | MJ70: 0 | MK70: 0 | MO70: 54.861111 | MS70: 60.763889 | MT70: 60.763889 | MU70: 60.763889 | MY70: 60.763889 | MZ70: 60.763889 | NA70: 60.763889 | ND70: 60.763889 | NE70: 60.763889 | NF70: 60.763889 | NH70: (80-100]
AH71: Məntiq olimpiadası | AI71: 0 | AJ71: 0 | AK71: 0 | AL71: 0 | AM71: 0 | BJ71: (60-80] | BM71: Məntiq olimpiadası | BN71: 0 | BO71: 0 | BP71: 0 | BQ71: 0 | BR71: 0 | CO71: (60-80] | CR71: Məntiq olimpiadası | CS71: 0 | CT71: 0 | CU71: 0 | CV71: 0 | CW71: 0 | DT71: (60-80] | DW71: Məntiq olimpiadası | DX71: 0 | DY71: 0 | DZ71: 0 | EA71: 0 | EB71: 0 | EY71: (60-80] | FB71: Məntiq olimpiadası | FC71: 0 | FD71: 0 | FE71: 0 | FF71: 0 | FG71: 0 | GD71: (60-80] | GG71: Məntiq olimpiadası | GH71: 0 | GI71: 0 | GJ71: 0 | GK71: 0 | GL71: 0 | GT71: 35.427275 | GV71: 35.427275 | GZ71: 29.847974 | HB71: 29.847974 | HE71: 36.802721 | HG71: 36.802721 | HI71: (60-80] | HL71: Məntiq olimpiadası | HM71: 0 | HN71: 0 | HO71: 0 | HP71: 0 | HQ71: 0 | HU71: 26.752403 | HY71: 35.771167 | IA71: 35.771167 | IE71: 27.36861 | IG71: 27.36861 | IJ71: 29.045628 | IL71: 29.045628 | IN71: (60-80] | IQ71: Məntiq olimpiadası | IR71: 0 | IS71: 0 | IT71: 0 | IU71: 0 | IV71: 0 | IZ71: 38.14092 | JD71: 37.924307 | JF71: 37.924307 | JJ71: 38.529228 | JL71: 38.529228 | JO71: 37.654314 | JQ71: 37.654314 | JS71: (60-80] | JV71: Məntiq olimpiadası | JW71: 0 | JX71: 0 | JY71: 0 | JZ71: 0 | KA71: 0 | KE71: 37.775613 | KI71: 27.458874 | KJ71: 31.820346 | KK71: 32.415584 | KO71: 37.811688 | KP71: 39.478355 | KQ71: 39.478355 | KT71: 29.212843 | KU71: 40.605339 | KV71: 38.184704 | KX71: (60-80] | LA71: Məntiq olimpiadası | LB71: 0 | LC71: 0 | LD71: 0 | LE71: 0 | LF71: 0 | LJ71: 35.909091 | LN71: 35.17316 | LO71: 32.298137 | LP71: 30.411255 | LT71: 28.030303 | LU71: 28.030303 | LV71: 28.030303 | LY71: 28.030303 | LZ71: 27.536232 | MA71: 29.710145 | MC71: (60-80] | MF71: Məntiq olimpiadası | MG71: 0 | MH71: 0 | MI71: 0 | MJ71: 0 | MK71: 0 | MO71: 36.805556 | MS71: 33.680556 | MT71: 33.680556 | MU71: 33.680556 | MY71: 33.680556 | MZ71: 33.680556 | NA71: 33.680556 | ND71: 33.680556 | NE71: 33.680556 | NF71: 33.680556 | NH71: (60-80]
AH72: STEAM yarışları | AI72: 0 | AJ72: 0 | AK72: 0 | AL72: 0 | AM72: 0 | BJ72: (30-60] | BM72: STEAM yarışları | BN72: 0 | BO72: 0 | BP72: 0 | BQ72: 0 | BR72: 0 | CO72: (30-60] | CR72: STEAM yarışları | CS72: 0 | CT72: 0 | CU72: 0 | CV72: 0 | CW72: 0 | DT72: (30-60] | DW72: STEAM yarışları | DX72: 0 | DY72: 0 | DZ72: 0 | EA72: 0 | EB72: 0 | EY72: (30-60] | FB72: STEAM yarışları | FC72: 0 | FD72: 0 | FE72: 0 | FF72: 0 | FG72: 0 | GD72: (30-60] | GG72: STEAM yarışları | GH72: 0 | GI72: 0 | GJ72: 0 | GK72: 0 | GL72: 0 | GT72: 45.118722 | GV72: 45.118722 | GZ72: 42.582399 | HB72: 42.582399 | HE72: 44.422125 | HG72: 44.422125 | HI72: (30-60] | HL72: STEAM yarışları | HM72: 0 | HN72: 0 | HO72: 0 | HP72: 0 | HQ72: 0 | HU72: 37.882838 | HY72: 44.3791 | IA72: 44.3791 | IE72: 49.87206 | IG72: 49.87206 | IJ72: 47.986277 | IL72: 47.986277 | IN72: (30-60] | IQ72: STEAM yarışları | IR72: 0 | IS72: 0 | IT72: 0 | IU72: 0 | IV72: 0 | IZ72: 33.464689 | JD72: 45.258552 | JF72: 45.258552 | JJ72: 43.001278 | JL72: 43.001278 | JO72: 43.403667 | JQ72: 43.403667 | JS72: (30-60] | JV72: STEAM yarışları | JW72: 0 | JX72: 0 | JY72: 0 | JZ72: 0 | KA72: 0 | KE72: 31.719336 | KI72: 46.206349 | KJ72: 43.792929 | KK72: 44.348485 | KO72: 44.909091 | KP72: 35.782107 | KQ72: 39.155123 | KT72: 50.971861 | KU72: 38.821789 | KV72: 42.036075 | KX72: (30-60] | LA72: STEAM yarışları | LB72: 0 | LC72: 0 | LD72: 0 | LE72: 0 | LF72: 0 | LJ72: 49.090909 | LN72: 41.017316 | LO72: 43.89234 | LP72: 43.398268 | LT72: 43.398268 | LU72: 43.398268 | LV72: 43.398268 | LY72: 43.398268 | LZ72: 43.89234 | MA72: 41.718427 | MC72: (30-60] | MF72: STEAM yarışları | MG72: 0 | MH72: 0 | MI72: 0 | MJ72: 0 | MK72: 0 | MO72: 8.3333333 | MS72: 5.5555556 | MT72: 5.5555556 | MU72: 5.5555556 | MY72: 5.5555556 | MZ72: 5.5555556 | NA72: 5.5555556 | ND72: 5.5555556 | NE72: 5.5555556 | NF72: 5.5555556 | NH72: (30-60]
AH73: Digər milli və beynəlxalq olimpiada, yarış və müsabiqələr | AI73: 0 | AJ73: 0 | AK73: 0 | AL73: 0 | AM73: 0 | BJ73: [0-30] | BM73: Digər milli və beynəlxalq olimpiada, yarış və müsabiqələr | BN73: 0 | BO73: 0 | BP73: 0 | BQ73: 0 | BR73: 0 | CO73: [0-30] | CR73: Digər milli və beynəlxalq olimpiada, yarış və müsabiqələr | CS73: 0 | CT73: 0 | CU73: 0 | CV73: 0 | CW73: 0 | DT73: [0-30] | DW73: Digər milli və beynəlxalq olimpiada, yarış və müsabiqələr | DX73: 0 | DY73: 0 | DZ73: 0 | EA73: 0 | EB73: 0 | EY73: [0-30] | FB73: Digər milli və beynəlxalq olimpiada, yarış və müsabiqələr | FC73: 0 | FD73: 0 | FE73: 0 | FF73: 0 | FG73: 0 | GD73: [0-30] | GG73: Digər milli və beynəlxalq olimpiada, yarış və müsabiqələr | GH73: 0 | GI73: 0 | GJ73: 0 | GK73: 0 | GL73: 0 | GT73: 0.54945055 | GV73: 0.54945055 | GZ73: 0 | HB73: 0 | HE73: 0 | HG73: 0 | HI73: [0-30] | HL73: Digər milli və beynəlxalq olimpiada, yarış və müsabiqələr | HM73: 0 | HN73: 0 | HO73: 0 | HP73: 0 | HQ73: 0 | HU73: 0 | HY73: 0.72463768 | IA73: 0.72463768 | IE73: 0 | IG73: 0 | IJ73: 0.72463768 | IL73: 0.72463768 | IN73: [0-30] | IQ73: Digər milli və beynəlxalq olimpiada, yarış və müsabiqələr | IR73: 0 | IS73: 0 | IT73: 0 | IU73: 0 | IV73: 0 | IZ73: 0 | JD73: 0 | JF73: 0 | JJ73: 0 | JL73: 0 | JO73: 0 | JQ73: 0 | JS73: [0-30] | JV73: Digər milli və beynəlxalq olimpiada, yarış və müsabiqələr | JW73: 0 | JX73: 0 | JY73: 0 | JZ73: 0 | KA73: 0 | KE73: 0 | KI73: 7.9040404 | KJ73: 3.2539683 | KK73: 3.2539683 | KO73: 1.5873016 | KP73: 3.3333333 | KQ73: 0.83333333 | KT73: 1.5873016 | KU73: 1.6269841 | KV73: 0 | KX73: [0-30] | LA73: Digər milli və beynəlxalq olimpiada, yarış və müsabiqələr | LB73: 0 | LC73: 0 | LD73: 0 | LE73: 0 | LF73: 0 | LJ73: 0 | LN73: 0 | LO73: 0 | LP73: 0 | LT73: 0 | LU73: 0 | LV73: 0 | LY73: 0 | LZ73: 0 | MA73: 0 | MC73: [0-30] | MF73: Digər milli və beynəlxalq olimpiada, yarış və müsabiqələr | MG73: 0 | MH73: 0 | MI73: 0 | MJ73: 0 | MK73: 0 | MO73: 0 | MS73: 0 | MT73: 0 | MU73: 0 | MY73: 0 | MZ73: 0 | NA73: 0 | ND73: 0 | NE73: 0 | NF73: 0 | NH73: [0-30]
AG74: 111 | AH74: Kimya | AI74: 0 | AJ74: 0 | AK74: 12 | AL74: 10 | AM74: 22 | BJ74: Ümumi | BL74: 111 | BM74: Kimya | BN74: 0 | BO74: 0 | BP74: 75 | BQ74: 53 | BR74: 128 | CO74: Ümumi | CQ74: 111 | CR74: Kimya | CS74: 0 | CT74: 0 | CU74: 89 | CV74: 61 | CW74: 150 | DT74: Ümumi | DV74: 111 | DW74: Kimya | DX74: 0 | DY74: 0 | DZ74: 52 | EA74: 41 | EB74: 93 | EY74: Ümumi | FA74: 111 | FB74: Kimya | FC74: 0 | FD74: 0 | FE74: 84 | FF74: 50 | FG74: 134 | GD74: Ümumi | GF74: 111 | GG74: Kimya | GH74: 0 | GI74: 0 | GJ74: 67 | GK74: 67 | GL74: 134 | HI74: Ümumi | HK74: 111 | HL74: Kimya | HM74: 205 | HN74: 0 | HO74: 80 | HP74: 52 | HQ74: 132 | HR74: 4.4669118 | HS74: 5 | HT74: 4.6413311 | HY74: 58.182201 | IA74: 57.985563 | IE74: 59.313478 | IG74: 59.313478 | IJ74: 58.698925 | IL74: 58.698925 | IN74: Ümumi | IP74: 111 | IQ74: Kimya | IR74: 442 | IS74: 0 | IT74: 80 | IU74: 65 | IV74: 145 | IW74: 0.3788695 | IX74: 0.69027611 | IY74: 0.49872123 | IZ74: 63.630265 | JD74: 55.824787 | JF74: 55.824787 | JJ74: 59.438726 | JL74: 59.438726 | JO74: 57.407017 | JQ74: 57.407017 | JS74: Ümumi | JU74: 111 | JV74: Kimya | JW74: 344 | JX74: 0 | JY74: 54 | JZ74: 53 | KA74: 107 | KE74: 57.042323 | KI74: 53.398323 | KJ74: 54.050541 | KK74: 53.95539 | KO74: 56.136921 | KP74: 57.123629 | KQ74: 56.728946 | KT74: 54.860429 | KU74: 55.587085 | KV74: 55.401423 | KX74: Ümumi | KZ74: 111 | LA74: Kimya | LB74: 204 | LC74: 0 | LD74: 49 | LE74: 37 | LF74: 86 | LJ74: 60.429545 | LN74: 54.59334 | LO74: 50.365424 | LP74: 52.056591 | LT74: 53.930195 | LU74: 62.081169 | LV74: 58.820779 | LY74: 54.203632 | LZ74: 56.097308 | MA74: 55.339838 | MC74: Ümumi | ME74: 111 | MF74: Kimya | MG74: 272 | MH74: 0 | MI74: 21 | MJ74: 32 | MK74: 53 | MO74: 74.420139 | MS74: 75.750868 | MT74: 79.375 | MU74: 77.879596 | MY74: 74.023438 | MZ74: 79.53125 | NA74: 77.328125 | ND74: 74.887153 | NE74: 79.453125 | NF74: 77.626736 | NH74: Ümumi
AH75: Fənn olimpiadaları | AI75: 0 | AJ75: 0 | AK75: 0 | AL75: 0 | AM75: 0 | AN75: 0 | AO75: 0 | AP75: 0 | BJ75: Oğlanlar | BM75: Fənn olimpiadaları | BN75: 0 | BO75: 0 | BP75: 0 | BQ75: 0 | BR75: 0 | BS75: 0 | BT75: 0 | BU75: 0 | CO75: Oğlanlar | CR75: Fənn olimpiadaları | CS75: 0 | CT75: 0 | CU75: 0 | CV75: 0 | CW75: 0 | CX75: 0 | CY75: 0 | CZ75: 0 | DA75: 0 | DB75: 0 | DC75: 0 | DD75: 0 | DE75: 0 | DF75: 0 | DG75: 0 | DH75: 0 | DI75: 0 | DJ75: 0 | DK75: 0 | DL75: 0 | DM75: 0 | DN75: 0 | DO75: 0 | DP75: 0 | DQ75: 0 | DR75: 0 | DS75: 0 | DT75: Oğlanlar | DW75: Fənn olimpiadaları | DX75: 0 | DY75: 0 | DZ75: 0 | EA75: 0 | EB75: 0 | EC75: 0 | ED75: 0 | EE75: 0 | EY75: Oğlanlar | FB75: Fənn olimpiadaları | FC75: 0 | FD75: 0 | FE75: 0 | FF75: 0 | FG75: 0 | FH75: 0 | FI75: 0 | FJ75: 0 | FK75: 0 | FL75: 0 | FM75: 0 | FN75: 0 | FO75: 0 | FP75: 0 | FQ75: 0 | FR75: 0 | FS75: 0 | FT75: 0 | FU75: 0 | FV75: 0 | FW75: 0 | FX75: 0 | FY75: 0 | FZ75: 0 | GA75: 0 | GB75: 0 | GC75: 0 | GD75: Oğlanlar | GG75: Fənn olimpiadaları | GH75: 0 | GI75: 0 | GJ75: 0 | GK75: 0 | GL75: 0 | GM75: 0 | GN75: 0 | GO75: 0 | HI75: Oğlanlar | HL75: Fənn olimpiadaları | HM75: 0 | HN75: 0 | HO75: 0 | HP75: 0 | HQ75: 0 | HR75: 129 | HS75: 82 | HT75: 211 | HU75: 0 | HV75: 0 | HW75: 0 | HX75: 0 | HY75: 57.993778 | HZ75: 0 | IA75: 57.045629 | IB75: 0 | IC75: 0 | ID75: 0 | IE75: 57.745837 | IF75: 0 | IG75: 57.745837 | IH75: 0 | II75: 0 | IJ75: 58.511221 | IK75: 0 | IL75: 58.511221 | IM75: 0 | IN75: Oğlanlar | IQ75: Fənn olimpiadaları | IR75: 0 | IS75: 0 | IT75: 0 | IU75: 0 | IV75: 0 | IW75: 12 | IX75: 16 | IY75: 28 | IZ75: 60.956976 | JA75: 0 | JB75: 0 | JC75: 0 | JD75: 53.792584 | JE75: 0 | JF75: 53.792584 | JG75: 0 | JH75: 0 | JI75: 0 | JJ75: 56.347471 | JK75: 0 | JL75: 56.347471 | JM75: 0 | JN75: 0 | JO75: 55.825439 | JP75: 0 | JQ75: 55.825439 | JR75: 0 | JS75: Oğlanlar | JV75: Fənn olimpiadaları | JW75: 0 | JX75: 0 | JY75: 0 | JZ75: 0 | KA75: 0 | KB75: 91 | KC75: 60 | KD75: 151 | KX75: Oğlanlar | LA75: Fənn olimpiadaları | LB75: 0 | LC75: 0 | LD75: 0 | LE75: 0 | LF75: 0 | LG75: 16 | LH75: 7 | LI75: 23 | LJ75: 28.583732 | LK75: 0 | LL75: 0 | LM75: 0 | LN75: 25.866627 | LO75: 22.381579 | LP75: 23.775598 | LQ75: 0 | LR75: 0 | LS75: 0 | LT75: 24.457935 | LU75: 29.444976 | LV75: 27.450159 | LW75: 0 | LX75: 0 | LY75: 25.458333 | LZ75: 26.176435 | MA75: 25.889195 | MB75: 0 | MC75: Oğlanlar | MF75: Fənn olimpiadaları | MG75: 0 | MH75: 0 | MI75: 0 | MJ75: 0 | MK75: 0 | ML75: 74 | MM75: 25 | MN75: 99 | NH75: Oğlanlar
AH76: Fənn müsabiqələri | AI76: 0 | AJ76: 0 | AK76: 0 | AL76: 0 | AM76: 0 | BJ76: Qızlar | BM76: Fənn müsabiqələri | BN76: 0 | BO76: 0 | BP76: 0 | BQ76: 0 | BR76: 0 | CO76: Qızlar | CR76: Fənn müsabiqələri | CS76: 0 | CT76: 0 | CU76: 0 | CV76: 0 | CW76: 0 | DA76: 0 | DB76: 0 | DC76: 0 | DD76: 0 | DE76: 0 | DF76: 0 | DG76: 0 | DH76: 0 | DI76: 0 | DJ76: 0 | DK76: 0 | DL76: 0 | DM76: 0 | DN76: 0 | DO76: 0 | DP76: 0 | DQ76: 0 | DR76: 0 | DS76: 0 | DT76: Qızlar | DW76: Fənn müsabiqələri | DX76: 0 | DY76: 0 | DZ76: 0 | EA76: 0 | EB76: 0 | EY76: Qızlar | FB76: Fənn müsabiqələri | FC76: 0 | FD76: 0 | FE76: 0 | FF76: 0 | FG76: 0 | FK76: 0 | FL76: 0 | FM76: 0 | FN76: 0 | FO76: 0 | FP76: 0 | FQ76: 0 | FR76: 0 | FS76: 0 | FT76: 0 | FU76: 0 | FV76: 0 | FW76: 0 | FX76: 0 | FY76: 0 | FZ76: 0 | GA76: 0 | GB76: 0 | GC76: 0 | GD76: Qızlar | GG76: Fənn müsabiqələri | GH76: 0 | GI76: 0 | GJ76: 0 | GK76: 0 | GL76: 0 | HI76: Qızlar | HL76: Fənn müsabiqələri | HM76: 0 | HN76: 0 | HO76: 0 | HP76: 0 | HQ76: 0 | HU76: 0 | HV76: 0 | HW76: 0 | HX76: 0 | HY76: 56.082937 | HZ76: 0 | IA76: 56.082937 | IB76: 0 | IC76: 0 | ID76: 0 | IE76: 57.768849 | IF76: 0 | IG76: 57.768849 | IH76: 0 | II76: 0 | IJ76: 58.899306 | IK76: 0 | IL76: 58.899306 | IM76: 0 | IN76: Qızlar | IQ76: Fənn müsabiqələri | IR76: 0 | IS76: 0 | IT76: 0 | IU76: 0 | IV76: 0 | IZ76: 68.184301 | JA76: 0 | JB76: 0 | JC76: 0 | JD76: 59.70259 | JE76: 0 | JF76: 59.70259 | JG76: 0 | JH76: 0 | JI76: 0 | JJ76: 62.357849 | JK76: 0 | JL76: 62.357849 | JM76: 0 | JN76: 0 | JO76: 61.73561 | JP76: 0 | JQ76: 61.73561 | JR76: 0 | JS76: Qızlar | JV76: Fənn müsabiqələri | JW76: 0 | JX76: 0 | JY76: 0 | JZ76: 0 | KA76: 0 | KX76: Qızlar | LA76: Fənn müsabiqələri | LB76: 0 | LC76: 0 | LD76: 0 | LE76: 0 | LF76: 0 | LJ76: 31.2375 | LK76: 0 | LL76: 0 | LM76: 0 | LN76: 31.183333 | LO76: 31.275 | LP76: 31.238333 | LQ76: 0 | LR76: 0 | LS76: 0 | LT76: 31.56875 | LU76: 34.625 | LV76: 33.4025 | LW76: 0 | LX76: 0 | LY76: 31.376042 | LZ76: 32.95 | MA76: 32.320417 | MB76: 0 | MC76: Qızlar | MF76: Fənn müsabiqələri | MG76: 0 | MH76: 0 | MI76: 0 | MJ76: 0 | MK76: 0 | NH76: Qızlar
AH77: Təqdimat Müsabiqələri | AI77: 0 | AJ77: 0 | AK77: 0 | AL77: 0 | AM77: 0 | BJ77: (80-100] | BM77: Təqdimat Müsabiqələri | BN77: 0 | BO77: 0 | BP77: 0 | BQ77: 0 | BR77: 0 | CO77: (80-100] | CR77: Təqdimat Müsabiqələri | CS77: 0 | CT77: 0 | CU77: 0 | CV77: 0 | CW77: 0 | DT77: (80-100] | DW77: Təqdimat Müsabiqələri | DX77: 0 | DY77: 0 | DZ77: 0 | EA77: 0 | EB77: 0 | EY77: (80-100] | FB77: Təqdimat Müsabiqələri | FC77: 0 | FD77: 0 | FE77: 0 | FF77: 0 | FG77: 0 | GD77: (80-100] | GG77: Təqdimat Müsabiqələri | GH77: 0 | GI77: 0 | GJ77: 0 | GK77: 0 | GL77: 0 | HI77: (80-100] | HL77: Təqdimat Müsabiqələri | HM77: 0 | HN77: 0 | HO77: 0 | HP77: 0 | HQ77: 0 | HY77: 14.268879 | IA77: 13.698703 | IE77: 17.335563 | IG77: 17.335563 | IJ77: 16.373626 | IL77: 16.373626 | IN77: (80-100] | IQ77: Təqdimat Müsabiqələri | IR77: 0 | IS77: 0 | IT77: 0 | IU77: 0 | IV77: 0 | IZ77: 17.436561 | JD77: 8.6506993 | JF77: 8.6506993 | JJ77: 14.131057 | JL77: 14.131057 | JO77: 9.6075663 | JQ77: 9.6075663 | JS77: (80-100] | JV77: Təqdimat Müsabiqələri | JW77: 0 | JX77: 0 | JY77: 0 | JZ77: 0 | KA77: 0 | KE77: 17.510101 | KI77: 9.2655123 | KJ77: 14.117605 | KK77: 13.998557 | KO77: 13.244589 | KP77: 17.25974 | KQ77: 17.25974 | KT77: 12.371573 | KU77: 14.950938 | KV77: 14.871573 | KX77: (80-100] | LA77: Təqdimat Müsabiqələri | LB77: 0 | LC77: 0 | LD77: 0 | LE77: 0 | LF77: 0 | LJ77: 15 | LN77: 7.1428571 | LO77: 7.1428571 | LP77: 7.1428571 | LT77: 7.1428571 | LU77: 11.904762 | LV77: 9.5238095 | LY77: 7.1428571 | LZ77: 7.1428571 | MA77: 7.1428571 | MC77: (80-100] | MF77: Təqdimat Müsabiqələri | MG77: 0 | MH77: 0 | MI77: 0 | MJ77: 0 | MK77: 0 | MO77: 45.486111 | MS77: 54.861111 | MT77: 54.513889 | MU77: 58.639706 | MY77: 45.138889 | MZ77: 57.638889 | NA77: 57.638889 | ND77: 48.611111 | NE77: 57.638889 | NF77: 57.638889 | NH77: (80-100]
AH78: Məntiq olimpiadası | AI78: 0 | AJ78: 0 | AK78: 0 | AL78: 0 | AM78: 0 | BJ78: (60-80] | BM78: Məntiq olimpiadası | BN78: 0 | BO78: 0 | BP78: 0 | BQ78: 0 | BR78: 0 | CO78: (60-80] | CR78: Məntiq olimpiadası | CS78: 0 | CT78: 0 | CU78: 0 | CV78: 0 | CW78: 0 | DT78: (60-80] | DW78: Məntiq olimpiadası | DX78: 0 | DY78: 0 | DZ78: 0 | EA78: 0 | EB78: 0 | EY78: (60-80] | FB78: Məntiq olimpiadası | FC78: 0 | FD78: 0 | FE78: 0 | FF78: 0 | FG78: 0 | GD78: (60-80] | GG78: Məntiq olimpiadası | GH78: 0 | GI78: 0 | GJ78: 0 | GK78: 0 | GL78: 0 | HI78: (60-80] | HL78: Məntiq olimpiadası | HM78: 0 | HN78: 0 | HO78: 0 | HP78: 0 | HQ78: 0 | HY78: 26.71167 | IA78: 26.843249 | IE78: 24.357116 | IG78: 24.357116 | IJ78: 25.571747 | IL78: 25.571747 | IN78: (60-80] | IQ78: Məntiq olimpiadası | IR78: 0 | IS78: 0 | IT78: 0 | IU78: 0 | IV78: 0 | IZ78: 37.808518 | JD78: 30.94338 | JF78: 30.94338 | JJ78: 31.42289 | JL78: 31.42289 | JO78: 32.052067 | JQ78: 32.052067 | JS78: (60-80] | JV78: Məntiq olimpiadası | JW78: 0 | JX78: 0 | JY78: 0 | JZ78: 0 | KA78: 0 | KE78: 26.264069 | KI78: 20.934343 | KJ78: 29.386724 | KK78: 30.735931 | KO78: 31.068543 | KP78: 29.553391 | KQ78: 29.553391 | KT78: 26.930736 | KU78: 30.862193 | KV78: 31.378066 | KX78: (60-80] | LA78: Məntiq olimpiadası | LB78: 0 | LC78: 0 | LD78: 0 | LE78: 0 | LF78: 0 | LJ78: 33.409091 | LN78: 29.917184 | LO78: 29.089027 | LP78: 29.089027 | LT78: 32.359307 | LU78: 44.264069 | LV78: 39.502165 | LY78: 31.469979 | LZ78: 29.089027 | MA78: 33.850932 | MC78: (60-80] | MF78: Məntiq olimpiadası | MG78: 0 | MH78: 0 | MI78: 0 | MJ78: 0 | MK78: 0 | MO78: 28.819444 | MS78: 19.791667 | MT78: 34.375 | MU78: 29.595588 | MY78: 43.75 | MZ78: 31.25 | NA78: 31.25 | ND78: 34.722222 | NE78: 34.027778 | NF78: 31.25 | NH78: (60-80]
AH79: STEAM yarışları | AI79: 0 | AJ79: 0 | AK79: 0 | AL79: 0 | AM79: 0 | BJ79: (30-60] | BM79: STEAM yarışları | BN79: 0 | BO79: 0 | BP79: 0 | BQ79: 0 | BR79: 0 | CO79: (30-60] | CR79: STEAM yarışları | CS79: 0 | CT79: 0 | CU79: 0 | CV79: 0 | CW79: 0 | DT79: (30-60] | DW79: STEAM yarışları | DX79: 0 | DY79: 0 | DZ79: 0 | EA79: 0 | EB79: 0 | EY79: (30-60] | FB79: STEAM yarışları | FC79: 0 | FD79: 0 | FE79: 0 | FF79: 0 | FG79: 0 | GD79: (30-60] | GG79: STEAM yarışları | GH79: 0 | GI79: 0 | GJ79: 0 | GK79: 0 | GL79: 0 | HI79: (30-60] | HL79: STEAM yarışları | HM79: 0 | HN79: 0 | HO79: 0 | HP79: 0 | HQ79: 0 | HY79: 56.519451 | IA79: 56.958047 | IE79: 58.307321 | IG79: 58.307321 | IJ79: 58.054627 | IL79: 58.054627 | IN79: (30-60] | IQ79: STEAM yarışları | IR79: 0 | IS79: 0 | IT79: 0 | IU79: 0 | IV79: 0 | IZ79: 44.754921 | JD79: 60.40592 | JF79: 60.40592 | JJ79: 54.446053 | JL79: 54.446053 | JO79: 58.340367 | JQ79: 58.340367 | JS79: (30-60] | JV79: STEAM yarışları | JW79: 0 | JX79: 0 | JY79: 0 | JZ79: 0 | KA79: 0 | KE79: 55.432179 | KI79: 69.042569 | KJ79: 53.38961 | KK79: 52.199134 | KO79: 55.686869 | KP79: 53.186869 | KQ79: 53.186869 | KT79: 59.940115 | KU79: 53.429293 | KV79: 53.750361 | KX79: (30-60] | LA79: STEAM yarışları | LB79: 0 | LC79: 0 | LD79: 0 | LE79: 0 | LF79: 0 | LJ79: 51.590909 | LN79: 60.559006 | LO79: 55.072464 | LP79: 55.072464 | LT79: 55.735931 | LU79: 43.831169 | LV79: 50.974026 | LY79: 59.006211 | LZ79: 61.594203 | MA79: 59.006211 | MC79: (30-60] | MF79: STEAM yarışları | MG79: 0 | MH79: 0 | MI79: 0 | MJ79: 0 | MK79: 0 | MO79: 25.694444 | MS79: 25.347222 | MT79: 11.111111 | MU79: 11.764706 | MY79: 11.111111 | MZ79: 11.111111 | NA79: 11.111111 | ND79: 16.666667 | NE79: 8.3333333 | NF79: 11.111111 | NH79: (30-60]
AH80: Digər milli və beynəlxalq olimpiada, yarış və müsabiqələr | AI80: 0 | AJ80: 0 | AK80: 0 | AL80: 0 | AM80: 0 | BJ80: [0-30] | BM80: Digər milli və beynəlxalq olimpiada, yarış və müsabiqələr | BN80: 0 | BO80: 0 | BP80: 0 | BQ80: 0 | BR80: 0 | CO80: [0-30] | CR80: Digər milli və beynəlxalq olimpiada, yarış və müsabiqələr | CS80: 0 | CT80: 0 | CU80: 0 | CV80: 0 | CW80: 0 | DT80: [0-30] | DW80: Digər milli və beynəlxalq olimpiada, yarış və müsabiqələr | DX80: 0 | DY80: 0 | DZ80: 0 | EA80: 0 | EB80: 0 | EY80: [0-30] | FB80: Digər milli və beynəlxalq olimpiada, yarış və müsabiqələr | FC80: 0 | FD80: 0 | FE80: 0 | FF80: 0 | FG80: 0 | GD80: [0-30] | GG80: Digər milli və beynəlxalq olimpiada, yarış və müsabiqələr | GH80: 0 | GI80: 0 | GJ80: 0 | GK80: 0 | GL80: 0 | HI80: [0-30] | HL80: Digər milli və beynəlxalq olimpiada, yarış və müsabiqələr | HM80: 0 | HN80: 0 | HO80: 0 | HP80: 0 | HQ80: 0 | HY80: 2.5 | IA80: 2.5 | IE80: 0 | IG80: 0 | IJ80: 0 | IL80: 0 | IN80: [0-30] | IQ80: Digər milli və beynəlxalq olimpiada, yarış və müsabiqələr | IR80: 0 | IS80: 0 | IT80: 0 | IU80: 0 | IV80: 0 | IZ80: 0 | JD80: 0 | JF80: 0 | JJ80: 0 | JL80: 0 | JO80: 0 | JQ80: 0 | JS80: [0-30] | JV80: Digər milli və beynəlxalq olimpiada, yarış və müsabiqələr | JW80: 0 | JX80: 0 | JY80: 0 | JZ80: 0 | KA80: 0 | KE80: 0.79365079 | KI80: 0.75757576 | KJ80: 3.1060606 | KK80: 3.0663781 | KO80: 0 | KP80: 0 | KQ80: 0 | KT80: 0.75757576 | KU80: 0.75757576 | KV80: 0 | KX80: [0-30] | LA80: Digər milli və beynəlxalq olimpiada, yarış və müsabiqələr | LB80: 0 | LC80: 0 | LD80: 0 | LE80: 0 | LF80: 0 | LJ80: 0 | LN80: 2.3809524 | LO80: 8.6956522 | LP80: 8.6956522 | LT80: 4.7619048 | LU80: 0 | LV80: 0 | LY80: 2.3809524 | LZ80: 2.173913 | MA80: 0 | MC80: [0-30] | MF80: Digər milli və beynəlxalq olimpiada, yarış və müsabiqələr | MG80: 0 | MH80: 0 | MI80: 0 | MJ80: 0 | MK80: 0 | MO80: 0 | MS80: 0 | MT80: 0 | MU80: 0 | MY80: 0 | MZ80: 0 | NA80: 0 | ND80: 0 | NE80: 0 | NF80: 0 | NH80: [0-30]
AG81: 112 | AH81: Biologiya | AI81: 0 | AJ81: 0 | AK81: 12 | AL81: 10 | AM81: 22 | BJ81: Ümumi | BL81: 112 | BM81: Biologiya | BN81: 0 | BO81: 0 | BP81: 75 | BQ81: 53 | BR81: 128 | CO81: Ümumi | CQ81: 112 | CR81: Biologiya | CS81: 0 | CT81: 0 | CU81: 89 | CV81: 61 | CW81: 150 | DT81: Ümumi | DV81: 112 | DW81: Biologiya | DX81: 0 | DY81: 0 | DZ81: 52 | EA81: 41 | EB81: 93 | EY81: Ümumi | FA81: 112 | FB81: Biologiya | FC81: 0 | FD81: 0 | FE81: 84 | FF81: 50 | FG81: 134 | GD81: Ümumi | GF81: 112 | GG81: Biologiya | GH81: 414 | GI81: 0 | GJ81: 67 | GK81: 67 | GL81: 134 | GT81: 59.520927 | GV81: 59.520927 | GZ81: 62.271652 | HB81: 62.271652 | HE81: 60.811815 | HG81: 60.811815 | HI81: Ümumi | HK81: 112 | HL81: Biologiya | HM81: 376 | HN81: 0 | HO81: 80 | HP81: 52 | HQ81: 132 | HR81: 3.6642183 | HS81: 3.1092437 | HT81: 3.3951715 | HU81: 74.994307 | HY81: 63.903951 | HZ81: 63.213341 | IA81: 63.717918 | IE81: 66.145398 | IF81: 67.311164 | IG81: 66.844858 | IJ81: 64.528128 | IK81: 65.2246 | IL81: 64.946012 | IN81: Ümumi | IP81: 112 | IQ81: Biologiya | IR81: 476 | IS81: 0 | IT81: 80 | IU81: 65 | IV81: 145 | IW81: 0.10234863 | IX81: 0.36360698 | IY81: 0.19164978 | IZ81: 63.990507 | JD81: 62.197122 | JE81: 62.3326 | JF81: 62.644458 | JJ81: 68.064957 | JK81: 69.172996 | JL81: 68.786707 | JO81: 63.60996 | JP81: 65.866761 | JQ81: 64.872 | JS81: Ümumi | JU81: 112 | JV81: Biologiya | JW81: 344 | JX81: 0 | JY81: 54 | JZ81: 53 | KA81: 107 | KE81: 69.319661 | KI81: 64.538521 | KJ81: 64.980361 | KK81: 64.870768 | KO81: 66.112076 | KP81: 70.271313 | KQ81: 68.607618 | KT81: 65.325298 | KU81: 67.723456 | KV81: 66.764193 | KX81: Ümumi | KZ81: 112 | LA81: Biologiya | LB81: 68 | LC81: 0 | LD81: 49 | LE81: 37 | LF81: 86 | LJ81: 65.272727 | LN81: 48.072464 | LP81: 48.072464 | LT81: 50.742424 | LV81: 50.742424 | LY81: 49.405797 | MA81: 49.405797 | MC81: Ümumi | ME81: 112 | MF81: Biologiya | MG81: 102 | MH81: 0 | MI81: 21 | MJ81: 32 | MK81: 53 | MO81: 82.1875 | MS81: 77.6875 | MT81: 80.6875 | MU81: 79.4875 | MY81: 81.395833 | MZ81: 83.25 | NA81: 82.508333 | ND81: 79.541667 | NE81: 81.96875 | NF81: 80.997917 | NH81: Ümumi
AH82: Fənn olimpiadaları | AI82: 0 | AJ82: 0 | AK82: 0 | AL82: 0 | AM82: 0 | AN82: 0 | AO82: 0 | AP82: 0 | BJ82: Oğlanlar | BM82: Fənn olimpiadaları | BN82: 0 | BO82: 0 | BP82: 0 | BQ82: 0 | BR82: 0 | BS82: 0 | BT82: 0 | BU82: 0 | CO82: Oğlanlar | CR82: Fənn olimpiadaları | CS82: 0 | CT82: 0 | CU82: 0 | CV82: 0 | CW82: 0 | CX82: 0 | CY82: 0 | CZ82: 0 | DA82: 0 | DB82: 0 | DC82: 0 | DD82: 0 | DE82: 0 | DF82: 0 | DG82: 0 | DH82: 0 | DI82: 0 | DJ82: 0 | DK82: 0 | DL82: 0 | DM82: 0 | DN82: 0 | DO82: 0 | DP82: 0 | DQ82: 0 | DR82: 0 | DS82: 0 | DT82: Oğlanlar | DW82: Fənn olimpiadaları | DX82: 0 | DY82: 0 | DZ82: 0 | EA82: 0 | EB82: 0 | EC82: 0 | ED82: 0 | EE82: 0 | EY82: Oğlanlar | FB82: Fənn olimpiadaları | FC82: 0 | FD82: 0 | FE82: 0 | FF82: 0 | FG82: 0 | FH82: 0 | FI82: 0 | FJ82: 0 | FK82: 0 | FL82: 0 | FM82: 0 | FN82: 0 | FO82: 0 | FP82: 0 | FQ82: 0 | FR82: 0 | FS82: 0 | FT82: 0 | FU82: 0 | FV82: 0 | FW82: 0 | FX82: 0 | FY82: 0 | FZ82: 0 | GA82: 0 | GB82: 0 | GC82: 0 | GD82: Oğlanlar | GG82: Fənn olimpiadaları | GH82: 0 | GI82: 0 | GJ82: 0 | GK82: 0 | GL82: 0 | GM82: 19 | GN82: 36 | GO82: 55 | HI82: Oğlanlar | HL82: Fənn olimpiadaları | HM82: 0 | HN82: 0 | HO82: 0 | HP82: 0 | HQ82: 0 | HR82: 201 | HS82: 102 | HT82: 303 | HU82: 60.037942 | HV82: 0 | HW82: 0 | HX82: 0 | HY82: 63.459135 | HZ82: 51.110373 | IA82: 62.689461 | IB82: 0 | IC82: 0 | ID82: 0 | IE82: 64.161574 | IF82: 65.036903 | IG82: 64.686771 | IH82: 0 | II82: 0 | IJ82: 64.113385 | IK82: 64.250248 | IL82: 64.195502 | IM82: 0 | IN82: Oğlanlar | IQ82: Fənn olimpiadaları | IR82: 0 | IS82: 0 | IT82: 0 | IU82: 0 | IV82: 0 | IW82: 5 | IX82: 14 | IY82: 19 | IZ82: 52.414815 | JA82: 0 | JB82: 0 | JC82: 0 | JD82: 60.574004 | JE82: 50.661172 | JF82: 60.223708 | JG82: 0 | JH82: 0 | JI82: 0 | JJ82: 54.70001 | JK82: 55.563492 | JL82: 55.218099 | JM82: 0 | JN82: 0 | JO82: 61.135675 | JP82: 61.502442 | JQ82: 61.83106 | JR82: 0 | JS82: Oğlanlar | JV82: Fənn olimpiadaları | JW82: 0 | JX82: 0 | JY82: 0 | JZ82: 0 | KA82: 0 | KB82: 19 | KC82: 20 | KD82: 39 | KX82: Oğlanlar | LA82: Fənn olimpiadaları | LB82: 0 | LC82: 0 | LD82: 0 | LE82: 0 | LF82: 0 | LG82: 6 | LH82: 0 | LI82: 6 | LJ82: 15.342105 | LK82: 0 | LL82: 0 | LM82: 0 | LN82: 11.508772 | LO82: 0 | LP82: 11.508772 | LQ82: 0 | LR82: 0 | LS82: 0 | LT82: 11.627193 | LU82: 0 | LV82: 11.627193 | LW82: 0 | LX82: 0 | LY82: 11.901316 | LZ82: 0 | MA82: 11.901316 | MB82: 0 | MC82: Oğlanlar | MF82: Fənn olimpiadaları | MG82: 0 | MH82: 0 | MI82: 0 | MJ82: 0 | MK82: 0 | ML82: 40 | MM82: 18 | MN82: 58 | NH82: Oğlanlar
AH83: Fənn müsabiqələri | AI83: 0 | AJ83: 0 | AK83: 0 | AL83: 0 | AM83: 0 | BJ83: Qızlar | BM83: Fənn müsabiqələri | BN83: 0 | BO83: 0 | BP83: 0 | BQ83: 0 | BR83: 0 | CO83: Qızlar | CR83: Fənn müsabiqələri | CS83: 0 | CT83: 0 | CU83: 0 | CV83: 0 | CW83: 0 | DA83: 0 | DB83: 0 | DC83: 0 | DD83: 0 | DE83: 0 | DF83: 0 | DG83: 0 | DH83: 0 | DI83: 0 | DJ83: 0 | DK83: 0 | DL83: 0 | DM83: 0 | DN83: 0 | DO83: 0 | DP83: 0 | DQ83: 0 | DR83: 0 | DS83: 0 | DT83: Qızlar | DW83: Fənn müsabiqələri | DX83: 0 | DY83: 0 | DZ83: 0 | EA83: 0 | EB83: 0 | EY83: Qızlar | FB83: Fənn müsabiqələri | FC83: 0 | FD83: 0 | FE83: 0 | FF83: 0 | FG83: 0 | FK83: 0 | FL83: 0 | FM83: 0 | FN83: 0 | FO83: 0 | FP83: 0 | FQ83: 0 | FR83: 0 | FS83: 0 | FT83: 0 | FU83: 0 | FV83: 0 | FW83: 0 | FX83: 0 | FY83: 0 | FZ83: 0 | GA83: 0 | GB83: 0 | GC83: 0 | GD83: Qızlar | GG83: Fənn müsabiqələri | GH83: 0 | GI83: 0 | GJ83: 0 | GK83: 0 | GL83: 0 | HI83: Qızlar | HL83: Fənn müsabiqələri | HM83: 0 | HN83: 0 | HO83: 0 | HP83: 0 | HQ83: 0 | HU83: 59.859524 | HV83: 0 | HW83: 0 | HX83: 0 | HY83: 62.262897 | HZ83: 53.79881 | IA83: 62.937778 | IB83: 0 | IC83: 0 | ID83: 0 | IE83: 64.94127 | IF83: 66.241071 | IG83: 65.721151 | IH83: 0 | II83: 0 | IJ83: 65.521131 | IK83: 66.71875 | IL83: 66.239702 | IM83: 0 | IN83: Qızlar | IQ83: Fənn müsabiqələri | IR83: 0 | IS83: 0 | IT83: 0 | IU83: 0 | IV83: 0 | IZ83: 58.337716 | JA83: 0 | JB83: 0 | JC83: 0 | JD83: 65.145173 | JE83: 57.503022 | JF83: 66.391311 | JG83: 0 | JH83: 0 | JI83: 0 | JJ83: 61.926936 | JK83: 62.715031 | JL83: 62.927266 | JM83: 0 | JN83: 0 | JO83: 67.454422 | JP83: 70.765228 | JQ83: 69.440905 | JR83: 0 | JS83: Qızlar | JV83: Fənn müsabiqələri | JW83: 0 | JX83: 0 | JY83: 0 | JZ83: 0 | KA83: 0 | KX83: Qızlar | LA83: Fənn müsabiqələri | LB83: 0 | LC83: 0 | LD83: 0 | LE83: 0 | LF83: 0 | LJ83: 16.875 | LK83: 0 | LL83: 0 | LM83: 0 | LN83: 14.4375 | LO83: 0 | LP83: 14.4375 | LQ83: 0 | LR83: 0 | LS83: 0 | LT83: 14.541667 | LU83: 0 | LV83: 14.541667 | LW83: 0 | LX83: 0 | LY83: 14.489583 | LZ83: 0 | MA83: 14.489583 | MB83: 0 | MC83: Qızlar | MF83: Fənn müsabiqələri | MG83: 0 | MH83: 0 | MI83: 0 | MJ83: 0 | MK83: 0 | NH83: Qızlar
AH84: Təqdimat Müsabiqələri | AI84: 0 | AJ84: 0 | AK84: 0 | AL84: 0 | AM84: 0 | BJ84: (80-100] | BM84: Təqdimat Müsabiqələri | BN84: 0 | BO84: 0 | BP84: 0 | BQ84: 0 | BR84: 0 | CO84: (80-100] | CR84: Təqdimat Müsabiqələri | CS84: 0 | CT84: 0 | CU84: 0 | CV84: 0 | CW84: 0 | DT84: (80-100] | DW84: Təqdimat Müsabiqələri | DX84: 0 | DY84: 0 | DZ84: 0 | EA84: 0 | EB84: 0 | EY84: (80-100] | FB84: Təqdimat Müsabiqələri | FC84: 0 | FD84: 0 | FE84: 0 | FF84: 0 | FG84: 0 | GD84: (80-100] | GG84: Təqdimat Müsabiqələri | GH84: 0 | GI84: 0 | GJ84: 0 | GK84: 0 | GL84: 0 | GT84: 16.995055 | GV84: 16.995055 | GZ84: 20.905434 | HB84: 20.905434 | HE84: 16.773227 | HG84: 16.773227 | HI84: (80-100] | HL84: Təqdimat Müsabiqələri | HM84: 0 | HN84: 0 | HO84: 0 | HP84: 0 | HQ84: 0 | HU84: 39.000814 | HY84: 19.095347 | HZ84: 29.306636 | IA84: 23.81312 | IE84: 26.984525 | IF84: 32.201253 | IG84: 29.09991 | IJ84: 23.192255 | IK84: 27.249562 | IL84: 26.022788 | IN84: (80-100] | IQ84: Təqdimat Müsabiqələri | IR84: 0 | IS84: 0 | IT84: 0 | IU84: 0 | IV84: 0 | IZ84: 21.9359 | JD84: 12.694504 | JE84: 19.057624 | JF84: 19.736467 | JJ84: 25.518861 | JK84: 30.239457 | JL84: 30.627557 | JO84: 16.601767 | JP84: 25.037297 | JQ84: 23.79654 | JS84: (80-100] | JV84: Təqdimat Müsabiqələri | JW84: 0 | JX84: 0 | JY84: 0 | JZ84: 0 | KA84: 0 | KE84: 31.381674 | KI84: 24.715007 | KJ84: 24.880952 | KK84: 26.230159 | KO84: 25.588023 | KP84: 31.726551 | KQ84: 28.715007 | KT84: 24.790765 | KU84: 26.269841 | KV84: 24.75469 | KX84: (80-100] | LA84: Təqdimat Müsabiqələri | LB84: 0 | LC84: 0 | LD84: 0 | LE84: 0 | LF84: 0 | LJ84: 4.5454545 | LN84: 0 | LP84: 0 | LT84: 0 | LV84: 0 | LY84: 0 | MA84: 0 | MC84: (80-100] | MF84: Təqdimat Müsabiqələri | MG84: 0 | MH84: 0 | MI84: 0 | MJ84: 0 | MK84: 0 | MO84: 75 | MS84: 37.5 | MT84: 43.75 | MU84: 43.75 | MY84: 56.25 | MZ84: 62.5 | NA84: 62.5 | ND84: 50 | NE84: 56.25 | NF84: 62.5 | NH84: (80-100]
AH85: Məntiq olimpiadası | AI85: 0 | AJ85: 0 | AK85: 0 | AL85: 0 | AM85: 0 | BJ85: (60-80] | BM85: Məntiq olimpiadası | BN85: 0 | BO85: 0 | BP85: 0 | BQ85: 0 | BR85: 0 | CO85: (60-80] | CR85: Məntiq olimpiadası | CS85: 0 | CT85: 0 | CU85: 0 | CV85: 0 | CW85: 0 | DT85: (60-80] | DW85: Məntiq olimpiadası | DX85: 0 | DY85: 0 | DZ85: 0 | EA85: 0 | EB85: 0 | EY85: (60-80] | FB85: Məntiq olimpiadası | FC85: 0 | FD85: 0 | FE85: 0 | FF85: 0 | FG85: 0 | GD85: (60-80] | GG85: Məntiq olimpiadası | GH85: 0 | GI85: 0 | GJ85: 0 | GK85: 0 | GL85: 0 | GT85: 33.055485 | GV85: 33.055485 | GZ85: 35.600817 | HB85: 35.600817 | HE85: 34.570548 | HG85: 34.570548 | HI85: (60-80] | HL85: Məntiq olimpiadası | HM85: 0 | HN85: 0 | HO85: 0 | HP85: 0 | HQ85: 0 | HU85: 45.913247 | HY85: 42.850877 | HZ85: 32.601831 | IA85: 37.827994 | IE85: 35.68031 | IF85: 37.041726 | IG85: 38.861018 | IJ85: 37.578237 | IK85: 33.595384 | IL85: 34.595079 | IN85: (60-80] | IQ85: Məntiq olimpiadası | IR85: 0 | IS85: 0 | IT85: 0 | IU85: 0 | IV85: 0 | IZ85: 38.322891 | JD85: 42.042239 | JE85: 42.653075 | JF85: 41.122895 | JJ85: 43.811456 | JK85: 40.707294 | JL85: 41.191838 | JO85: 42.825931 | JP85: 38.720616 | JQ85: 39.166373 | JS85: (60-80] | JV85: Məntiq olimpiadası | JW85: 0 | JX85: 0 | JY85: 0 | JZ85: 0 | KA85: 0 | KE85: 37.247475 | KI85: 35.186869 | KJ85: 37.072872 | KK85: 34.374459 | KO85: 35.132035 | KP85: 39.715729 | KQ85: 40.433622 | KT85: 33.429293 | KU85: 39.00938 | KV85: 38.306638 | KX85: (60-80] | LA85: Məntiq olimpiadası | LB85: 0 | LC85: 0 | LD85: 0 | LE85: 0 | LF85: 0 | LJ85: 59.090909 | LN85: 8.6956522 | LP85: 8.6956522 | LT85: 18.181818 | LV85: 18.181818 | LY85: 13.043478 | MA85: 13.043478 | MC85: (60-80] | MF85: Məntiq olimpiadası | MG85: 0 | MH85: 0 | MI85: 0 | MJ85: 0 | MK85: 0 | MO85: 12.5 | MS85: 62.5 | MT85: 56.25 | MU85: 56.25 | MY85: 43.75 | MZ85: 37.5 | NA85: 37.5 | ND85: 50 | NE85: 43.75 | NF85: 37.5 | NH85: (60-80]
AH86: STEAM yarışları | AI86: 0 | AJ86: 0 | AK86: 0 | AL86: 0 | AM86: 0 | BJ86: (30-60] | BM86: STEAM yarışları | BN86: 0 | BO86: 0 | BP86: 0 | BQ86: 0 | BR86: 0 | CO86: (30-60] | CR86: STEAM yarışları | CS86: 0 | CT86: 0 | CU86: 0 | CV86: 0 | CW86: 0 | DT86: (30-60] | DW86: STEAM yarışları | DX86: 0 | DY86: 0 | DZ86: 0 | EA86: 0 | EB86: 0 | EY86: (30-60] | FB86: STEAM yarışları | FC86: 0 | FD86: 0 | FE86: 0 | FF86: 0 | FG86: 0 | GD86: (30-60] | GG86: STEAM yarışları | GH86: 0 | GI86: 0 | GJ86: 0 | GK86: 0 | GL86: 0 | GT86: 49.94946 | GV86: 49.94946 | GZ86: 43.493748 | HB86: 43.493748 | HE86: 48.656225 | HG86: 48.656225 | HI86: (30-60] | HL86: STEAM yarışları | HM86: 0 | HN86: 0 | HO86: 0 | HP86: 0 | HQ86: 0 | HU86: 15.085939 | HY86: 37.329138 | HZ86: 37.221968 | IA86: 37.634249 | IE86: 37.335165 | IF86: 30.115995 | IG86: 31.398046 | IJ86: 38.504871 | IK86: 37.789391 | IL86: 38.01647 | IN86: (30-60] | IQ86: STEAM yarışları | IR86: 0 | IS86: 0 | IT86: 0 | IU86: 0 | IV86: 0 | IZ86: 39.741209 | JD86: 45.263257 | JE86: 38.2893 | JF86: 39.140638 | JJ86: 30.669683 | JK86: 29.053249 | JL86: 28.180605 | JO86: 40.572302 | JP86: 36.242087 | JQ86: 37.037087 | JS86: (30-60] | JV86: STEAM yarışları | JW86: 0 | JX86: 0 | JY86: 0 | JZ86: 0 | KA86: 0 | KE86: 31.370851 | KI86: 39.264791 | KJ86: 38.046176 | KK86: 39.395382 | KO86: 39.279942 | KP86: 28.55772 | KQ86: 30.851371 | KT86: 41.779942 | KU86: 34.720779 | KV86: 36.938672 | KX86: (30-60] | LA86: STEAM yarışları | LB86: 0 | LC86: 0 | LD86: 0 | LE86: 0 | LF86: 0 | LJ86: 36.363636 | LN86: 86.956522 | LP86: 86.956522 | LT86: 81.818182 | LV86: 81.818182 | LY86: 86.956522 | MA86: 86.956522 | MC86: (30-60] | MF86: STEAM yarışları | MG86: 0 | MH86: 0 | MI86: 0 | MJ86: 0 | MK86: 0 | MO86: 12.5 | MS86: 0 | MT86: 0 | MU86: 0 | MY86: 0 | MZ86: 0 | NA86: 0 | ND86: 0 | NE86: 0 | NF86: 0 | NH86: (30-60]
AH87: Digər milli və beynəlxalq olimpiada, yarış və müsabiqələr | AI87: 0 | AJ87: 0 | AK87: 0 | AL87: 0 | AM87: 0 | BJ87: [0-30] | BM87: Digər milli və beynəlxalq olimpiada, yarış və müsabiqələr | BN87: 0 | BO87: 0 | BP87: 0 | BQ87: 0 | BR87: 0 | CO87: [0-30] | CR87: Digər milli və beynəlxalq olimpiada, yarış və müsabiqələr | CS87: 0 | CT87: 0 | CU87: 0 | CV87: 0 | CW87: 0 | DT87: [0-30] | DW87: Digər milli və beynəlxalq olimpiada, yarış və müsabiqələr | DX87: 0 | DY87: 0 | DZ87: 0 | EA87: 0 | EB87: 0 | EY87: [0-30] | FB87: Digər milli və beynəlxalq olimpiada, yarış və müsabiqələr | FC87: 0 | FD87: 0 | FE87: 0 | FF87: 0 | FG87: 0 | GD87: [0-30] | GG87: Digər milli və beynəlxalq olimpiada, yarış və müsabiqələr | GH87: 0 | GI87: 0 | GJ87: 0 | GK87: 0 | GL87: 0 | GT87: 0 | GV87: 0 | GZ87: 0 | HB87: 0 | HE87: 0 | HG87: 0 | HI87: [0-30] | HL87: Digər milli və beynəlxalq olimpiada, yarış və müsabiqələr | HM87: 0 | HN87: 0 | HO87: 0 | HP87: 0 | HQ87: 0 | HU87: 0 | HY87: 0.72463768 | HZ87: 0.86956522 | IA87: 0.72463768 | IE87: 0 | IF87: 0.64102564 | IG87: 0.64102564 | IJ87: 0.72463768 | IK87: 1.3656633 | IL87: 1.3656633 | IN87: [0-30] | IQ87: Digər milli və beynəlxalq olimpiada, yarış və müsabiqələr | IR87: 0 | IS87: 0 | IT87: 0 | IU87: 0 | IV87: 0 | IZ87: 0 | JD87: 0 | JE87: 0 | JF87: 0 | JJ87: 0 | JK87: 0 | JL87: 0 | JO87: 0 | JP87: 0 | JQ87: 0 | JS87: [0-30] | JV87: Digər milli və beynəlxalq olimpiada, yarış və müsabiqələr | JW87: 0 | JX87: 0 | JY87: 0 | JZ87: 0 | KA87: 0 | KE87: 0 | KI87: 0.83333333 | KJ87: 0 | KK87: 0 | KO87: 0 | KP87: 0 | KQ87: 0 | KT87: 0 | KU87: 0 | KV87: 0 | KX87: [0-30] | LA87: Digər milli və beynəlxalq olimpiada, yarış və müsabiqələr | LB87: 0 | LC87: 0 | LD87: 0 | LE87: 0 | LF87: 0 | LJ87: 0 | LN87: 4.3478261 | LP87: 4.3478261 | LT87: 0 | LV87: 0 | LY87: 0 | MA87: 0 | MC87: [0-30] | MF87: Digər milli və beynəlxalq olimpiada, yarış və müsabiqələr | MG87: 0 | MH87: 0 | MI87: 0 | MJ87: 0 | MK87: 0 | MO87: 0 | MS87: 0 | MT87: 0 | MU87: 0 | MY87: 0 | MZ87: 0 | NA87: 0 | ND87: 0 | NE87: 0 | NF87: 0 | NH87: [0-30]
AG88: 113 | AH88: Coğrafiya | AI88: 0 | AJ88: 0 | AK88: 12 | AL88: 10 | AM88: 22 | BJ88: Ümumi | BL88: 113 | BM88: Coğrafiya | BN88: 0 | BO88: 0 | BP88: 75 | BQ88: 53 | BR88: 128 | CO88: Ümumi | CQ88: 113 | CR88: Coğrafiya | CS88: 0 | CT88: 0 | CU88: 89 | CV88: 61 | CW88: 150 | DT88: Ümumi | DV88: 113 | DW88: Coğrafiya | DX88: 0 | DY88: 0 | DZ88: 52 | EA88: 41 | EB88: 93 | EY88: Ümumi | FA88: 113 | FB88: Coğrafiya | FC88: 0 | FD88: 0 | FE88: 84 | FF88: 50 | FG88: 134 | GD88: Ümumi | GF88: 113 | GG88: Coğrafiya | GH88: 414 | GI88: 0 | GJ88: 67 | GK88: 67 | GL88: 134 | GT88: 59.883919 | GU88: 58.434783 | GV88: 59.896341 | GZ88: 62.96769 | HB88: 62.96769 | HE88: 61.239309 | HF88: 58.434783 | HG88: 60.920708 | HI88: Ümumi | HK88: 113 | HL88: Coğrafiya | HM88: 376 | HN88: 0 | HO88: 80 | HP88: 52 | HQ88: 132 | HR88: 2.9630204 | HS88: 3.3632203 | HT88: 3.1126287 | HU88: 71.502862 | HY88: 64.900576 | IA88: 64.900576 | IE88: 63.563593 | IG88: 63.563593 | IJ88: 63.819749 | IL88: 63.819749 | IN88: Ümumi | IP88: 113 | IQ88: Coğrafiya | IR88: 442 | IS88: 0 | IT88: 80 | IU88: 65 | IV88: 145 | IW88: 0.94925499 | IX88: 1.3744921 | IY88: 1.1401359 | IZ88: 67.623968 | JD88: 55.658278 | JF88: 55.658278 | JJ88: 62.751707 | JL88: 62.751707 | JO88: 59.134381 | JQ88: 59.134381 | JS88: Ümumi | JU88: 113 | JV88: Coğrafiya | JW88: 345 | JX88: 0 | JY88: 54 | JZ88: 53 | KA88: 107 | KE88: 64.057525 | KI88: 52.778788 | KJ88: 55.43145 | KK88: 54.481814 | KO88: 54.666163 | KP88: 59.768102 | KQ88: 57.727326 | KT88: 53.577206 | KU88: 57.300069 | KV88: 55.918781 | KX88: Ümumi | KZ88: 113 | LA88: Coğrafiya | LB88: 204 | LC88: 0 | LD88: 49 | LE88: 37 | LF88: 86 | LJ88: 62.5 | LN88: 50.357049 | LO88: 75.090909 | LP88: 56.307049 | LT88: 53.250722 | LU88: 74.285714 | LV88: 57.526912 | LY88: 51.703722 | LZ88: 74.886364 | MA88: 56.883267 | MC88: Ümumi | ME88: 113 | MF88: Coğrafiya | MG88: 102 | MH88: 0 | MI88: 21 | MJ88: 32 | MK88: 53 | MO88: 67.555556 | MS88: 70.703704 | MT88: 70.888889 | MU88: 70.814815 | MY88: 75.555556 | MZ88: 72.555556 | NA88: 73.755556 | ND88: 73.12963 | NE88: 71.722222 | NF88: 72.285185 | NH88: Ümumi
