Workbook

Sheet Müqayisəli təhlil
A2: Hörmətli Həmkarlar, siz qırmızı rəngli hissədə İndekslər səhifəsində qeyd olunmuş təhsil müəssisəsinin indeksini yazmaqla məlumatları daxil edə bilərsiniz. | B2: Təhsil müəssisəsinin indeksi | C2: Növ | D2: VIII sinif monitorinq | O2: 14 fevral 2022-ci il tarixli monitorinq | Z2: 14 fevral 2022-ci il tarixli monitorinq | AK2: 15 mart 2022-ci il tarixli monitorinq | AV2: Monitorinqlər üzrə orta nəticələr | BG2: Buraxılış imtahanı | BR2: Ölkə üzrə reytinq
D3: Monitorinq VIII | O3: Monitorinq 1 | Z3: Monitorinq 2 | AK3: Monitorinq 3 | AV3: Monitorinq orta | BG3: Buraxılış
D4: Şagird sayı | E4: Tədris dili | F4: Riyaziyyat | G4: Xarici dil | H4: Orta faiz 3 fənn üzrə | I4: Yekun bal | J4: Rayon üzrə reytinq | K4: BŞTİ üzrə reytinq | L4: 0-30 bal aralığı faizlə | O4: Şagird sayı | P4: Tədris dili | Q4: Riyaziyyat | R4: Xarici dil | S4: Orta faiz 3 fənn üzrə | T4: Yekun bal | U4: Rayon üzrə reytinq | V4: BŞTİ üzrə reytinq | W4: 0-30 bal aralığı faizlə | Z4: Şagird sayı | AA4: Tədris dili | AB4: Riyaziyyat | AC4: Xarici dil | AD4: Orta faiz 3 fənn üzrə | AE4: Yekun bal | AF4: Rayon üzrə reytinq | AG4: BŞTİ üzrə reytinq | AH4: 0-30 bal aralığı faizlə | AK4: Şagird sayı | AL4: Tədris dili | AM4: Riyaziyyat | AN4: Xarici dil | AO4: Orta faiz 3 fənn üzrə | AP4: Yekun bal | AQ4: Rayon üzrə reytinq | AR4: BŞTİ üzrə reytinq | AS4: 0-30 bal aralığı faizlə | AV4: Şagird sayı | AW4: Tədris dili | AX4: Riyaziyyat | AY4: Xarici dil | AZ4: Orta faiz 3 fənn üzrə | BA4: Yekun bal | BB4: Rayon üzrə reytinq | BC4: BŞTİ üzrə reytinq | BD4: 0-30 bal aralığı faizlə | BG4: Şagird sayı | BH4: Tədris dili | BI4: Riyaziyyat | BJ4: Xarici dil | BK4: Orta faiz 3 fənn üzrə | BL4: Yekun bal | BM4: Rayon üzrə reytinq | BN4: BŞTİ üzrə reytinq | BO4: 0-30 bal aralığı faizlə
L5: Tədris dili | M5: Riyaziyyat | N5: Xarici dil | W5: Tədris dili | X5: Riyaziyyat | Y5: Xarici dil | AH5: Tədris dili | AI5: Riyaziyyat | AJ5: Xarici dil | AS5: Tədris dili | AT5: Riyaziyyat | AU5: Xarici dil | BD5: Tədris dili | BE5: Riyaziyyat | BF5: Xarici dil | BO5: Tədris dili | BP5: Riyaziyyat | BQ5: Xarici dil
B6: 99 | C6: =IF(VLOOKUP($B$6,İndekslər!$C$5:$BR$535,2,0)="","",VLOOKUP($B$6,İndekslər!$C$5:$BR$535,2,0)) -> tam orta məktəb | D6: =IF(VLOOKUP($B$6,İndekslər!$C$5:$BR$535,3,0)="","",VLOOKUP($B$6,İndekslər!$C$5:$BR$535,3,0)) | E6: =IF(VLOOKUP($B$6,İndekslər!$C$5:$BR$535,4,0)="","",VLOOKUP($B$6,İndekslər!$C$5:$BR$535,4,0)) -> 58.666667 | F6: =IF(VLOOKUP($B$6,İndekslər!$C$5:$BR$535,5,0)="","",VLOOKUP($B$6,İndekslər!$C$5:$BR$535,5,0)) -> 47.6 | G6: =IF(VLOOKUP($B$6,İndekslər!$C$5:$BR$535,6,0)="","",VLOOKUP($B$6,İndekslər!$C$5:$BR$535,6,0)) -> 40 | H6: =IF(VLOOKUP($B$6,İndekslər!$C$5:$BR$535,7,0)="","",VLOOKUP($B$6,İndekslər!$C$5:$BR$535,7,0)) -> 48.755556 | I6: =IF(VLOOKUP($B$6,İndekslər!$C$5:$BR$535,8,0)="","",VLOOKUP($B$6,İndekslər!$C$5:$BR$535,8,0)) -> 146.26667 | J6: =IF(VLOOKUP($B$6,İndekslər!$C$5:$BR$535,9,0)="","",VLOOKUP($B$6,İndekslər!$C$5:$BR$535,9,0)) -> 14 | K6: =IF(VLOOKUP($B$6,İndekslər!$C$5:$BR$535,10,0)="","",VLOOKUP($B$6,İndekslər!$C$5:$BR$535,10,0)) -> 94 | L6: =IF(VLOOKUP($B$6,İndekslər!$C$5:$BR$535,11,0)="","",VLOOKUP($B$6,İndekslər!$C$5:$BR$535,11,0)) | M6: =IF(VLOOKUP($B$6,İndekslər!$C$5:$BR$535,12,0)="","",VLOOKUP($B$6,İndekslər!$C$5:$BR$535,12,0)) | N6: =IF(VLOOKUP($B$6,İndekslər!$C$5:$BR$535,13,0)="","",VLOOKUP($B$6,İndekslər!$C$5:$BR$535,13,0)) | O6: =IF(VLOOKUP($B$6,İndekslər!$C$5:$BR$535,14,0)="","",VLOOKUP($B$6,İndekslər!$C$5:$BR$535,14,0)) -> 127 | P6: =IF(VLOOKUP($B$6,İndekslər!$C$5:$BR$535,15,0)="","",VLOOKUP($B$6,İndekslər!$C$5:$BR$535,15,0)) -> 46.272966 | Q6: =IF(VLOOKUP($B$6,İndekslər!$C$5:$BR$535,16,0)="","",VLOOKUP($B$6,İndekslər!$C$5:$BR$535,16,0)) -> 45.574803 | R6: =IF(VLOOKUP($B$6,İndekslər!$C$5:$BR$535,17,0)="","",VLOOKUP($B$6,İndekslər!$C$5:$BR$535,17,0)) -> 44.80315 | S6: =IF(VLOOKUP($B$6,İndekslər!$C$5:$BR$535,18,0)="","",VLOOKUP($B$6,İndekslər!$C$5:$BR$535,18,0)) -> 45.550306 | T6: =IF(VLOOKUP($B$6,İndekslər!$C$5:$BR$535,19,0)="","",VLOOKUP($B$6,İndekslər!$C$5:$BR$535,19,0)) -> 136.65092 | U6: =IF(VLOOKUP($B$6,İndekslər!$C$5:$BR$535,20,0)="","",VLOOKUP($B$6,İndekslər!$C$5:$BR$535,20,0)) -> 24 | V6: =IF(VLOOKUP($B$6,İndekslər!$C$5:$BR$535,21,0)="","",VLOOKUP($B$6,İndekslər!$C$5:$BR$535,21,0)) -> 200 | W6: =IF(VLOOKUP($B$6,İndekslər!$C$5:$BR$535,22,0)="","",VLOOKUP($B$6,İndekslər!$C$5:$BR$535,22,0)) -> 31.496063 | X6: =IF(VLOOKUP($B$6,İndekslər!$C$5:$BR$535,23,0)="","",VLOOKUP($B$6,İndekslər!$C$5:$BR$535,23,0)) -> 37.795276 | Y6: =IF(VLOOKUP($B$6,İndekslər!$C$5:$BR$535,24,0)="","",VLOOKUP($B$6,İndekslər!$C$5:$BR$535,24,0)) -> 40.15748 | Z6: =IF(VLOOKUP($B$6,İndekslər!$C$5:$BR$535,25,0)="","",VLOOKUP($B$6,İndekslər!$C$5:$BR$535,25,0)) -> 130 | AA6: =IF(VLOOKUP($B$6,İndekslər!$C$5:$BR$535,26,0)="","",VLOOKUP($B$6,İndekslər!$C$5:$BR$535,26,0)) -> 57.924161 | AB6: =IF(VLOOKUP($B$6,İndekslər!$C$5:$BR$535,27,0)="","",VLOOKUP($B$6,İndekslər!$C$5:$BR$535,27,0)) -> 70.049587 | AC6: =IF(VLOOKUP($B$6,İndekslər!$C$5:$BR$535,28,0)="","",VLOOKUP($B$6,İndekslər!$C$5:$BR$535,28,0)) -> 59.003256 | AD6: =IF(VLOOKUP($B$6,İndekslər!$C$5:$BR$535,29,0)="","",VLOOKUP($B$6,İndekslər!$C$5:$BR$535,29,0)) -> 62.325668 | AE6: =IF(VLOOKUP($B$6,İndekslər!$C$5:$BR$535,30,0)="","",VLOOKUP($B$6,İndekslər!$C$5:$BR$535,30,0)) -> 186.977 | AF6: =IF(VLOOKUP($B$6,İndekslər!$C$5:$BR$535,31,0)="","",VLOOKUP($B$6,İndekslər!$C$5:$BR$535,31,0)) -> 3 | AG6: =IF(VLOOKUP($B$6,İndekslər!$C$5:$BR$535,32,0)="","",VLOOKUP($B$6,İndekslər!$C$5:$BR$535,32,0)) -> 16 | AH6: =IF(VLOOKUP($B$6,İndekslər!$C$5:$BR$535,33,0)="","",VLOOKUP($B$6,İndekslər!$C$5:$BR$535,33,0)) -> 0.82644628 | AI6: =IF(VLOOKUP($B$6,İndekslər!$C$5:$BR$535,34,0)="","",VLOOKUP($B$6,İndekslər!$C$5:$BR$535,34,0)) -> 1.6528926 | AJ6: =IF(VLOOKUP($B$6,İndekslər!$C$5:$BR$535,35,0)="","",VLOOKUP($B$6,İndekslər!$C$5:$BR$535,35,0)) -> 0.82644628 | AK6: =IF(VLOOKUP($B$6,İndekslər!$C$5:$BR$535,36,0)="","",VLOOKUP($B$6,İndekslər!$C$5:$BR$535,36,0)) -> 130 | AL6: =IF(VLOOKUP($B$6,İndekslər!$C$5:$BR$535,37,0)="","",VLOOKUP($B$6,İndekslər!$C$5:$BR$535,37,0)) -> 65.943044 | AM6: =IF(VLOOKUP($B$6,İndekslər!$C$5:$BR$535,38,0)="","",VLOOKUP($B$6,İndekslər!$C$5:$BR$535,38,0)) -> 59.591837 | AN6: =IF(VLOOKUP($B$6,İndekslər!$C$5:$BR$535,39,0)="","",VLOOKUP($B$6,İndekslər!$C$5:$BR$535,39,0)) -> 59.593838 | AO6: =IF(VLOOKUP($B$6,İndekslər!$C$5:$BR$535,40,0)="","",VLOOKUP($B$6,İndekslər!$C$5:$BR$535,40,0)) -> 61.709573 | AP6: =IF(VLOOKUP($B$6,İndekslər!$C$5:$BR$535,41,0)="","",VLOOKUP($B$6,İndekslər!$C$5:$BR$535,41,0)) -> 185.12872 | AQ6: =IF(VLOOKUP($B$6,İndekslər!$C$5:$BR$535,42,0)="","",VLOOKUP($B$6,İndekslər!$C$5:$BR$535,42,0)) -> 7 | AR6: =IF(VLOOKUP($B$6,İndekslər!$C$5:$BR$535,43,0)="","",VLOOKUP($B$6,İndekslər!$C$5:$BR$535,43,0)) -> 33 | AS6: =IF(VLOOKUP($B$6,İndekslər!$C$5:$BR$535,44,0)="","",VLOOKUP($B$6,İndekslər!$C$5:$BR$535,44,0)) -> 1.5873016 | AT6: =IF(VLOOKUP($B$6,İndekslər!$C$5:$BR$535,45,0)="","",VLOOKUP($B$6,İndekslər!$C$5:$BR$535,45,0)) -> 0.79365079 | AU6: =IF(VLOOKUP($B$6,İndekslər!$C$5:$BR$535,46,0)="","",VLOOKUP($B$6,İndekslər!$C$5:$BR$535,46,0)) -> 1.5873016 | AV6: =IF(VLOOKUP($B$6,İndekslər!$C$5:$BR$535,47,0)="","",VLOOKUP($B$6,İndekslər!$C$5:$BR$535,47,0)) -> 129 | AW6: =IF(VLOOKUP($B$6,İndekslər!$C$5:$BR$535,48,0)="","",VLOOKUP($B$6,İndekslər!$C$5:$BR$535,48,0)) -> 56.71339 | AX6: =IF(VLOOKUP($B$6,İndekslər!$C$5:$BR$535,49,0)="","",VLOOKUP($B$6,İndekslər!$C$5:$BR$535,49,0)) -> 58.405409 | AY6: =IF(VLOOKUP($B$6,İndekslər!$C$5:$BR$535,50,0)="","",VLOOKUP($B$6,İndekslər!$C$5:$BR$535,50,0)) -> 54.466748 | AZ6: =IF(VLOOKUP($B$6,İndekslər!$C$5:$BR$535,51,0)="","",VLOOKUP($B$6,İndekslər!$C$5:$BR$535,51,0)) -> 56.528516 | BA6: =IF(VLOOKUP($B$6,İndekslər!$C$5:$BR$535,52,0)="","",VLOOKUP($B$6,İndekslər!$C$5:$BR$535,52,0)) -> 169.58555 | BB6: =IF(VLOOKUP($B$6,İndekslər!$C$5:$BR$535,53,0)="","",VLOOKUP($B$6,İndekslər!$C$5:$BR$535,53,0)) -> 10 | BC6: =IF(VLOOKUP($B$6,İndekslər!$C$5:$BR$535,54,0)="","",VLOOKUP($B$6,İndekslər!$C$5:$BR$535,54,0)) -> 59 | BD6: =IF(VLOOKUP($B$6,İndekslər!$C$5:$BR$535,55,0)="","",VLOOKUP($B$6,İndekslər!$C$5:$BR$535,55,0)) -> 1.2068739 | BE6: =IF(VLOOKUP($B$6,İndekslər!$C$5:$BR$535,56,0)="","",VLOOKUP($B$6,İndekslər!$C$5:$BR$535,56,0)) -> 1.2232717 | BF6: =IF(VLOOKUP($B$6,İndekslər!$C$5:$BR$535,57,0)="","",VLOOKUP($B$6,İndekslər!$C$5:$BR$535,57,0)) -> 1.2068739 | BG6: =IF(VLOOKUP($B$6,İndekslər!$C$5:$BR$535,58,0)="","",VLOOKUP($B$6,İndekslər!$C$5:$BR$535,58,0)) -> 135 | BH6: =IF(VLOOKUP($B$6,İndekslər!$C$5:$BR$535,59,0)="","",VLOOKUP($B$6,İndekslər!$C$5:$BR$535,59,0)) -> 54.821094 | BI6: =IF(VLOOKUP($B$6,İndekslər!$C$5:$BR$535,60,0)="","",VLOOKUP($B$6,İndekslər!$C$5:$BR$535,60,0)) -> 32.075 | BJ6: =IF(VLOOKUP($B$6,İndekslər!$C$5:$BR$535,61,0)="","",VLOOKUP($B$6,İndekslər!$C$5:$BR$535,61,0)) -> 36.485937 | BK6: =IF(VLOOKUP($B$6,İndekslər!$C$5:$BR$535,62,0)="","",VLOOKUP($B$6,İndekslər!$C$5:$BR$535,62,0)) -> 41.127344 | BL6: =IF(VLOOKUP($B$6,İndekslər!$C$5:$BR$535,63,0)="","",VLOOKUP($B$6,İndekslər!$C$5:$BR$535,63,0)) -> 123.38203 | BM6: =IF(VLOOKUP($B$6,İndekslər!$C$5:$BR$535,64,0)="","",VLOOKUP($B$6,İndekslər!$C$5:$BR$535,64,0)) -> 20 | BN6: =IF(VLOOKUP($B$6,İndekslər!$C$5:$BR$535,65,0)="","",VLOOKUP($B$6,İndekslər!$C$5:$BR$535,65,0)) -> 146 | BO6: =IF(VLOOKUP($B$6,İndekslər!$C$5:$BR$535,66,0)="","",VLOOKUP($B$6,İndekslər!$C$5:$BR$535,66,0)) -> 18.75 | BP6: =IF(VLOOKUP($B$6,İndekslər!$C$5:$BR$535,67,0)="","",VLOOKUP($B$6,İndekslər!$C$5:$BR$535,67,0)) -> 60.9375 | BQ6: =IF(VLOOKUP($B$6,İndekslər!$C$5:$BR$535,68,0)="","",VLOOKUP($B$6,İndekslər!$C$5:$BR$535,68,0)) -> 50.78125 | BR6: =IF(VLOOKUP($B$6,İndekslər!$C$5:$BS$535,69,0)="","",VLOOKUP($B$6,İndekslər!$C$5:$BS$535,69,0))

Sheet İndekslər
A1: Bakı Şəhəri üzrə Təhsil İdarəsinin tabeliyində olan təhsil müəssisələrində IX siniflərin buraxılış imtahanı monitorinqinin və buraxılış imtahanlarının müqayisəli səciyyəsi
A2: № | B2: Rayon | C2: Təhsil müəssisəsinin indeksi | D2: Növ | E2: 8-ci sinif monitorinq | P2: 10 dekabr 2021-ci il tarixli monitorinq | AA2: 15 fevral 2022-ci il tarixli monitorinq | AL2: 16 mart 2022-ci il tarixli monitorinq | AW2: Monitorinqlər üzrə orta nəticələr | BH2: Buraxılış imtahanı | BS2: Ölkə üzrə reytinq
E3: Şagird sayı | F3: Tədris dili | G3: Riyaziyyat | H3: Xarici dil | I3: Orta faiz 3 fənn üzrə | J3: Yekun bal | K3: Rayon üzrə reytinq | L3: BŞTİ üzrə reytinq | M3: 0-30 bal aralığı faizlə | P3: Şagird sayı | Q3: Tədris dili | R3: Riyaziyyat | S3: Xarici dil | T3: Orta faiz 3 fənn üzrə | U3: Yekun bal | V3: Rayon üzrə reytinq | W3: BŞTİ üzrə reytinq | X3: 0-30 bal aralığı faizlə | AA3: Şagird sayı | AB3: Tədris dili | AC3: Riyaziyyat | AD3: Xarici dil | AE3: Orta faiz 3 fənn üzrə | AF3: Yekun bal | AG3: Rayon üzrə reytinq | AH3: BŞTİ üzrə reytinq | AI3: 0-30 bal aralığı faizlə | AL3: Şagird sayı | AM3: Tədris dili | AN3: Riyaziyyat | AO3: Xarici dil | AP3: Orta faiz 3 fənn üzrə | AQ3: Yekun bal | AR3: Rayon üzrə reytinq | AS3: BŞTİ üzrə reytinq | AT3: 0-30 bal aralığı faizlə | AW3: Şagird sayı | AX3: Tədris dili | AY3: Riyaziyyat | AZ3: Xarici dil | BA3: Orta faiz 3 fənn üzrə | BB3: Yekun bal | BC3: Rayon üzrə reytinq | BD3: BŞTİ üzrə reytinq | BE3: 0-30 bal aralığı faizlə | BH3: Şagird sayı | BI3: Tədris dili | BJ3: Riyaziyyat | BK3: Xarici dil | BL3: Orta faiz 3 fənn üzrə | BM3: Yekun bal | BN3: Rayon üzrə reytinq | BO3: BŞTİ üzrə reytinq | BP3: 0-30 bal aralığı faizlə
M4: Tədris dili | N4: Riyaziyyat | O4: Xarici dil | X4: Tədris dili | Y4: Riyaziyyat | Z4: Xarici dil | AI4: Tədris dili | AJ4: Riyaziyyat | AK4: Xarici dil | AT4: Tədris dili | AU4: Riyaziyyat | AV4: Xarici dil | BE4: Tədris dili | BF4: Riyaziyyat | BG4: Xarici dil | BP4: Tədris dili | BQ4: Riyaziyyat | BR4: Xarici dil
A5: 0 | B5: Bakı | C5: BŞTİ | D5: Ümumi | F5: =AVERAGE(F6:F535) -> 47.571837 | G5: =AVERAGE(G6:G535) -> 45.896898 | H5: =AVERAGE(H6:H535) -> 39.292826 | I5: =AVERAGE(I6:I535) -> 44.256245 | J5: =AVERAGE(J6:J535) -> 132.63188 | P5: =SUM(P6:P535) -> 31877 | Q5: =AVERAGE(Q6:Q535) -> 51.702818 | R5: =AVERAGE(R6:R535) -> 47.656235 | S5: =AVERAGE(S6:S535) -> 51.870922 | T5: =AVERAGE(T6:T535) -> 50.39222 | U5: =AVERAGE(U6:U535) -> 151.06046 | X5: 16 | Y5: 24 | Z5: 24 | AA5: 33710 | AB5: 43.213183 | AC5: 45.594652 | AD5: 48.003108 | AE5: 45.539334 | AF5: 136.49923 | AI5: 27.423183 | AJ5: 26.859017 | AK5: 25.51742 | AL5: 34173 | AM5: 57.392848 | AN5: 36.928456 | AO5: 53.879294 | AP5: 49.378118 | AQ5: 148.2006 | AT5: 12.534571 | AU5: 39.917237 | AV5: 20.329741 | AW5: =AVERAGE(E5,AA5,AL5) -> 33941.5 | AX5: =AVERAGE(F5,AB5,AM5) -> 49.392623 | AY5: =AVERAGE(G5,AC5,AN5) -> 42.806668 | AZ5: =AVERAGE(H5,AD5,AO5) -> 47.058409 | BA5: =AVERAGE(I5,AE5,AP5) -> 46.391232 | BB5: =AVERAGE(J5,AF5,AQ5) -> 139.11057 | BE5: =AVERAGE(M5,AI5,AT5) -> 19.978877 | BF5: =AVERAGE(N5,AJ5,AU5) -> 33.388127 | BG5: =AVERAGE(O5,AK5,AV5) -> 22.92358 | BH5: 34813 | BI5: 54.484055 | BJ5: 33.023661 | BK5: 38.848735 | BL5: 42.118817 | BM5: 126.35645 | BP5: 19 | BQ5: 55 | BR5: 47
A6: 1 | B6: Binəqədi | C6: 3 | D6: tam orta məktəb | F6: 56.666667 | G6: 58.4 | H6: 40 | I6: =IF(F6="","",AVERAGE(F6:H6)) -> 51.688889 | J6: =IF(F6="","",SUM(F6:H6)) -> 155.06667 | K6: =IF(J6="","",(RANK(J6,$J$6:$J$39))) -> 11 | L6: =IF(J6="","",(RANK(J6,$J$6:$J$535))) -> 65 | P6: 127 | Q6: 58.005249 | R6: 55.559055 | S6: 68.635171 | T6: 60.733158 | U6: 182.19948 | V6: 8 | W6: 52 | X6: 13.385827 | Y6: 11.023622 | Z6: 5.511811 | AA6: 146 | AB6: 52.022059 | AC6: 56.368534 | AD6: 65.435606 | AE6: 57.942066 | AF6: 173.8262 | AG6: 8 | AH6: 35 | AI6: 12.5 | AJ6: 10.15625 | AK6: 10.655738 | AL6: 138 | AM6: 70.19141 | AN6: 51.090312 | AO6: 73.333333 | AP6: 64.769979 | AQ6: 194.61506 | AR6: 3 | AS6: 16 | AT6: 3.1746032 | AU6: 11.111111 | AV6: 1.6260163 | AW6: =AVERAGE(P6,AA6,AL6) -> 137 | AX6: =AVERAGE(Q6,AB6,AM6) -> 60.072906 | AY6: =AVERAGE(R6,AC6,AN6) -> 54.339301 | AZ6: =AVERAGE(S6,AD6,AO6) -> 69.134703 | BA6: =AVERAGE(T6,AE6,AP6) -> 61.148401 | BB6: =AVERAGE(U6,AF6,AQ6) -> 183.54691 | BC6: =IF(BB6="","",(RANK(BB6,$BB$6:$BB$39))) -> 4 | BD6: =IF(BB6="","",(RANK(BB6,$BB$6:$BB$535))) -> 24 | BE6: =AVERAGE(M6,AI6,AT6) -> 7.8373016 | BF6: =AVERAGE(N6,AJ6,AU6) -> 10.633681 | BG6: =AVERAGE(O6,AK6,AV6) -> 6.140877 | BH6: 132 | BI6: 64.293939 | BJ6: 40.356818 | BK6: 45.834091 | BL6: 50.161616 | BM6: 150.48485 | BN6: 2 | BO6: 33 | BP6: 8.3333333 | BQ6: 41.666667 | BR6: 32.575758 | BT6: 3
A7: 2 | B7: Binəqədi | C7: 6u | D7: UGİM | I7: =IF(F7="","",AVERAGE(F7:H7)) | J7: =IF(F7="","",SUM(F7:H7)) | K7: =IF(J7="","",(RANK(J7,$J$6:$J$39))) | L7: =IF(J7="","",(RANK(J7,$J$6:$J$535))) | BC7: =IF(BB7="","",(RANK(BB7,$BB$6:$BB$39))) | BD7: =IF(BB7="","",(RANK(BB7,$BB$6:$BB$535))) | BT7: 6
A8: 3 | B8: Binəqədi | C8: 30 | D8: tam orta məktəb | F8: 54 | G8: 48 | H8: 31 | I8: =IF(F8="","",AVERAGE(F8:H8)) -> 44.333333 | J8: =IF(F8="","",SUM(F8:H8)) -> 133 | K8: =IF(J8="","",(RANK(J8,$J$6:$J$39))) -> 21 | L8: =IF(J8="","",(RANK(J8,$J$6:$J$535))) -> 147 | P8: 44 | Q8: 46.818182 | R8: 38.818182 | S8: 44.166667 | T8: 43.267677 | U8: 129.80303 | V8: 29 | W8: 237 | X8: 18.181818 | Y8: 47.727273 | Z8: 29.545455 | AA8: 41 | AB8: 40.674319 | AC8: 43.707317 | AD8: 50.554324 | AE8: 44.978653 | AF8: 134.93596 | AG8: 23 | AH8: 158 | AI8: 26.829268 | AJ8: 17.073171 | AK8: 21.95122 | AL8: 45 | AM8: 50.130719 | AN8: 37.206349 | AO8: 49.673203 | AP8: 45.67009 | AQ8: 137.01027 | AR8: 29 | AS8: 203 | AT8: 15.555556 | AU8: 37.777778 | AV8: 26.666667 | AW8: =AVERAGE(P8,AA8,AL8) -> 43.333333 | AX8: =AVERAGE(Q8,AB8,AM8) -> 45.874406 | AY8: =AVERAGE(R8,AC8,AN8) -> 39.910616 | AZ8: =AVERAGE(S8,AD8,AO8) -> 48.131398 | BA8: =AVERAGE(T8,AE8,AP8) -> 44.638807 | BB8: =AVERAGE(U8,AF8,AQ8) -> 133.91642 | BC8: =IF(BB8="","",(RANK(BB8,$BB$6:$BB$39))) -> 29 | BD8: =IF(BB8="","",(RANK(BB8,$BB$6:$BB$535))) -> 203 | BE8: =AVERAGE(M8,AI8,AT8) -> 21.192412 | BF8: =AVERAGE(N8,AJ8,AU8) -> 27.425474 | BG8: =AVERAGE(O8,AK8,AV8) -> 24.308943 | BH8: 45 | BI8: 51.875556 | BJ8: 32.768889 | BK8: 36.271111 | BL8: 40.305185 | BM8: 120.91556 | BN8: 22 | BO8: 161 | BP8: 15.555556 | BQ8: 55.555556 | BR8: 46.666667 | BT8: 30
A9: 4 | B9: Binəqədi | C9: 83 | D9: məktəb-lisey | F9: 47.333333 | G9: 48 | H9: 46 | I9: =IF(F9="","",AVERAGE(F9:H9)) -> 47.111111 | J9: =IF(F9="","",SUM(F9:H9)) -> 141.33333 | K9: =IF(J9="","",(RANK(J9,$J$6:$J$39))) -> 18 | L9: =IF(J9="","",(RANK(J9,$J$6:$J$535))) -> 122 | P9: 162 | Q9: 62.078189 | R9: 51.111111 | S9: 60.493827 | T9: 57.894376 | U9: 173.68313 | V9: 13 | W9: 73 | X9: 3.7037037 | Y9: 17.283951 | Z9: 14.197531 | AA9: 161 | AB9: 51.223968 | AC9: 51.403727 | AD9: 64.088086 | AE9: 55.571927 | AF9: 166.71578 | AG9: 10 | AH9: 48 | AI9: 15.52795 | AJ9: 23.602484 | AK9: 11.180124 | AL9: 160 | AM9: 64.595588 | AN9: 36.339286 | AO9: 63.984462 | AP9: 54.927696 | AQ9: 164.91934 | AR9: 13 | AS9: 83 | AT9: 6.2893082 | AU9: 36.25 | AV9: 16.455696 | AW9: =AVERAGE(P9,AA9,AL9) -> 161 | AX9: =AVERAGE(Q9,AB9,AM9) -> 59.299248 | AY9: =AVERAGE(R9,AC9,AN9) -> 46.284708 | AZ9: =AVERAGE(S9,AD9,AO9) -> 62.855458 | BA9: =AVERAGE(T9,AE9,AP9) -> 56.131333 | BB9: =AVERAGE(U9,AF9,AQ9) -> 168.43941 | BC9: =IF(BB9="","",(RANK(BB9,$BB$6:$BB$39))) -> 12 | BD9: =IF(BB9="","",(RANK(BB9,$BB$6:$BB$535))) -> 64 | BE9: =AVERAGE(M9,AI9,AT9) -> 10.908629 | BF9: =AVERAGE(N9,AJ9,AU9) -> 29.926242 | BG9: =AVERAGE(O9,AK9,AV9) -> 13.81791 | BH9: 167 | BI9: 68.638922 | BJ9: 40.982036 | BK9: 52.743114 | BL9: 54.121357 | BM9: 162.36407 | BN9: 1 | BO9: 14 | BP9: 4.7904192 | BQ9: 41.317365 | BR9: 22.754491 | BT9: 83
A10: 5 | B10: Binəqədi | C10: 99 | D10: tam orta məktəb | F10: 58.666667 | G10: 47.6 | H10: 40 | I10: =IF(F10="","",AVERAGE(F10:H10)) -> 48.755556 | J10: =IF(F10="","",SUM(F10:H10)) -> 146.26667 | K10: =IF(J10="","",(RANK(J10,$J$6:$J$39))) -> 14 | L10: =IF(J10="","",(RANK(J10,$J$6:$J$535))) -> 94 | P10: 127 | Q10: 46.272966 | R10: 45.574803 | S10: 44.80315 | T10: 45.550306 | U10: 136.65092 | V10: 24 | W10: 200 | X10: 31.496063 | Y10: 37.795276 | Z10: 40.15748 | AA10: 130 | AB10: 57.924161 | AC10: 70.049587 | AD10: 59.003256 | AE10: 62.325668 | AF10: 186.977 | AG10: 3 | AH10: 16 | AI10: 0.82644628 | AJ10: 1.6528926 | AK10: 0.82644628 | AL10: 130 | AM10: 65.943044 | AN10: 59.591837 | AO10: 59.593838 | AP10: 61.709573 | AQ10: 185.12872 | AR10: 7 | AS10: 33 | AT10: 1.5873016 | AU10: 0.79365079 | AV10: 1.5873016 | AW10: =AVERAGE(P10,AA10,AL10) -> 129 | AX10: =AVERAGE(Q10,AB10,AM10) -> 56.71339 | AY10: =AVERAGE(R10,AC10,AN10) -> 58.405409 | AZ10: =AVERAGE(S10,AD10,AO10) -> 54.466748 | BA10: =AVERAGE(T10,AE10,AP10) -> 56.528516 | BB10: =AVERAGE(U10,AF10,AQ10) -> 169.58555 | BC10: =IF(BB10="","",(RANK(BB10,$BB$6:$BB$39))) -> 10 | BD10: =IF(BB10="","",(RANK(BB10,$BB$6:$BB$535))) -> 59 | BE10: =AVERAGE(M10,AI10,AT10) -> 1.2068739 | BF10: =AVERAGE(N10,AJ10,AU10) -> 1.2232717 | BG10: =AVERAGE(O10,AK10,AV10) -> 1.2068739 | BH10: 135 | BI10: 54.821094 | BJ10: 32.075 | BK10: 36.485937 | BL10: 41.127344 | BM10: 123.38203 | BN10: 20 | BO10: 146 | BP10: 18.75 | BQ10: 60.9375 | BR10: 50.78125 | BT10: 99
A11: 6 | B11: Binəqədi | C11: 100 | D11: tam orta məktəb | F11: 54.666667 | G11: 39.2 | H11: 37.666667 | I11: =IF(F11="","",AVERAGE(F11:H11)) -> 43.844444 | J11: =IF(F11="","",SUM(F11:H11)) -> 131.53333 | K11: =IF(J11="","",(RANK(J11,$J$6:$J$39))) -> 22 | L11: =IF(J11="","",(RANK(J11,$J$6:$J$535))) -> 152 | P11: 117 | Q11: 59.487179 | R11: 59.794872 | S11: 62.090395 | T11: 60.462121 | U11: 181.37245 | V11: 10 | W11: 57 | X11: 6.8376068 | Y11: 5.1282051 | Z11: 12.711864 | AA11: 136 | AB11: 49.434389 | AC11: 50.184615 | AD11: 60.4662 | AE11: 53.361735 | AF11: 160.0852 | AG11: 11 | AH11: 64 | AI11: 21.705426 | AJ11: 19.379845 | AK11: 17.886179 | AL11: 136 | AM11: 60.094118 | AN11: 40.419397 | AO11: 64.735003 | AP11: 54.594616 | AQ11: 165.24852 | AR11: 12 | AS11: 80 | AT11: 9.6 | AU11: 33.944954 | AV11: 6.9306931 | AW11: =AVERAGE(P11,AA11,AL11) -> 129.66667 | AX11: =AVERAGE(Q11,AB11,AM11) -> 56.338562 | AY11: =AVERAGE(R11,AC11,AN11) -> 50.132961 | AZ11: =AVERAGE(S11,AD11,AO11) -> 62.430533 | BA11: =AVERAGE(T11,AE11,AP11) -> 56.139491 | BB11: =AVERAGE(U11,AF11,AQ11) -> 168.90206 | BC11: =IF(BB11="","",(RANK(BB11,$BB$6:$BB$39))) -> 11 | BD11: =IF(BB11="","",(RANK(BB11,$BB$6:$BB$535))) -> 62 | BE11: =AVERAGE(M11,AI11,AT11) -> 15.652713 | BF11: =AVERAGE(N11,AJ11,AU11) -> 26.6624 | BG11: =AVERAGE(O11,AK11,AV11) -> 12.408436 | BH11: 135 | BI11: 56.305926 | BJ11: 32.388889 | BK11: 39.200741 | BL11: 42.631852 | BM11: 127.89556 | BN11: 16 | BO11: 127 | BP11: 14.074074 | BQ11: 48.888889 | BR11: 42.962963 | BT11: 100
A12: 7 | B12: Binəqədi | C12: 102 | D12: tam orta məktəb | F12: 61.666667 | G12: 72 | H12: 75 | I12: =IF(F12="","",AVERAGE(F12:H12)) -> 69.555556 | J12: =IF(F12="","",SUM(F12:H12)) -> 208.66667 | K12: =IF(J12="","",(RANK(J12,$J$6:$J$39))) -> 2 | L12: =IF(J12="","",(RANK(J12,$J$6:$J$535))) -> 4 | P12: 97 | Q12: 68.14433 | R12: 58.762887 | S12: 66.563574 | T12: 64.490263 | U12: 193.47079 | V12: 4 | W12: 26 | X12: 6.185567 | Y12: 5.1546392 | Z12: 13.402062 | AA12: 102 | AB12: 58.549932 | AC12: 56.093023 | AD12: 60.427807 | AE12: 58.410438 | AF12: 175.07076 | AG12: 7 | AH12: 33 | AI12: 10.465116 | AJ12: 10.465116 | AK12: 9.4117647 | AL12: 100 | AM12: 53.716871 | AN12: 30.486656 | AO12: 63.606981 | AP12: 49.27017 | AQ12: 147.81051 | AR12: 24 | AS12: 151 | AT12: 13.186813 | AU12: 49.450549 | AV12: 5.4945055 | AW12: =AVERAGE(P12,AA12,AL12) -> 99.666667 | AX12: =AVERAGE(Q12,AB12,AM12) -> 60.137044 | AY12: =AVERAGE(R12,AC12,AN12) -> 48.447522 | AZ12: =AVERAGE(S12,AD12,AO12) -> 63.532788 | BA12: =AVERAGE(T12,AE12,AP12) -> 57.39029 | BB12: =AVERAGE(U12,AF12,AQ12) -> 172.11735 | BC12: =IF(BB12="","",(RANK(BB12,$BB$6:$BB$39))) -> 8 | BD12: =IF(BB12="","",(RANK(BB12,$BB$6:$BB$535))) -> 52 | BE12: =AVERAGE(M12,AI12,AT12) -> 11.825965 | BF12: =AVERAGE(N12,AJ12,AU12) -> 29.957833 | BG12: =AVERAGE(O12,AK12,AV12) -> 7.4531351 | BH12: 100 | BI12: 62.342 | BJ12: 36.568 | BK12: 43.467 | BL12: 47.459 | BM12: 142.377 | BN12: 6 | BO12: 58 | BP12: 11 | BQ12: 40 | BR12: 30 | BT12: 102
A13: 8 | B13: Binəqədi | C13: 103 | D13: tam orta məktəb | F13: 34.666667 | G13: 23.2 | H13: 17.666667 | I13: =IF(F13="","",AVERAGE(F13:H13)) -> 25.177778 | J13: =IF(F13="","",SUM(F13:H13)) -> 75.533333 | K13: =IF(J13="","",(RANK(J13,$J$6:$J$39))) -> 32 | L13: =IF(J13="","",(RANK(J13,$J$6:$J$535))) -> 298 | P13: 86 | Q13: 43.79845 | R13: 38.046512 | S13: 40.232558 | T13: 40.692506 | U13: 122.07752 | V13: 31 | W13: 266 | X13: 32.55814 | Y13: 48.837209 | Z13: 50 | AA13: 108 | AB13: 37.790698 | AC13: 37.906977 | AD13: 36.976912 | AE13: 37.446427 | AF13: 112.67459 | AG13: 31 | AH13: 241 | AI13: 44.186047 | AJ13: 47.674419 | AK13: 50 | AL13: 108 | AM13: 49.873498 | AN13: 36.473118 | AO13: 39.23102 | AP13: 41.859212 | AQ13: 125.57764 | AR13: 31 | AS13: 246 | AT13: 26.88172 | AU13: 41.935484 | AV13: 47.826087 | AW13: =AVERAGE(P13,AA13,AL13) -> 100.66667 | AX13: =AVERAGE(Q13,AB13,AM13) -> 43.820882 | AY13: =AVERAGE(R13,AC13,AN13) -> 37.475536 | AZ13: =AVERAGE(S13,AD13,AO13) -> 38.813497 | BA13: =AVERAGE(T13,AE13,AP13) -> 39.999382 | BB13: =AVERAGE(U13,AF13,AQ13) -> 120.10991 | BC13: =IF(BB13="","",(RANK(BB13,$BB$6:$BB$39))) -> 32 | BD13: =IF(BB13="","",(RANK(BB13,$BB$6:$BB$535))) -> 262 | BE13: =AVERAGE(M13,AI13,AT13) -> 35.533883 | BF13: =AVERAGE(N13,AJ13,AU13) -> 44.804951 | BG13: =AVERAGE(O13,AK13,AV13) -> 48.913043 | BH13: 109 | BI13: 46.690741 | BJ13: 25.368519 | BK13: 29.027778 | BL13: 33.695679 | BM13: 101.08704 | BN13: 30 | BO13: 265 | BP13: 31.481481 | BQ13: 67.592593 | BR13: 63.888889 | BT13: 103
A14: 9 | B14: Binəqədi | C14: 115x | D14: XƏQTOM | I14: =IF(F14="","",AVERAGE(F14:H14)) | J14: =IF(F14="","",SUM(F14:H14)) | K14: =IF(J14="","",(RANK(J14,$J$6:$J$39))) | L14: =IF(J14="","",(RANK(J14,$J$6:$J$535))) | BC14: =IF(BB14="","",(RANK(BB14,$BB$6:$BB$39))) | BD14: =IF(BB14="","",(RANK(BB14,$BB$6:$BB$535))) | BH14: 7 | BI14: 30.657143 | BJ14: 28.071429 | BK14: 15.114286 | BL14: 24.614286 | BM14: 73.842857 | BN14: 33 | BO14: 307 | BP14: 71.428571 | BQ14: 85.714286 | BR14: 100 | BT14: 115
A15: 10 | B15: Binəqədi | C15: 115 | D15: tam orta məktəb | F15: 61.333333 | G15: 66.4 | H15: 60 | I15: =IF(F15="","",AVERAGE(F15:H15)) -> 62.577778 | J15: =IF(F15="","",SUM(F15:H15)) -> 187.73333 | K15: =IF(J15="","",(RANK(J15,$J$6:$J$39))) -> 4 | L15: =IF(J15="","",(RANK(J15,$J$6:$J$535))) -> 15 | P15: 130 | Q15: 65.461538 | R15: 66.092308 | S15: 66.615385 | T15: 66.05641 | U15: 198.16923 | V15: 3 | W15: 18 | X15: 4.6153846 | Y15: 6.25 | Z15: 7.6923077 | AA15: 133 | AB15: 62.428843 | AC15: 66.548387 | AD15: 62.952102 | AE15: 63.976444 | AF15: 191.92933 | AG15: 2 | AH15: 12 | AI15: 8.0645161 | AJ15: 2.4193548 | AK15: 4.0322581 | AL15: 132 | AM15: 71.098687 | AN15: 62.715466 | AO15: 76.859504 | AP15: 70.224553 | AQ15: 210.67366 | AR15: 1 | AS15: 6 | AT15: 1.6528926 | AU15: 8.3333333 | AV15: 1.7094017 | AW15: =AVERAGE(P15,AA15,AL15) -> 131.66667 | AX15: =AVERAGE(Q15,AB15,AM15) -> 66.329689 | AY15: =AVERAGE(R15,AC15,AN15) -> 65.11872 | AZ15: =AVERAGE(S15,AD15,AO15) -> 68.808997 | BA15: =AVERAGE(T15,AE15,AP15) -> 66.752469 | BB15: =AVERAGE(U15,AF15,AQ15) -> 200.25741 | BC15: =IF(BB15="","",(RANK(BB15,$BB$6:$BB$39))) -> 2 | BD15: =IF(BB15="","",(RANK(BB15,$BB$6:$BB$535))) -> 9 | BE15: =AVERAGE(M15,AI15,AT15) -> 4.8587043 | BF15: =AVERAGE(N15,AJ15,AU15) -> 5.3763441 | BG15: =AVERAGE(O15,AK15,AV15) -> 2.8708299 | BH15: 132 | BI15: 57.454545 | BJ15: 31.694697 | BK15: 39.592424 | BL15: 42.913889 | BM15: 128.74167 | BN15: 14 | BO15: 121 | BP15: 19.69697 | BQ15: 56.818182 | BR15: 40.151515 | BT15: 115
A16: 11 | B16: Binəqədi | C16: 126 | D16: TN | F16: 40.666667 | G16: 45.6 | H16: 38 | I16: =IF(F16="","",AVERAGE(F16:H16)) -> 41.422222 | J16: =IF(F16="","",SUM(F16:H16)) -> 124.26667 | K16: =IF(J16="","",(RANK(J16,$J$6:$J$39))) -> 24 | L16: =IF(J16="","",(RANK(J16,$J$6:$J$535))) -> 174 | P16: 73 | Q16: 50 | R16: 39.287671 | S16: 44.200913 | T16: 44.496195 | U16: 133.48858 | V16: 26 | W16: 217 | X16: 19.178082 | Y16: 43.835616 | Z16: 36.986301 | AA16: 77 | AB16: 47.326203 | AC16: 49.558442 | AD16: 53.482881 | AE16: 50.122509 | AF16: 150.36753 | AG16: 15 | AH16: 97 | AI16: 14.285714 | AJ16: 10.38961 | AK16: 19.480519 | AL16: 61 | AM16: 68.707811 | AN16: 38.173302 | AO16: 66.297011 | AP16: 57.726041 | AQ16: 173.17812 | AR16: 9 | AS16: 57 | AT16: 4.9180328 | AU16: 13.114754 | AV16: 8.1967213 | AW16: =AVERAGE(P16,AA16,AL16) -> 70.333333 | AX16: =AVERAGE(Q16,AB16,AM16) -> 55.344671 | AY16: =AVERAGE(R16,AC16,AN16) -> 42.339805 | AZ16: =AVERAGE(S16,AD16,AO16) -> 54.660268 | BA16: =AVERAGE(T16,AE16,AP16) -> 50.781582 | BB16: =AVERAGE(U16,AF16,AQ16) -> 152.34474 | BC16: =IF(BB16="","",(RANK(BB16,$BB$6:$BB$39))) -> 18 | BD16: =IF(BB16="","",(RANK(BB16,$BB$6:$BB$535))) -> 117 | BE16: =AVERAGE(M16,AI16,AT16) -> 9.6018735 | BF16: =AVERAGE(N16,AJ16,AU16) -> 11.752182 | BG16: =AVERAGE(O16,AK16,AV16) -> 13.83862 | BH16: 80 | BI16: 54.131646 | BJ16: 27.674684 | BK16: 38.34557 | BL16: 40.050633 | BM16: 120.1519 | BN16: 23 | BO16: 163 | BP16: 22.78481 | BQ16: 59.493671 | BR16: 45.56962 | BT16: 126
A17: 12 | B17: Binəqədi | C17: 135 | D17: tam orta məktəb | F17: 51.666667 | G17: 50.8 | H17: 43.333333 | I17: =IF(F17="","",AVERAGE(F17:H17)) -> 48.6 | J17: =IF(F17="","",SUM(F17:H17)) -> 145.8 | K17: =IF(J17="","",(RANK(J17,$J$6:$J$39))) -> 15 | L17: =IF(J17="","",(RANK(J17,$J$6:$J$535))) -> 96 | P17: 48 | Q17: 50.833333 | R17: 59.25 | S17: 55.972222 | T17: 55.351852 | U17: 166.05556 | V17: 14 | W17: 91 | X17: 8.3333333 | Y17: 8.3333333 | Z17: 10.416667 | AA17: 53 | AB17: 50.113122 | AC17: 57.153846 | AD17: 71.678322 | AE17: 59.64843 | AF17: 178.94529 | AG17: 5 | AH17: 26 | AI17: 21.153846 | AJ17: 1.9230769 | AK17: 7.6923077 | AL17: 54 | AM17: 79.62963 | AN17: 44.338624 | AO17: 69.444444 | AP17: 64.470899 | AQ17: 193.4127 | AR17: 4 | AS17: 18 | AT17: 4.0816327 | AU17: 16.666667 | AV17: 0 | AW17: =AVERAGE(P17,AA17,AL17) -> 51.666667 | AX17: =AVERAGE(Q17,AB17,AM17) -> 60.192028 | AY17: =AVERAGE(R17,AC17,AN17) -> 53.580823 | AZ17: =AVERAGE(S17,AD17,AO17) -> 65.698329 | BA17: =AVERAGE(T17,AE17,AP17) -> 59.823727 | BB17: =AVERAGE(U17,AF17,AQ17) -> 179.47118 | BC17: =IF(BB17="","",(RANK(BB17,$BB$6:$BB$39))) -> 6 | BD17: =IF(BB17="","",(RANK(BB17,$BB$6:$BB$535))) -> 31 | BE17: =AVERAGE(M17,AI17,AT17) -> 12.617739 | BF17: =AVERAGE(N17,AJ17,AU17) -> 9.2948718 | BG17: =AVERAGE(O17,AK17,AV17) -> 3.8461538 | BH17: 54 | BI17: 55.524074 | BJ17: 31.446296 | BK17: 41.942593 | BL17: 42.970988 | BM17: 128.91296 | BN17: 13 | BO17: 118 | BP17: 14.814815 | BQ17: 50 | BR17: 27.777778 | BT17: 135
A18: 13 | B18: Binəqədi | C18: 143 | D18: tam orta məktəb | F18: 46.666667 | G18: 34.8 | H18: 36.666667 | I18: =IF(F18="","",AVERAGE(F18:H18)) -> 39.377778 | J18: =IF(F18="","",SUM(F18:H18)) -> 118.13333 | K18: =IF(J18="","",(RANK(J18,$J$6:$J$39))) -> 26 | L18: =IF(J18="","",(RANK(J18,$J$6:$J$535))) -> 200 | P18: 87 | Q18: 48.659004 | R18: 36.643678 | S18: 45.517241 | T18: 43.606641 | U18: 130.81992 | V18: 28 | W18: 231 | X18: 18.390805 | Y18: 45.977011 | Z18: 34.482759 | AA18: 91 | AB18: 48.663102 | AC18: 35.995298 | AD18: 49.139118 | AE18: 44.599173 | AF18: 133.79752 | AG18: 26 | AH18: 162 | AI18: 11.363636 | AJ18: 44.318182 | AK18: 28.409091 | AL18: 91 | AM18: 60.872439 | AN18: 35.601926 | AO18: 49.405155 | AP18: 48.626507 | AQ18: 145.87952 | AR18: 25 | AS18: 162 | AT18: 8.988764 | AU18: 38.202247 | AV18: 22.47191 | AW18: =AVERAGE(P18,AA18,AL18) -> 89.666667 | AX18: =AVERAGE(Q18,AB18,AM18) -> 52.731515 | AY18: =AVERAGE(R18,AC18,AN18) -> 36.080301 | AZ18: =AVERAGE(S18,AD18,AO18) -> 48.020505 | BA18: =AVERAGE(T18,AE18,AP18) -> 45.610774 | BB18: =AVERAGE(U18,AF18,AQ18) -> 136.83232 | BC18: =IF(BB18="","",(RANK(BB18,$BB$6:$BB$39))) -> 26 | BD18: =IF(BB18="","",(RANK(BB18,$BB$6:$BB$535))) -> 184 | BE18: =AVERAGE(M18,AI18,AT18) -> 10.1762 | BF18: =AVERAGE(N18,AJ18,AU18) -> 41.260215 | BG18: =AVERAGE(O18,AK18,AV18) -> 25.440501 | BH18: 91 | BI18: 56.659341 | BJ18: 27.49011 | BK18: 38.979121 | BL18: 41.042857 | BM18: 123.12857 | BN18: 21 | BO18: 147 | BP18: 19.78022 | BQ18: 67.032967 | BR18: 41.758242 | BT18: 143
A19: 14 | B19: Binəqədi | C19: 144 | D19: tam orta məktəb | F19: 55.333333 | G19: 60.8 | H19: 65 | I19: =IF(F19="","",AVERAGE(F19:H19)) -> 60.377778 | J19: =IF(F19="","",SUM(F19:H19)) -> 181.13333 | K19: =IF(J19="","",(RANK(J19,$J$6:$J$39))) -> 6 | L19: =IF(J19="","",(RANK(J19,$J$6:$J$535))) -> 21 | P19: 66 | Q19: 63.535354 | R19: 55.090909 | S19: 67.020202 | T19: 61.882155 | U19: 185.64646 | V19: 7 | W19: 46 | X19: 3.030303 | Y19: 9.0909091 | Z19: 3.030303 | AA19: 68 | AB19: 46.280277 | AC19: 50.470588 | AD19: 54.144385 | AE19: 50.298417 | AF19: 150.89525 | AG19: 14 | AH19: 94 | AI19: 11.764706 | AJ19: 13.235294 | AK19: 7.3529412 | AL19: 67 | AM19: 61.413521 | AN19: 38.03838 | AO19: 54.214223 | AP19: 51.222041 | AQ19: 153.66612 | AR19: 20 | AS19: 128 | AT19: 4.4776119 | AU19: 41.791045 | AV19: 8.9552239 | AW19: =AVERAGE(P19,AA19,AL19) -> 67 | AX19: =AVERAGE(Q19,AB19,AM19) -> 57.076384 | AY19: =AVERAGE(R19,AC19,AN19) -> 47.866626 | AZ19: =AVERAGE(S19,AD19,AO19) -> 58.459603 | BA19: =AVERAGE(T19,AE19,AP19) -> 54.467538 | BB19: =AVERAGE(U19,AF19,AQ19) -> 163.40261 | BC19: =IF(BB19="","",(RANK(BB19,$BB$6:$BB$39))) -> 15 | BD19: =IF(BB19="","",(RANK(BB19,$BB$6:$BB$535))) -> 79 | BE19: =AVERAGE(M19,AI19,AT19) -> 8.1211589 | BF19: =AVERAGE(N19,AJ19,AU19) -> 27.513169 | BG19: =AVERAGE(O19,AK19,AV19) -> 8.1540825 | BH19: 68 | BI19: 57.627941 | BJ19: 34.605882 | BK19: 39.529412 | BL19: 43.921078 | BM19: 131.76324 | BN19: 11 | BO19: 102 | BP19: 11.764706 | BQ19: 50 | BR19: 38.235294 | BT19: 144
A20: 15 | B20: Binəqədi | C20: 157 | D20: tam orta məktəb | F20: 64.666667 | G20: 71.2 | H20: 69.333333 | I20: =IF(F20="","",AVERAGE(F20:H20)) -> 68.4 | J20: =IF(F20="","",SUM(F20:H20)) -> 205.2 | K20: =IF(J20="","",(RANK(J20,$J$6:$J$39))) -> 3 | L20: =IF(J20="","",(RANK(J20,$J$6:$J$535))) -> 8 | P20: 91 | Q20: 63.589744 | R20: 61.978022 | S20: 66.007326 | T20: 63.858364 | U20: 191.57509 | V20: 5 | W20: 29 | X20: 6.5934066 | Y20: 5.4945055 | Z20: 4.3956044 | AA20: 107 | AB20: 50.262085 | AC20: 59.762376 | AD20: 56.705671 | AE20: 55.576711 | AF20: 166.73013 | AG20: 9 | AH20: 47 | AI20: 21.782178 | AJ20: 10.891089 | AK20: 20.792079 | AL20: 107 | AM20: 58.986928 | AN20: 34.34992 | AO20: 65.980392 | AP20: 53.082011 | AQ20: 159.31724 | AR20: 16 | AS20: 105 | AT20: 10 | AU20: 42.696629 | AV20: 8.8888889 | AW20: =AVERAGE(P20,AA20,AL20) -> 101.66667 | AX20: =AVERAGE(Q20,AB20,AM20) -> 57.612919 | AY20: =AVERAGE(R20,AC20,AN20) -> 52.030106 | AZ20: =AVERAGE(S20,AD20,AO20) -> 62.897796 | BA20: =AVERAGE(T20,AE20,AP20) -> 57.505695 | BB20: =AVERAGE(U20,AF20,AQ20) -> 172.54082 | BC20: =IF(BB20="","",(RANK(BB20,$BB$6:$BB$39))) -> 7 | BD20: =IF(BB20="","",(RANK(BB20,$BB$6:$BB$535))) -> 50 | BE20: =AVERAGE(M20,AI20,AT20) -> 15.891089 | BF20: =AVERAGE(N20,AJ20,AU20) -> 26.793859 | BG20: =AVERAGE(O20,AK20,AV20) -> 14.840484 | BH20: 107 | BI20: 59.491589 | BJ20: 38.248598 | BK20: 43.542056 | BL20: 47.094081 | BM20: 141.28224 | BN20: 7 | BO20: 62 | BP20: 17.757009 | BQ20: 40.186916 | BR20: 29.906542 | BT20: 157
A21: 16 | B21: Binəqədi | C21: 179 | D21: tam orta məktəb | F21: 49.333333 | G21: 49.2 | H21: 40 | I21: =IF(F21="","",AVERAGE(F21:H21)) -> 46.177778 | J21: =IF(F21="","",SUM(F21:H21)) -> 138.53333 | K21: =IF(J21="","",(RANK(J21,$J$6:$J$39))) -> 19 | L21: =IF(J21="","",(RANK(J21,$J$6:$J$535))) -> 126 | P21: 224 | Q21: 44.419643 | R21: 44.660714 | S21: 43.258929 | T21: 44.113095 | U21: 132.33929 | V21: 27 | W21: 225 | X21: 28.571429 | Y21: 23.660714 | Z21: 32.142857 | AA21: 237 | AB21: 35.604368 | AC21: 49.046414 | AD21: 38.473341 | AE21: 41.041374 | AF21: 123.12412 | AG21: 28 | AH21: 196 | AI21: 43.037975 | AJ21: 22.649573 | AK21: 32.067511 | AL21: 248 | AM21: 48.161765 | AN21: 32.211982 | AO21: 41.816888 | AP21: 40.730211 | AQ21: 122.19063 | AR21: 32 | AS21: 256 | AT21: 21.370968 | AU21: 42.741935 | AV21: 31.854839 | AW21: =AVERAGE(P21,AA21,AL21) -> 236.33333 | AX21: =AVERAGE(Q21,AB21,AM21) -> 42.728592 | AY21: =AVERAGE(R21,AC21,AN21) -> 41.973036 | AZ21: =AVERAGE(S21,AD21,AO21) -> 41.183053 | BA21: =AVERAGE(T21,AE21,AP21) -> 41.96156 | BB21: =AVERAGE(U21,AF21,AQ21) -> 125.88468 | BC21: =IF(BB21="","",(RANK(BB21,$BB$6:$BB$39))) -> 30 | BD21: =IF(BB21="","",(RANK(BB21,$BB$6:$BB$535))) -> 233 | BE21: =AVERAGE(M21,AI21,AT21) -> 32.204471 | BF21: =AVERAGE(N21,AJ21,AU21) -> 32.695754 | BG21: =AVERAGE(O21,AK21,AV21) -> 31.961175 | BH21: 258 | BI21: 46.229134 | BJ21: 24.413386 | BK21: 29.516535 | BL21: 33.386352 | BM21: 100.15906 | BN21: 32 | BO21: 268 | BP21: 27.165354 | BQ21: 70.472441 | BR21: 61.417323 | BT21: 179
A22: 17 | B22: Binəqədi | C22: 182 | D22: tam orta məktəb | F22: 50 | G22: 49.2 | H22: 45.333333 | I22: =IF(F22="","",AVERAGE(F22:H22)) -> 48.177778 | J22: =IF(F22="","",SUM(F22:H22)) -> 144.53333 | K22: =IF(J22="","",(RANK(J22,$J$6:$J$39))) -> 16 | L22: =IF(J22="","",(RANK(J22,$J$6:$J$535))) -> 109 | P22: 390 | Q22: 53.931624 | R22: 48.421594 | S22: 50.410256 | T22: 50.923296 | U22: 152.76347 | V22: 19 | W22: 131 | X22: 11.794872 | Y22: 21.8509 | Z22: 27.948718 | AA22: 414 | AB22: 42.998963 | AC22: 50.707548 | AD22: 47.164339 | AE22: 46.95695 | AF22: 140.87085 | AG22: 18 | AH22: 129 | AI22: 29.471033 | AJ22: 21.969697 | AK22: 27.20403 | AL22: 417 | AM22: 59.007353 | AN22: 45.863095 | AO22: 54.500077 | AP22: 53.088819 | AQ22: 159.37052 | AR22: 15 | AS22: 104 | AT22: 18.229167 | AU22: 30.989583 | AV22: 25.721785 | AW22: =AVERAGE(P22,AA22,AL22) -> 407 | AX22: =AVERAGE(Q22,AB22,AM22) -> 51.979313 | AY22: =AVERAGE(R22,AC22,AN22) -> 48.330746 | AZ22: =AVERAGE(S22,AD22,AO22) -> 50.691557 | BA22: =AVERAGE(T22,AE22,AP22) -> 50.323022 | BB22: =AVERAGE(U22,AF22,AQ22) -> 151.00162 | BC22: =IF(BB22="","",(RANK(BB22,$BB$6:$BB$39))) -> 19 | BD22: =IF(BB22="","",(RANK(BB22,$BB$6:$BB$535))) -> 121 | BE22: =AVERAGE(M22,AI22,AT22) -> 23.8501 | BF22: =AVERAGE(N22,AJ22,AU22) -> 26.47964 | BG22: =AVERAGE(O22,AK22,AV22) -> 26.462908 | BH22: 415 | BI22: 52.037772 | BJ22: 29.79201 | BK22: 33.639467 | BL22: 38.48975 | BM22: 115.46925 | BN22: 25 | BO22: 195 | BP22: 23.970944 | BQ22: 64.891041 | BR22: 56.416465 | BT22: 182
A23: 18 | B23: Binəqədi | C23: 205 | D23: tam orta məktəb | F23: 46.666667 | G23: 38 | H23: 29.333333 | I23: =IF(F23="","",AVERAGE(F23:H23)) -> 38 | J23: =IF(F23="","",SUM(F23:H23)) -> 114 | K23: =IF(J23="","",(RANK(J23,$J$6:$J$39))) -> 28 | L23: =IF(J23="","",(RANK(J23,$J$6:$J$535))) -> 221 | P23: 110 | Q23: 46.181818 | R23: 43.527273 | S23: 44.545455 | T23: 44.751515 | U23: 134.25455 | V23: 25 | W23: 214 | X23: 30 | Y23: 34.545455 | Z23: 36.363636 | AA23: 115 | AB23: 60.172693 | AC23: 44.366972 | AD23: 44.147901 | AE23: 49.562522 | AF23: 148.68757 | AG23: 16 | AH23: 101 | AI23: 35.555556 | AJ23: 22.018349 | AK23: 32.110092 | AL23: 115 | AM23: 61.154273 | AN23: 50.862534 | AO23: 51.193119 | AP23: 54.403308 | AQ23: 163.20993 | AR23: 14 | AS23: 88 | AT23: 12.264151 | AU23: 34.736842 | AV23: 16.037736 | AW23: =AVERAGE(P23,AA23,AL23) -> 113.33333 | AX23: =AVERAGE(Q23,AB23,AM23) -> 55.836261 | AY23: =AVERAGE(R23,AC23,AN23) -> 46.25226 | AZ23: =AVERAGE(S23,AD23,AO23) -> 46.628825 | BA23: =AVERAGE(T23,AE23,AP23) -> 49.572449 | BB23: =AVERAGE(U23,AF23,AQ23) -> 148.71735 | BC23: =IF(BB23="","",(RANK(BB23,$BB$6:$BB$39))) -> 21 | BD23: =IF(BB23="","",(RANK(BB23,$BB$6:$BB$535))) -> 132 | BE23: =AVERAGE(M23,AI23,AT23) -> 23.909853 | BF23: =AVERAGE(N23,AJ23,AU23) -> 28.377595 | BG23: =AVERAGE(O23,AK23,AV23) -> 24.073914 | BH23: 115 | BI23: 50.60087 | BJ23: 25.633043 | BK23: 33.142609 | BL23: 36.458841 | BM23: 109.37652 | BN23: 27 | BO23: 234 | BP23: 26.956522 | BQ23: 67.826087 | BR23: 54.782609 | BT23: 205
A24: 19 | B24: Binəqədi | C24: 217 | D24: tam orta məktəb | F24: 53.333333 | G24: 40 | H24: 25 | I24: =IF(F24="","",AVERAGE(F24:H24)) -> 39.444444 | J24: =IF(F24="","",SUM(F24:H24)) -> 118.33333 | K24: =IF(J24="","",(RANK(J24,$J$6:$J$39))) -> 25 | L24: =IF(J24="","",(RANK(J24,$J$6:$J$535))) -> 198 | P24: 216 | Q24: 43.117284 | R24: 35.518519 | S24: 34.722222 | T24: 37.786008 | U24: 113.35802 | V24: 32 | W24: 283 | X24: 31.481481 | Y24: 51.173709 | Z24: 54.166667 | AA24: 233 | AB24: 34.106056 | AC24: 40.492611 | AD24: 37.871324 | AE24: 37.489997 | AF24: 112.46999 | AG24: 32 | AH24: 242 | AI24: 42.364532 | AJ24: 29.064039 | AK24: 40.394089 | AL24: 231 | AM24: 72.972136 | AN24: 28.917293 | AO24: 48.529412 | AP24: 50.139614 | AQ24: 150.41884 | AR24: 22 | AS24: 138 | AT24: 4.2105263 | AU24: 58.421053 | AV24: 23.684211 | AW24: =AVERAGE(P24,AA24,AL24) -> 226.66667 | AX24: =AVERAGE(Q24,AB24,AM24) -> 50.065159 | AY24: =AVERAGE(R24,AC24,AN24) -> 34.976141 | AZ24: =AVERAGE(S24,AD24,AO24) -> 40.374319 | BA24: =AVERAGE(T24,AE24,AP24) -> 41.805206 | BB24: =AVERAGE(U24,AF24,AQ24) -> 125.41562 | BC24: =IF(BB24="","",(RANK(BB24,$BB$6:$BB$39))) -> 31 | BD24: =IF(BB24="","",(RANK(BB24,$BB$6:$BB$535))) -> 236 | BE24: =AVERAGE(M24,AI24,AT24) -> 23.287529 | BF24: =AVERAGE(N24,AJ24,AU24) -> 43.742546 | BG24: =AVERAGE(O24,AK24,AV24) -> 32.03915 | BH24: 229 | BI24: 49.210965 | BJ24: 26.892982 | BK24: 30.735965 | BL24: 35.613304 | BM24: 106.83991 | BN24: 28 | BO24: 244 | BP24: 22.807018 | BQ24: 67.105263 | BR24: 58.77193 | BT24: 217
A25: 20 | B25: Binəqədi | C25: 244 | D25: tam orta məktəb | F25: 69.666667 | G25: 76 | H25: 66.666667 | I25: =IF(F25="","",AVERAGE(F25:H25)) -> 70.777778 | J25: =IF(F25="","",SUM(F25:H25)) -> 212.33333 | K25: =IF(J25="","",(RANK(J25,$J$6:$J$39))) -> 1 | L25: =IF(J25="","",(RANK(J25,$J$6:$J$535))) -> 2 | P25: 203 | Q25: 65.92775 | R25: 74.738916 | S25: 71.36289 | T25: 70.676519 | U25: 212.02956 | V25: 1 | W25: 7 | X25: 4.9261084 | Y25: 2.6315789 | Z25: 2.955665 | AA25: 208 | AB25: 62.15208 | AC25: 68.721951 | AD25: 66.111611 | AE25: 65.564349 | AF25: 196.98564 | AG25: 1 | AH25: 7 | AI25: 3.9408867 | AJ25: 8.3333333 | AK25: 8 | AL25: 206 | AM25: 69.503862 | AN25: 52.594172 | AO25: 70.617501 | AP25: 64.153978 | AQ25: 192.71553 | AR25: 5 | AS25: 22 | AT25: 3.5532995 | AU25: 21 | AV25: 6.5 | AW25: =AVERAGE(P25,AA25,AL25) -> 205.66667 | AX25: =AVERAGE(Q25,AB25,AM25) -> 65.861231 | AY25: =AVERAGE(R25,AC25,AN25) -> 65.35168 | AZ25: =AVERAGE(S25,AD25,AO25) -> 69.364001 | BA25: =AVERAGE(T25,AE25,AP25) -> 66.798282 | BB25: =AVERAGE(U25,AF25,AQ25) -> 200.57691 | BC25: =IF(BB25="","",(RANK(BB25,$BB$6:$BB$39))) -> 1 | BD25: =IF(BB25="","",(RANK(BB25,$BB$6:$BB$535))) -> 8 | BE25: =AVERAGE(M25,AI25,AT25) -> 3.7470931 | BF25: =AVERAGE(N25,AJ25,AU25) -> 14.666667 | BG25: =AVERAGE(O25,AK25,AV25) -> 7.25 | BH25: 207 | BI25: 60.372947 | BJ25: 34.483092 | BK25: 42.070531 | BL25: 45.64219 | BM25: 136.92657 | BN25: 9 | BO25: 87 | BP25: 13.52657 | BQ25: 52.173913 | BR25: 39.613527 | BT25: 244
A26: 21 | B26: Binəqədi | C26: 246 | D26: məktəb-lisey | F26: 50 | G26: 58.4 | H26: 52 | I26: =IF(F26="","",AVERAGE(F26:H26)) -> 53.466667 | J26: =IF(F26="","",SUM(F26:H26)) -> 160.4 | K26: =IF(J26="","",(RANK(J26,$J$6:$J$39))) -> 10 | L26: =IF(J26="","",(RANK(J26,$J$6:$J$535))) -> 52 | P26: 124 | Q26: 55.77957 | R26: 55.806452 | S26: 64.811828 | T26: 58.799283 | U26: 176.39785 | V26: 11 | W26: 66 | X26: 15.322581 | Y26: 16.129032 | Z26: 16.129032 | AA26: 139 | AB26: 44.093539 | AC26: 44.845528 | AD26: 49.864499 | AE26: 46.236888 | AF26: 138.80357 | AG26: 20 | AH26: 139 | AI26: 19.672131 | AJ26: 19.512195 | AK26: 17.886179 | AL26: 138 | AM26: 55.738881 | AN26: 37.560976 | AO26: 61.262554 | AP26: 51.520803 | AQ26: 154.56241 | AR26: 19 | AS26: 125 | AT26: 13.00813 | AU26: 34.95935 | AV26: 19.512195 | AW26: =AVERAGE(P26,AA26,AL26) -> 133.66667 | AX26: =AVERAGE(Q26,AB26,AM26) -> 51.870663 | AY26: =AVERAGE(R26,AC26,AN26) -> 46.070985 | AZ26: =AVERAGE(S26,AD26,AO26) -> 58.646293 | BA26: =AVERAGE(T26,AE26,AP26) -> 52.185658 | BB26: =AVERAGE(U26,AF26,AQ26) -> 156.58794 | BC26: =IF(BB26="","",(RANK(BB26,$BB$6:$BB$39))) -> 17 | BD26: =IF(BB26="","",(RANK(BB26,$BB$6:$BB$535))) -> 100 | BE26: =AVERAGE(M26,AI26,AT26) -> 16.340131 | BF26: =AVERAGE(N26,AJ26,AU26) -> 27.235772 | BG26: =AVERAGE(O26,AK26,AV26) -> 18.699187 | BH26: 138 | BI26: 59.938971 | BJ26: 36.7 | BK26: 42.343382 | BL26: 46.327451 | BM26: 138.98235 | BN26: 8 | BO26: 74 | BP26: 16.176471 | BQ26: 46.323529 | BR26: 38.970588 | BT26: 246
... A39: 34 | B39: Binəqədi | C39: 314 | D39: tam orta məktəb | F39: 30 | G39: 31.2 | H39: 23 | I39: =IF(F39="","",AVERAGE(F39:H39)) -> 28.066667 | J39: =IF(F39="","",SUM(F39:H39)) -> 84.2 | K39: =IF(J39="","",(RANK(J39,$J$6:$J$39))) -> 30 | L39: =IF(J39="","",(RANK(J39,$J$6:$J$535))) -> 288 | P39: 155 | Q39: 55.333333 | R39: 49.212903 | S39: 47.182796 | T39: 50.576344 | U39: 151.72903 | V39: 20 | W39: 137 | X39: 12.903226 | Y39: 26.451613 | Z39: 25.806452 | AA39: 178 | AB39: 40.973631 | AC39: 40.165517 | AD39: 39.205852 | AE39: 40.115 | AF39: 120.345 | AG39: 29 | AH39: 213 | AI39: 28.275862 | AJ39: 40 | AK39: 42.068966 | AL39: 178 | AM39: 61.407563 | AN39: 31.038027 | AO39: 58.197747 | AP39: 50.416195 | AQ39: 150.64334 | AR39: 21 | AS39: 136 | AT39: 9.4202899 | AU39: 58.273381 | AV39: 22.900763 | AW39: =AVERAGE(P39,AA39,AL39) -> 170.33333 | AX39: =AVERAGE(Q39,AB39,AM39) -> 52.571509 | AY39: =AVERAGE(R39,AC39,AN39) -> 40.138816 | AZ39: =AVERAGE(S39,AD39,AO39) -> 48.195465 | BA39: =AVERAGE(T39,AE39,AP39) -> 47.035846 | BB39: =AVERAGE(U39,AF39,AQ39) -> 140.90579 | BC39: =IF(BB39="","",(RANK(BB39,$BB$6:$BB$39))) -> 23 | BD39: =IF(BB39="","",(RANK(BB39,$BB$6:$BB$535))) -> 163 | BE39: =AVERAGE(M39,AI39,AT39) -> 18.848076 | BF39: =AVERAGE(N39,AJ39,AU39) -> 49.136691 | BG39: =AVERAGE(O39,AK39,AV39) -> 32.484864 | BH39: 175 | BI39: 55.984118 | BJ39: 31.771765 | BK39: 37.266471 | BL39: 41.674118 | BM39: 125.02235 | BN39: 19 | BO39: 137 | BP39: 20 | BQ39: 58.823529 | BR39: 48.823529 | BT39: 314
A40: 35 | B40: Nərimanov | C40: 11x | D40: XTM | I40: =IF(F40="","",AVERAGE(F40:H40)) | J40: =IF(F40="","",SUM(F40:H40)) | K40: =IF(J40="","",(RANK(J40,$J$40:$J$60))) | L40: =IF(J40="","",(RANK(J40,$J$6:$J$535))) | BC40: =IF(BB40="","",(RANK(BB40,$BB$40:$BB$60))) | BD40: =IF(BB40="","",(RANK(BB40,$BB$6:$BB$535))) | BT40: 11
A41: 36 | B41: Nərimanov | C41: 34 | D41: tam orta məktəb | F41: 46.666667 | G41: 44 | H41: 34.666667 | I41: =IF(F41="","",AVERAGE(F41:H41)) -> 41.777778 | J41: =IF(F41="","",SUM(F41:H41)) -> 125.33333 | K41: =IF(J41="","",(RANK(J41,$J$40:$J$60))) -> 14 | L41: =IF(J41="","",(RANK(J41,$J$6:$J$535))) -> 172 | P41: 47 | Q41: 55.390071 | R41: 52.851064 | S41: 46.241135 | T41: 51.49409 | U41: 154.48227 | V41: 14 | W41: 121 | X41: 14.893617 | Y41: 23.404255 | Z41: 29.787234 | AA41: 52 | AB41: 50.120048 | AC41: 54.367347 | AD41: 47.680891 | AE41: 50.722762 | AF41: 152.16829 | AG41: 8 | AH41: 87 | AI41: 12.244898 | AJ41: 16.326531 | AK41: 24.489796 | AL41: 52 | AM41: 61.138924 | AN41: 38.480243 | AO41: 47.18398 | AP41: 48.934382 | AQ41: 146.80315 | AR41: 12 | AS41: 159 | AT41: 10.638298 | AU41: 46.808511 | AV41: 25.531915 | AW41: =AVERAGE(P41,AA41,AL41) -> 50.333333 | AX41: =AVERAGE(Q41,AB41,AM41) -> 55.549681 | AY41: =AVERAGE(R41,AC41,AN41) -> 48.566218 | AZ41: =AVERAGE(S41,AD41,AO41) -> 47.035335 | BA41: =AVERAGE(T41,AE41,AP41) -> 50.383745 | BB41: =AVERAGE(U41,AF41,AQ41) -> 151.15123 | BC41: =IF(BB41="","",(RANK(BB41,$BB$40:$BB$60))) -> 12 | BD41: =IF(BB41="","",(RANK(BB41,$BB$6:$BB$535))) -> 120 | BE41: =AVERAGE(M41,AI41,AT41) -> 11.441598 | BF41: =AVERAGE(N41,AJ41,AU41) -> 31.567521 | BG41: =AVERAGE(O41,AK41,AV41) -> 25.010855 | BH41: 52 | BI41: 48.17451 | BJ41: 37.607843 | BK41: 37.190196 | BL41: 40.99085 | BM41: 122.97255 | BN41: 10 | BO41: 149 | BP41: 21.568627 | BQ41: 45.098039 | BR41: 58.823529 | BT41: 34
A42: 37 | B42: Nərimanov | C42: 36 | D42: tam orta məktəb | F42: 39 | G42: 54.4 | H42: 24.666667 | I42: =IF(F42="","",AVERAGE(F42:H42)) -> 39.355556 | J42: =IF(F42="","",SUM(F42:H42)) -> 118.06667 | K42: =IF(J42="","",(RANK(J42,$J$40:$J$60))) -> 17 | L42: =IF(J42="","",(RANK(J42,$J$6:$J$535))) -> 202 | P42: 84 | Q42: 61.269841 | R42: 54.952381 | S42: 57.261905 | T42: 57.828042 | U42: 173.48413 | V42: 11 | W42: 75 | X42: 11.904762 | Y42: 17.857143 | Z42: 15.47619 | AA42: 87 | AB42: 56.962025 | AC42: 60.883117 | AD42: 57.416268 | AE42: 58.572802 | AF42: 175.26141 | AG42: 4 | AH42: 32 | AI42: 11.538462 | AJ42: 7.7922078 | AK42: 13.157895 | AL42: 93 | AM42: 58.569354 | AN42: 45.388788 | AO42: 58.484163 | AP42: 54.301276 | AQ42: 162.4423 | AR42: 7 | AS42: 93 | AT42: 6.1728395 | AU42: 10.126582 | AV42: 11.538462 | AW42: =AVERAGE(P42,AA42,AL42) -> 88 | AX42: =AVERAGE(Q42,AB42,AM42) -> 58.93374 | AY42: =AVERAGE(R42,AC42,AN42) -> 53.741429 | AZ42: =AVERAGE(S42,AD42,AO42) -> 57.720779 | BA42: =AVERAGE(T42,AE42,AP42) -> 56.900707 | BB42: =AVERAGE(U42,AF42,AQ42) -> 170.39595 | BC42: =IF(BB42="","",(RANK(BB42,$BB$40:$BB$60))) -> 6 | BD42: =IF(BB42="","",(RANK(BB42,$BB$6:$BB$535))) -> 55 | BE42: =AVERAGE(M42,AI42,AT42) -> 8.8556505 | BF42: =AVERAGE(N42,AJ42,AU42) -> 8.959395 | BG42: =AVERAGE(O42,AK42,AV42) -> 12.348178 | BH42: 96 | BI42: 48.021978 | BJ42: 34.445055 | BK42: 36.718681 | BL42: 39.728571 | BM42: 119.18571 | BN42: 13 | BO42: 170 | BP42: 25.274725 | BQ42: 50.549451 | BR42: 53.846154 | BT42: 36
A43: 38 | B43: Nərimanov | C43: 37 | D43: tam orta məktəb | F43: 37.666667 | G43: 52 | H43: 41.333333 | I43: =IF(F43="","",AVERAGE(F43:H43)) -> 43.666667 | J43: =IF(F43="","",SUM(F43:H43)) -> 131 | K43: =IF(J43="","",(RANK(J43,$J$40:$J$60))) -> 13 | L43: =IF(J43="","",(RANK(J43,$J$6:$J$535))) -> 156 | P43: 59 | Q43: 40.677966 | R43: 39.389831 | S43: 48.813559 | T43: 42.960452 | U43: 128.88136 | V43: 18 | W43: 241 | X43: 32.20339 | Y43: 27.118644 | Z43: 28.813559 | AA43: 66 | AB43: 34.077079 | AC43: 41.517241 | AD43: 32.549634 | AE43: 36.047985 | AF43: 108.14395 | AG43: 18 | AH43: 258 | AI43: 46.551724 | AJ43: 39.655172 | AK43: 50 | AL43: 71 | AM43: 51.515152 | AN43: 33.230769 | AO43: 50.316742 | AP43: 45.40107 | AQ43: 135.06266 | AR43: 15 | AS43: 212 | AT43: 19.69697 | AU43: 43.076923 | AV43: 21.538462 | AW43: =AVERAGE(P43,AA43,AL43) -> 65.333333 | AX43: =AVERAGE(Q43,AB43,AM43) -> 42.090066 | AY43: =AVERAGE(R43,AC43,AN43) -> 38.045947 | AZ43: =AVERAGE(S43,AD43,AO43) -> 43.893312 | BA43: =AVERAGE(T43,AE43,AP43) -> 41.469835 | BB43: =AVERAGE(U43,AF43,AQ43) -> 124.02932 | BC43: =IF(BB43="","",(RANK(BB43,$BB$40:$BB$60))) -> 17 | BD43: =IF(BB43="","",(RANK(BB43,$BB$6:$BB$535))) -> 243 | BE43: =AVERAGE(M43,AI43,AT43) -> 33.124347 | BF43: =AVERAGE(N43,AJ43,AU43) -> 41.366048 | BG43: =AVERAGE(O43,AK43,AV43) -> 35.769231 | BH43: 72 | BI43: 43.073611 | BJ43: 29.140278 | BK43: 33.984722 | BL43: 35.399537 | BM43: 106.19861 | BN43: 18 | BO43: 246 | BP43: 27.777778 | BQ43: 59.722222 | BR43: 58.333333 | BT43: 37
A44: 39 | B44: Nərimanov | C44: 39 | D44: tam orta məktəb | F44: 50 | G44: 58.4 | H44: 47.333333 | I44: =IF(F44="","",AVERAGE(F44:H44)) -> 51.911111 | J44: =IF(F44="","",SUM(F44:H44)) -> 155.73333 | K44: =IF(J44="","",(RANK(J44,$J$40:$J$60))) -> 4 | L44: =IF(J44="","",(RANK(J44,$J$6:$J$535))) -> 62 | P44: 58 | Q44: 63.850575 | R44: 62.344828 | S44: 73.505747 | T44: 66.56705 | U44: 199.70115 | V44: 4 | W44: 15 | X44: 5.1724138 | Y44: 13.793103 | Z44: 8.6206897 | AA44: 70 | AB44: 56.705882 | AC44: 49.469388 | AD44: 60.482375 | AE44: 54.937184 | AF44: 166.65764 | AG44: 6 | AH44: 49 | AI44: 22 | AJ44: 28.571429 | AK44: 14.583333 | AL44: 70 | AM44: 61.054767 | AN44: 38.546366 | AO44: 61.004057 | AP44: 53.55863 | AQ44: 160.60519 | AR44: 8 | AS44: 100 | AT44: 6.8965517 | AU44: 50.877193 | AV44: 18.965517 | AW44: =AVERAGE(P44,AA44,AL44) -> 66 | AX44: =AVERAGE(Q44,AB44,AM44) -> 60.537075 | AY44: =AVERAGE(R44,AC44,AN44) -> 50.120194 | AZ44: =AVERAGE(S44,AD44,AO44) -> 64.997393 | BA44: =AVERAGE(T44,AE44,AP44) -> 58.354288 | BB44: =AVERAGE(U44,AF44,AQ44) -> 175.65466 | BC44: =IF(BB44="","",(RANK(BB44,$BB$40:$BB$60))) -> 4 | BD44: =IF(BB44="","",(RANK(BB44,$BB$6:$BB$535))) -> 38 | BE44: =AVERAGE(M44,AI44,AT44) -> 14.448276 | BF44: =AVERAGE(N44,AJ44,AU44) -> 39.724311 | BG44: =AVERAGE(O44,AK44,AV44) -> 16.774425 | BH44: 70 | BI44: 56.519118 | BJ44: 38.723529 | BK44: 46.316176 | BL44: 47.186275 | BM44: 141.55882 | BN44: 5 | BO44: 61 | BP44: 19.117647 | BQ44: 45.588235 | BR44: 33.823529 | BT44: 39
A45: 40 | B45: Nərimanov | C45: 45 | D45: tam orta məktəb | F45: 58.333333 | G45: 51.2 | H45: 42.666667 | I45: =IF(F45="","",AVERAGE(F45:H45)) -> 50.733333 | J45: =IF(F45="","",SUM(F45:H45)) -> 152.2 | K45: =IF(J45="","",(RANK(J45,$J$40:$J$60))) -> 6 | L45: =IF(J45="","",(RANK(J45,$J$6:$J$535))) -> 71 | P45: 129 | Q45: 57.571059 | R45: 55.59375 | S45: 69.265092 | T45: 60.779514 | U45: 182.4299 | V45: 7 | W45: 51 | X45: 7.751938 | Y45: 12.5 | Z45: 8.6614173 | AA45: 141 | AB45: 48.473282 | AC45: 60.030303 | AD45: 76.304397 | AE45: 61.64973 | AF45: 184.80798 | AG45: 3 | AH45: 20 | AI45: 11.450382 | AJ45: 6.0606061 | AK45: 2.6548673 | AL45: 139 | AM45: 57.518975 | AN45: 30.345622 | AO45: 61.860354 | AP45: 49.827867 | AQ45: 149.72495 | AR45: 10 | AS45: 142 | AT45: 6.4516129 | AU45: 55.645161 | AV45: 18.852459 | AW45: =AVERAGE(P45,AA45,AL45) -> 136.33333 | AX45: =AVERAGE(Q45,AB45,AM45) -> 54.521106 | AY45: =AVERAGE(R45,AC45,AN45) -> 48.656558 | AZ45: =AVERAGE(S45,AD45,AO45) -> 69.143281 | BA45: =AVERAGE(T45,AE45,AP45) -> 57.419037 | BB45: =AVERAGE(U45,AF45,AQ45) -> 172.32095 | BC45: =IF(BB45="","",(RANK(BB45,$BB$40:$BB$60))) -> 5 | BD45: =IF(BB45="","",(RANK(BB45,$BB$6:$BB$535))) -> 51 | BE45: =AVERAGE(M45,AI45,AT45) -> 8.9509973 | BF45: =AVERAGE(N45,AJ45,AU45) -> 30.852884 | BG45: =AVERAGE(O45,AK45,AV45) -> 10.753663 | BH45: 139 | BI45: 52.353957 | BJ45: 37.386331 | BK45: 40.860432 | BL45: 43.533573 | BM45: 130.60072 | BN45: 8 | BO45: 107 | BP45: 15.827338 | BQ45: 41.007194 | BR45: 42.446043 | BT45: 45
A46: 41 | B46: Nərimanov | C46: 47 | D46: tam orta məktəb | F46: 48.333333 | G46: 54.8 | H46: 50.333333 | I46: =IF(F46="","",AVERAGE(F46:H46)) -> 51.155556 | J46: =IF(F46="","",SUM(F46:H46)) -> 153.46667 | K46: =IF(J46="","",(RANK(J46,$J$40:$J$60))) -> 5 | L46: =IF(J46="","",(RANK(J46,$J$6:$J$535))) -> 68 | P46: 128 | Q46: 59.21875 | R46: 50.125 | S46: 64.140625 | T46: 57.828125 | U46: 173.48438 | V46: 10 | W46: 74 | X46: 5.46875 | Y46: 14.0625 | Z46: 11.71875 | AA46: 129 | AB46: 40.834473 | AC46: 38.697674 | AD46: 50.293634 | AE46: 43.275261 | AF46: 129.82578 | AG46: 15 | AH46: 174 | AI46: 34.883721 | AJ46: 38.75969 | AK46: 26.356589 | AL46: 128 | AM46: 51.5625 | AN46: 30.758929 | AO46: 50.78125 | AP46: 44.36756 | AQ46: 133.10268 | AR46: 16 | AS46: 221 | AT46: 21.875 | AU46: 54.6875 | AV46: 31.25 | AW46: =AVERAGE(P46,AA46,AL46) -> 128.33333 | AX46: =AVERAGE(Q46,AB46,AM46) -> 50.538574 | AY46: =AVERAGE(R46,AC46,AN46) -> 39.860534 | AZ46: =AVERAGE(S46,AD46,AO46) -> 55.071836 | BA46: =AVERAGE(T46,AE46,AP46) -> 48.490315 | BB46: =AVERAGE(U46,AF46,AQ46) -> 145.47095 | BC46: =IF(BB46="","",(RANK(BB46,$BB$40:$BB$60))) -> 14 | BD46: =IF(BB46="","",(RANK(BB46,$BB$6:$BB$535))) -> 142 | BE46: =AVERAGE(M46,AI46,AT46) -> 28.37936 | BF46: =AVERAGE(N46,AJ46,AU46) -> 46.723595 | BG46: =AVERAGE(O46,AK46,AV46) -> 28.803295 | BH46: 142 | BI46: 56.888732 | BJ46: 34.553521 | BK46: 47.203521 | BL46: 46.215258 | BM46: 138.64577 | BN46: 6 | BO46: 76 | BP46: 15.492958 | BQ46: 45.070423 | BR46: 31.690141 | BT46: 47
A47: 42 | B47: Nərimanov | C47: 57 | D47: tam orta məktəb | F47: 46.666667 | G47: 35.6 | H47: 26.666667 | I47: =IF(F47="","",AVERAGE(F47:H47)) -> 36.311111 | J47: =IF(F47="","",SUM(F47:H47)) -> 108.93333 | K47: =IF(J47="","",(RANK(J47,$J$40:$J$60))) -> 19 | L47: =IF(J47="","",(RANK(J47,$J$6:$J$535))) -> 232 | P47: 70 | Q47: 56.333333 | R47: 49.2 | S47: 58.809524 | T47: 54.780952 | U47: 164.34286 | V47: 13 | W47: 95 | X47: 4.2857143 | Y47: 18.571429 | Z47: 1.4285714 | AA47: 75 | AB47: 42.130366 | AC47: 47.567568 | AD47: 46.437346 | AE47: 45.378427 | AF47: 136.13528 | AG47: 13 | AH47: 150 | AI47: 36.486486 | AJ47: 20.27027 | AK47: 33.783784 | AL47: 75 | AM47: 63.888889 | AN47: 45.198413 | AO47: 60.212418 | AP47: 56.43324 | AQ47: 169.29972 | AR47: 5 | AS47: 69 | AT47: 5.5555556 | AU47: 26.760563 | AV47: 11.111111 | AW47: =AVERAGE(P47,AA47,AL47) -> 73.333333 | AX47: =AVERAGE(Q47,AB47,AM47) -> 54.117529 | AY47: =AVERAGE(R47,AC47,AN47) -> 47.321993 | AZ47: =AVERAGE(S47,AD47,AO47) -> 55.153096 | BA47: =AVERAGE(T47,AE47,AP47) -> 52.19754 | BB47: =AVERAGE(U47,AF47,AQ47) -> 156.59262 | BC47: =IF(BB47="","",(RANK(BB47,$BB$40:$BB$60))) -> 11 | BD47: =IF(BB47="","",(RANK(BB47,$BB$6:$BB$535))) -> 99 | BE47: =AVERAGE(M47,AI47,AT47) -> 21.021021 | BF47: =AVERAGE(N47,AJ47,AU47) -> 23.515417 | BG47: =AVERAGE(O47,AK47,AV47) -> 22.447447 | BH47: 75 | BI47: 44.138667 | BJ47: 37.986667 | BK47: 32.046667 | BL47: 38.057333 | BM47: 114.172 | BN47: 17 | BO47: 212 | BP47: 29.333333 | BQ47: 36 | BR47: 60 | BT47: 57
A48: 43 | B48: Nərimanov | C48: 73 | D48: tam orta məktəb | F48: 38.666667 | G48: 56 | H48: 49.666667 | I48: =IF(F48="","",AVERAGE(F48:H48)) -> 48.111111 | J48: =IF(F48="","",SUM(F48:H48)) -> 144.33333 | K48: =IF(J48="","",(RANK(J48,$J$40:$J$60))) -> 10 | L48: =IF(J48="","",(RANK(J48,$J$6:$J$535))) -> 110 | P48: 73 | Q48: 63.607306 | R48: 51.945205 | S48: 58.310502 | T48: 57.954338 | U48: 173.86301 | V48: 9 | W48: 72 | X48: 2.739726 | Y48: 19.178082 | Z48: 16.438356 | AA48: 75 | AB48: 51.007252 | AC48: 59.945205 | AD48: 58.987132 | AE48: 56.64653 | AF48: 169.93959 | AG48: 5 | AH48: 42 | AI48: 12.328767 | AJ48: 8.2191781 | AK48: 18.571429 | AL48: 76 | AM48: 64.141821 | AN48: 57.02544 | AO48: 71.112006 | AP48: 64.093089 | AQ48: 192.27927 | AR48: 3 | AS48: 23 | AT48: 0 | AU48: 2.739726 | AV48: 0 | AW48: =AVERAGE(P48,AA48,AL48) -> 74.666667 | AX48: =AVERAGE(Q48,AB48,AM48) -> 59.58546 | AY48: =AVERAGE(R48,AC48,AN48) -> 56.305284 | AZ48: =AVERAGE(S48,AD48,AO48) -> 62.803213 | BA48: =AVERAGE(T48,AE48,AP48) -> 59.564652 | BB48: =AVERAGE(U48,AF48,AQ48) -> 178.69396 | BC48: =IF(BB48="","",(RANK(BB48,$BB$40:$BB$60))) -> 3 | BD48: =IF(BB48="","",(RANK(BB48,$BB$6:$BB$535))) -> 34 | BE48: =AVERAGE(M48,AI48,AT48) -> 6.1643836 | BF48: =AVERAGE(N48,AJ48,AU48) -> 5.4794521 | BG48: =AVERAGE(O48,AK48,AV48) -> 9.2857143 | BH48: 72 | BI48: 46.843056 | BJ48: 32.9875 | BK48: 34.759722 | BL48: 38.196759 | BM48: 114.59028 | BN48: 15 | BO48: 205 | BP48: 27.777778 | BQ48: 52.777778 | BR48: 58.333333 | BT48: 73
A49: 44 | B49: Nərimanov | C49: 82 | D49: tam orta məktəb | F49: 50.666667 | G49: 44 | H49: 40.666667 | I49: =IF(F49="","",AVERAGE(F49:H49)) -> 45.111111 | J49: =IF(F49="","",SUM(F49:H49)) -> 135.33333 | K49: =IF(J49="","",(RANK(J49,$J$40:$J$60))) -> 12 | L49: =IF(J49="","",(RANK(J49,$J$6:$J$535))) -> 141 | P49: 118 | Q49: 67.146893 | R49: 61.118644 | S49: 74.322034 | T49: 67.52919 | U49: 202.58757 | V49: 2 | W49: 10 | X49: 2.5423729 | Y49: 8.6206897 | Z49: 3.3898305 | AA49: 124 | AB49: 54.621849 | AC49: 45.107143 | AD49: 51.16342 | AE49: 50.297471 | AF49: 150.89241 | AG49: 9 | AH49: 95 | AI49: 3.5714286 | AJ49: 8.0357143 | AK49: 2.6785714 | AL49: 124 | AM49: 56.279809 | AN49: 33.539254 | AO49: 57.472178 | AP49: 49.09708 | AQ49: 147.29124 | AR49: 11 | AS49: 158 | AT49: 3.6036036 | AU49: 41.441441 | AV49: 12.612613 | AW49: =AVERAGE(P49,AA49,AL49) -> 122 | AX49: =AVERAGE(Q49,AB49,AM49) -> 59.349517 | AY49: =AVERAGE(R49,AC49,AN49) -> 46.588347 | AZ49: =AVERAGE(S49,AD49,AO49) -> 60.985877 | BA49: =AVERAGE(T49,AE49,AP49) -> 55.641247 | BB49: =AVERAGE(U49,AF49,AQ49) -> 166.92374 | BC49: =IF(BB49="","",(RANK(BB49,$BB$40:$BB$60))) -> 8 | BD49: =IF(BB49="","",(RANK(BB49,$BB$6:$BB$535))) -> 68 | BE49: =AVERAGE(M49,AI49,AT49) -> 3.5875161 | BF49: =AVERAGE(N49,AJ49,AU49) -> 24.738578 | BG49: =AVERAGE(O49,AK49,AV49) -> 7.645592 | BH49: 124 | BI49: 65.127642 | BJ49: 42.534959 | BK49: 52.101626 | BL49: 53.254743 | BM49: 159.76423 | BN49: 2 | BO49: 17 | BP49: 6.504065 | BQ49: 33.333333 | BR49: 22.764228 | BT49: 82
A50: 45 | B50: Nərimanov | C50: 82x | D50: XTM | I50: =IF(F50="","",AVERAGE(F50:H50)) | J50: =IF(F50="","",SUM(F50:H50)) | K50: =IF(J50="","",(RANK(J50,$J$40:$J$60))) | L50: =IF(J50="","",(RANK(J50,$J$6:$J$535))) | BC50: =IF(BB50="","",(RANK(BB50,$BB$40:$BB$60))) | BD50: =IF(BB50="","",(RANK(BB50,$BB$6:$BB$535))) | BH50: 20 | BI50: 16.327778 | BJ50: 20.483333 | BK50: 15.511111 | BL50: 17.440741 | BM50: 52.322222 | BN50: 20 | BO50: 314 | BP50: 100 | BQ50: 83.333333 | BR50: 88.888889 | BT50: 82
A51: 46 | B51: Nərimanov | C51: 93 | D51: tam orta məktəb | F51: 60 | G51: 44 | H51: 41.666667 | I51: =IF(F51="","",AVERAGE(F51:H51)) -> 48.555556 | J51: =IF(F51="","",SUM(F51:H51)) -> 145.66667 | K51: =IF(J51="","",(RANK(J51,$J$40:$J$60))) -> 8 | L51: =IF(J51="","",(RANK(J51,$J$6:$J$535))) -> 97 | P51: 82 | Q51: 61.747967 | R51: 54.829268 | S51: 60.081301 | T51: 58.886179 | U51: 176.65854 | V51: 8 | W51: 63 | X51: 6.097561 | Y51: 11.25 | Z51: 6.097561 | AA51: 85 | AB51: 47.857662 | AC51: 56 | AD51: 53.385709 | AE51: 52.414457 | AF51: 157.24337 | AG51: 7 | AH51: 75 | AI51: 14.814815 | AJ51: 7.4074074 | AK51: 12.345679 | AL51: 85 | AM51: 60.914245 | AN51: 43.13253 | AO51: 49.007796 | AP51: 51.01819 | AQ51: 153.05457 | AR51: 9 | AS51: 131 | AT51: 14.457831 | AU51: 27.710843 | AV51: 27.710843 | AW51: =AVERAGE(P51,AA51,AL51) -> 84 | AX51: =AVERAGE(Q51,AB51,AM51) -> 56.839958 | AY51: =AVERAGE(R51,AC51,AN51) -> 51.320599 | AZ51: =AVERAGE(S51,AD51,AO51) -> 54.158269 | BA51: =AVERAGE(T51,AE51,AP51) -> 54.106275 | BB51: =AVERAGE(U51,AF51,AQ51) -> 162.31883 | BC51: =IF(BB51="","",(RANK(BB51,$BB$40:$BB$60))) -> 10 | BD51: =IF(BB51="","",(RANK(BB51,$BB$6:$BB$535))) -> 82 | BE51: =AVERAGE(M51,AI51,AT51) -> 14.636323 | BF51: =AVERAGE(N51,AJ51,AU51) -> 17.559125 | BG51: =AVERAGE(O51,AK51,AV51) -> 20.028261 | BH51: 84 | BI51: 48.296429 | BJ51: 35.584524 | BK51: 35.292857 | BL51: 39.724603 | BM51: 119.17381 | BN51: 14 | BO51: 171 | BP51: 23.809524 | BQ51: 45.238095 | BR51: 54.761905 | BT51: 93
A52: 47 | B52: Nərimanov | C52: 177 | D52: tam orta məktəb | F52: 44 | G52: 55.2 | H52: 42.666667 | I52: =IF(F52="","",AVERAGE(F52:H52)) -> 47.288889 | J52: =IF(F52="","",SUM(F52:H52)) -> 141.86667 | K52: =IF(J52="","",(RANK(J52,$J$40:$J$60))) -> 11 | L52: =IF(J52="","",(RANK(J52,$J$6:$J$535))) -> 120 | P52: 93 | Q52: 45.017921 | R52: 37.763441 | S52: 47.419355 | T52: 43.400239 | U52: 130.20072 | V52: 17 | W52: 235 | X52: 24.731183 | Y52: 46.236559 | Z52: 33.333333 | AA52: 99 | AB52: 40.917906 | AC52: 43.56044 | AD52: 45.787546 | AE52: 43.146452 | AF52: 130.26589 | AG52: 14 | AH52: 172 | AI52: 28.571429 | AJ52: 32.967033 | AK52: 27.472527 | AL52: 100 | AM52: 52.383901 | AN52: 35.067669 | AO52: 52.755418 | AP52: 46.735663 | AQ52: 140.20699 | AR52: 13 | AS52: 185 | AT52: 17.894737 | AU52: 48.421053 | AV52: 17.894737 | AW52: =AVERAGE(P52,AA52,AL52) -> 97.333333 | AX52: =AVERAGE(Q52,AB52,AM52) -> 46.106576 | AY52: =AVERAGE(R52,AC52,AN52) -> 38.797183 | AZ52: =AVERAGE(S52,AD52,AO52) -> 48.654106 | BA52: =AVERAGE(T52,AE52,AP52) -> 44.427451 | BB52: =AVERAGE(U52,AF52,AQ52) -> 133.55787 | BC52: =IF(BB52="","",(RANK(BB52,$BB$40:$BB$60))) -> 16 | BD52: =IF(BB52="","",(RANK(BB52,$BB$6:$BB$535))) -> 206 | BE52: =AVERAGE(M52,AI52,AT52) -> 23.233083 | BF52: =AVERAGE(N52,AJ52,AU52) -> 40.694043 | BG52: =AVERAGE(O52,AK52,AV52) -> 22.683632 | BH52: 97 | BI52: 50.995876 | BJ52: 31.106186 | BK52: 38.175258 | BL52: 40.09244 | BM52: 120.27732 | BN52: 12 | BO52: 162 | BP52: 23.71134 | BQ52: 54.639175 | BR52: 49.484536 | BT52: 177
A53: 48 | B53: Nərimanov | C53: 178 | D53: tam orta məktəb | F53: 56 | G53: 47.2 | H53: 41.666667 | I53: =IF(F53="","",AVERAGE(F53:H53)) -> 48.288889 | J53: =IF(F53="","",SUM(F53:H53)) -> 144.86667 | K53: =IF(J53="","",(RANK(J53,$J$40:$J$60))) -> 9 | L53: =IF(J53="","",(RANK(J53,$J$6:$J$535))) -> 105 | P53: 76 | Q53: 51.184211 | R53: 43.473684 | S53: 49.561404 | T53: 48.073099 | U53: 144.2193 | V53: 16 | W53: 172 | X53: 19.736842 | Y53: 28.947368 | Z53: 30.263158 | AA53: 85 | AB53: 36.671631 | AC53: 40.05 | AD53: 42.194093 | AE53: 39.495521 | AF53: 118.91572 | AG53: 16 | AH53: 219 | AI53: 41.772152 | AJ53: 28.75 | AK53: 27.848101 | AL53: 85 | AM53: 52.980392 | AN53: 36.761905 | AO53: 48.588235 | AP53: 46.110177 | AQ53: 138.33053 | AR53: 14 | AS53: 198 | AT53: 21.333333 | AU53: 45.333333 | AV53: 26.666667 | AW53: =AVERAGE(P53,AA53,AL53) -> 82 | AX53: =AVERAGE(Q53,AB53,AM53) -> 46.945411 | AY53: =AVERAGE(R53,AC53,AN53) -> 40.095196 | AZ53: =AVERAGE(S53,AD53,AO53) -> 46.781244 | BA53: =AVERAGE(T53,AE53,AP53) -> 44.559599 | BB53: =AVERAGE(U53,AF53,AQ53) -> 133.82185 | BC53: =IF(BB53="","",(RANK(BB53,$BB$40:$BB$60))) -> 15 | BD53: =IF(BB53="","",(RANK(BB53,$BB$6:$BB$535))) -> 204 | BE53: =AVERAGE(M53,AI53,AT53) -> 31.552743 | BF53: =AVERAGE(N53,AJ53,AU53) -> 37.041667 | BG53: =AVERAGE(O53,AK53,AV53) -> 27.257384 | BH53: 84 | BI53: 36.93494 | BJ53: 25.379518 | BK53: 29.513253 | BL53: 30.609237 | BM53: 91.827711 | BN53: 19 | BO53: 286 | BP53: 44.578313 | BQ53: 65.060241 | BR53: 65.060241 | BT53: 178
A54: 49 | B54: Nərimanov | C54: 193 | D54: tam orta məktəb | F54: 42 | G54: 44 | H54: 36 | I54: =IF(F54="","",AVERAGE(F54:H54)) -> 40.666667 | J54: =IF(F54="","",SUM(F54:H54)) -> 122 | K54: =IF(J54="","",(RANK(J54,$J$40:$J$60))) -> 15 | L54: =IF(J54="","",(RANK(J54,$J$6:$J$535))) -> 186 | P54: 115 | Q54: 43.101449 | R54: 33.947826 | S54: 50.608696 | T54: 42.552657 | U54: 127.65797 | V54: 19 | W54: 246 | X54: 35.652174 | Y54: 46.956522 | Z54: 30.434783 | AA54: 122 | AB54: 34.42623 | AC54: 29.770492 | AD54: 42.796821 | AE54: 35.664514 | AF54: 106.99354 | AG54: 19 | AH54: 262 | AI54: 45.901639 | AJ54: 52.459016 | AK54: 37.190083 | AL54: 125 | AM54: 49.422269 | AN54: 21.616046 | AO54: 47.721251 | AP54: 39.635321 | AQ54: 118.75957 | AR54: 18 | AS54: 265 | AT54: 27.027027 | AU54: 72.321429 | AV54: 32.432432 | AW54: =AVERAGE(P54,AA54,AL54) -> 120.66667 | AX54: =AVERAGE(Q54,AB54,AM54) -> 42.316649 | AY54: =AVERAGE(R54,AC54,AN54) -> 28.444788 | AZ54: =AVERAGE(S54,AD54,AO54) -> 47.042256 | BA54: =AVERAGE(T54,AE54,AP54) -> 39.284164 | BB54: =AVERAGE(U54,AF54,AQ54) -> 117.80369 | BC54: =IF(BB54="","",(RANK(BB54,$BB$40:$BB$60))) -> 19 | BD54: =IF(BB54="","",(RANK(BB54,$BB$6:$BB$535))) -> 270 | BE54: =AVERAGE(M54,AI54,AT54) -> 36.464333 | BF54: =AVERAGE(N54,AJ54,AU54) -> 62.390222 | BG54: =AVERAGE(O54,AK54,AV54) -> 34.811258 | BH54: 125 | BI54: 53.118548 | BJ54: 34.122581 | BK54: 43.070968 | BL54: 43.437366 | BM54: 130.3121 | BN54: 9 | BO54: 108 | BP54: 21.774194 | BQ54: 47.580645 | BR54: 41.935484 | BT54: 193
A55: 50 | B55: Nərimanov | C55: 202 | D55: tam orta məktəb | F55: 44.666667 | G55: 40 | H55: 34.666667 | I55: =IF(F55="","",AVERAGE(F55:H55)) -> 39.777778 | J55: =IF(F55="","",SUM(F55:H55)) -> 119.33333 | K55: =IF(J55="","",(RANK(J55,$J$40:$J$60))) -> 16 | L55: =IF(J55="","",(RANK(J55,$J$6:$J$535))) -> 194 | P55: 40 | Q55: 58.25 | R55: 50.5 | S55: 62.333333 | T55: 57.027778 | U55: 171.08333 | V55: 12 | W55: 82 | X55: 20 | Y55: 22.5 | Z55: 20 | AA55: 44 | AB55: 44.467787 | AC55: 44.095238 | AD55: 54.040404 | AE55: 47.534476 | AF55: 142.60343 | AG55: 10 | AH55: 119 | AI55: 26.190476 | AJ55: 30.952381 | AK55: 26.190476 | AL55: 43 | AM55: 52.51076 | AN55: 24.947735 | AO55: 50.932568 | AP55: 42.797021 | AQ55: 128.39106 | AR55: 17 | AS55: 238 | AT55: 26.829268 | AU55: 73.170732 | AV55: 24.390244 | AW55: =AVERAGE(P55,AA55,AL55) -> 42.333333 | AX55: =AVERAGE(Q55,AB55,AM55) -> 51.742849 | AY55: =AVERAGE(R55,AC55,AN55) -> 39.847658 | AZ55: =AVERAGE(S55,AD55,AO55) -> 55.768769 | BA55: =AVERAGE(T55,AE55,AP55) -> 49.119758 | BB55: =AVERAGE(U55,AF55,AQ55) -> 147.35928 | BC55: =IF(BB55="","",(RANK(BB55,$BB$40:$BB$60))) -> 13 | BD55: =IF(BB55="","",(RANK(BB55,$BB$6:$BB$535))) -> 136 | BE55: =AVERAGE(M55,AI55,AT55) -> 26.509872 | BF55: =AVERAGE(N55,AJ55,AU55) -> 52.061556 | BG55: =AVERAGE(O55,AK55,AV55) -> 25.29036 | BH55: 44 | BI55: 49.046512 | BJ55: 30.304651 | BK55: 34.951163 | BL55: 38.100775 | BM55: 114.30233 | BN55: 16 | BO55: 207 | BP55: 23.255814 | BQ55: 51.162791 | BR55: 51.162791 | BT55: 202
A56: 51 | B56: Nərimanov | C56: 207 | D56: tam orta məktəb | F56: 56.666667 | G56: 62.8 | H56: 50 | I56: =IF(F56="","",AVERAGE(F56:H56)) -> 56.488889 | J56: =IF(F56="","",SUM(F56:H56)) -> 169.46667 | K56: =IF(J56="","",(RANK(J56,$J$40:$J$60))) -> 3 | L56: =IF(J56="","",(RANK(J56,$J$6:$J$535))) -> 35 | P56: 99 | Q56: 61.010101 | R56: 57.89899 | S56: 70.47138 | T56: 63.126824 | U56: 189.38047 | V56: 5 | W56: 35 | X56: 5.0505051 | Y56: 5.0505051 | Z56: 1.010101 | AA56: 105 | AB56: 41.487557 | AC56: 49.576923 | AD56: 50.786713 | AE56: 47.283731 | AF56: 141.85119 | AG56: 11 | AH56: 124 | AI56: 33.653846 | AJ56: 21.153846 | AK56: 20.192308 | AL56: 81 | AM56: 61.484594 | AN56: 41.931973 | AO56: 69.355742 | AP56: 57.59077 | AQ56: 172.77231 | AR56: 4 | AS56: 60 | AT56: 7.6190476 | AU56: 21.904762 | AV56: 4.7619048 | AW56: =AVERAGE(P56,AA56,AL56) -> 95 | AX56: =AVERAGE(Q56,AB56,AM56) -> 54.66075 | AY56: =AVERAGE(R56,AC56,AN56) -> 49.802629 | AZ56: =AVERAGE(S56,AD56,AO56) -> 63.537945 | BA56: =AVERAGE(T56,AE56,AP56) -> 56.000441 | BB56: =AVERAGE(U56,AF56,AQ56) -> 168.00132 | BC56: =IF(BB56="","",(RANK(BB56,$BB$40:$BB$60))) -> 7 | BD56: =IF(BB56="","",(RANK(BB56,$BB$6:$BB$535))) -> 66 | BE56: =AVERAGE(M56,AI56,AT56) -> 20.636447 | BF56: =AVERAGE(N56,AJ56,AU56) -> 21.529304 | BG56: =AVERAGE(O56,AK56,AV56) -> 12.477106 | BH56: 106 | BI56: 56.580189 | BJ56: 39.472642 | BK56: 45.531132 | BL56: 47.194654 | BM56: 141.58396 | BN56: 4 | BO56: 60 | BP56: 11.320755 | BQ56: 32.075472 | BR56: 33.962264 | BT56: 207
A57: 52 | B57: Nərimanov | C57: 212 | D57: tam orta məktəb | F57: 41.666667 | G57: 42 | H57: 31.333333 | I57: =IF(F57="","",AVERAGE(F57:H57)) -> 38.333333 | J57: =IF(F57="","",SUM(F57:H57)) -> 115 | K57: =IF(J57="","",(RANK(J57,$J$40:$J$60))) -> 18 | L57: =IF(J57="","",(RANK(J57,$J$6:$J$535))) -> 216 | P57: 152 | Q57: 42.390351 | R57: 48.263158 | S57: 54.100877 | T57: 48.251462 | U57: 144.75439 | V57: 15 | W57: 168 | X57: 31.578947 | Y57: 21.710526 | Z57: 20.394737 | AA57: 143 | AB57: 34.265734 | AC57: 32.475524 | AD57: 41.44946 | AE57: 36.063573 | AF57: 108.19072 | AG57: 17 | AH57: 257 | AI57: 48.951049 | AJ57: 56.643357 | AK57: 39.160839 | AL57: 161 | AM57: 48.039216 | AN57: 22.407907 | AO57: 42.45283 | AP57: 37.633317 | AQ57: 112.89995 | AR57: 19 | AS57: 276 | AT57: 32.075472 | AU57: 74.213836 | AV57: 43.670886 | AW57: =AVERAGE(P57,AA57,AL57) -> 152 | AX57: =AVERAGE(Q57,AB57,AM57) -> 41.5651 | AY57: =AVERAGE(R57,AC57,AN57) -> 34.382196 | AZ57: =AVERAGE(S57,AD57,AO57) -> 46.001056 | BA57: =AVERAGE(T57,AE57,AP57) -> 40.649451 | BB57: =AVERAGE(U57,AF57,AQ57) -> 121.94835 | BC57: =IF(BB57="","",(RANK(BB57,$BB$40:$BB$60))) -> 18 | BD57: =IF(BB57="","",(RANK(BB57,$BB$6:$BB$535))) -> 255 | BE57: =AVERAGE(M57,AI57,AT57) -> 40.51326 | BF57: =AVERAGE(N57,AJ57,AU57) -> 65.428597 | BG57: =AVERAGE(O57,AK57,AV57) -> 41.415863 | BH57: 161 | BI57: 51.9725 | BJ57: 31.900625 | BK57: 37.939375 | BL57: 40.604167 | BM57: 121.8125 | BN57: 11 | BO57: 156 | BP57: 21.875 | BQ57: 56.25 | BR57: 48.125 | BT57: 212
A58: 53 | B58: Nərimanov | C58: 258 | D58: tam orta məktəb | F58: 61.333333 | G58: 67.6 | H58: 65.333333 | I58: =IF(F58="","",AVERAGE(F58:H58)) -> 64.755556 | J58: =IF(F58="","",SUM(F58:H58)) -> 194.26667 | K58: =IF(J58="","",(RANK(J58,$J$40:$J$60))) -> 2 | L58: =IF(J58="","",(RANK(J58,$J$6:$J$535))) -> 12 | P58: 178 | Q58: 65.037453 | R58: 64.831461 | S58: 70.955056 | T58: 66.941323 | U58: 200.82397 | V58: 3 | W58: 13 | X58: 1.1235955 | Y58: 2.247191 | Z58: 2.8089888 | AA58: 177 | AB58: 64.603876 | AC58: 65.572254 | AD58: 68.523384 | AE58: 66.233172 | AF58: 198.69951 | AG58: 2 | AH58: 5 | AI58: 1.1560694 | AJ58: 4.0935673 | AK58: 4.6511628 | AL58: 176 | AM58: 71.826625 | AN58: 59.019442 | AO58: 76.435986 | AP58: 69.105198 | AQ58: 207.28205 | AR58: 2 | AS58: 7 | AT58: 1.1695906 | AU58: 7.1005917 | AV58: 1.7647059 | AW58: =AVERAGE(P58,AA58,AL58) -> 177 | AX58: =AVERAGE(Q58,AB58,AM58) -> 67.155985 | AY58: =AVERAGE(R58,AC58,AN58) -> 63.141052 | AZ58: =AVERAGE(S58,AD58,AO58) -> 71.971475 | BA58: =AVERAGE(T58,AE58,AP58) -> 67.426564 | BB58: =AVERAGE(U58,AF58,AQ58) -> 202.26851 | BC58: =IF(BB58="","",(RANK(BB58,$BB$40:$BB$60))) -> 2 | BD58: =IF(BB58="","",(RANK(BB58,$BB$6:$BB$535))) -> 6 | BE58: =AVERAGE(M58,AI58,AT58) -> 1.16283 | BF58: =AVERAGE(N58,AJ58,AU58) -> 5.5970795 | BG58: =AVERAGE(O58,AK58,AV58) -> 3.2079343 | BH58: 175 | BI58: 54.697143 | BJ58: 37.559429 | BK58: 42.453143 | BL58: 44.903238 | BM58: 134.70971 | BN58: 7 | BO58: 94 | BP58: 14.857143 | BQ58: 40 | BR58: 40 | BT58: 258
A59: 54 | B59: Nərimanov | C59: 291 | D59: lisey | F59: 67.666667 | G59: 73.6 | H59: 70 | I59: =IF(F59="","",AVERAGE(F59:H59)) -> 70.422222 | J59: =IF(F59="","",SUM(F59:H59)) -> 211.26667 | K59: =IF(J59="","",(RANK(J59,$J$40:$J$60))) -> 1 | L59: =IF(J59="","",(RANK(J59,$J$6:$J$535))) -> 3 | P59: 91 | Q59: 80.512821 | R59: 78.241758 | S59: 82.820513 | T59: 80.525031 | U59: 241.57509 | V59: 1 | W59: 1 | X59: 0 | Y59: 0 | Z59: 0 | AA59: 100 | AB59: 57.065585 | AC59: 71.816092 | AD59: 76.907001 | AE59: 68.596226 | AF59: 205.78868 | AG59: 1 | AH59: 2 | AI59: 5.7471264 | AJ59: 1.1627907 | AK59: 0 | AL59: 100 | AM59: 76.949384 | AN59: 68.521595 | AO59: 83.72093 | AP59: 76.397303 | AQ59: 229.19191 | AR59: 1 | AS59: 3 | AT59: 0 | AU59: 1.1764706 | AV59: 2.3255814 | AW59: =AVERAGE(P59,AA59,AL59) -> 97 | AX59: =AVERAGE(Q59,AB59,AM59) -> 71.509263 | AY59: =AVERAGE(R59,AC59,AN59) -> 72.859815 | AZ59: =AVERAGE(S59,AD59,AO59) -> 81.149481 | BA59: =AVERAGE(T59,AE59,AP59) -> 75.172853 | BB59: =AVERAGE(U59,AF59,AQ59) -> 225.51856 | BC59: =IF(BB59="","",(RANK(BB59,$BB$40:$BB$60))) -> 1 | BD59: =IF(BB59="","",(RANK(BB59,$BB$6:$BB$535))) -> 2 | BE59: =AVERAGE(M59,AI59,AT59) -> 2.8735632 | BF59: =AVERAGE(N59,AJ59,AU59) -> 1.1696306 | BG59: =AVERAGE(O59,AK59,AV59) -> 1.1627907 | BH59: 100 | BI59: 77.714 | BJ59: 64.273 | BK59: 67.827 | BL59: 69.938 | BM59: 209.814 | BN59: 1 | BO59: 1 | BP59: 1 | BQ59: 4 | BR59: 3 | BT59: 291
A60: 55 | B60: Nərimanov | C60: MLK | D60: məktəb-lisey | F60: 48.333333 | G60: 48 | H60: 52.666667 | I60: =IF(F60="","",AVERAGE(F60:H60)) -> 49.666667 | J60: =IF(F60="","",SUM(F60:H60)) -> 149 | K60: =IF(J60="","",(RANK(J60,$J$40:$J$60))) -> 7 | L60: =IF(J60="","",(RANK(J60,$J$6:$J$535))) -> 84 | P60: 207 | Q60: 60.41868 | R60: 53.062802 | S60: 71.723027 | T60: 61.734836 | U60: 185.20451 | V60: 6 | W60: 48 | X60: 10.144928 | Y60: 14.07767 | Z60: 4.8309179 | AA60: 214 | AB60: 39.692139 | AC60: 41.514019 | AD60: 60.032569 | AE60: 47.079575 | AF60: 141.23873 | AG60: 12 | AH60: 127 | AI60: 32.242991 | AJ60: 38.785047 | AK60: 13.551402 | AL60: 225 | AM60: 54.418301 | AN60: 38.64127 | AO60: 69.590336 | AP60: 54.188796 | AQ60: 162.64991 | AR60: 6 | AS60: 90 | AT60: 6.2222222 | AU60: 33.333333 | AV60: 5.3571429 | AW60: =AVERAGE(P60,AA60,AL60) -> 215.33333 | AX60: =AVERAGE(Q60,AB60,AM60) -> 51.509706 | AY60: =AVERAGE(R60,AC60,AN60) -> 44.40603 | AZ60: =AVERAGE(S60,AD60,AO60) -> 67.115311 | BA60: =AVERAGE(T60,AE60,AP60) -> 54.334402 | BB60: =AVERAGE(U60,AF60,AQ60) -> 163.03105 | BC60: =IF(BB60="","",(RANK(BB60,$BB$40:$BB$60))) -> 9 | BD60: =IF(BB60="","",(RANK(BB60,$BB$6:$BB$535))) -> 81 | BE60: =AVERAGE(M60,AI60,AT60) -> 19.232606 | BF60: =AVERAGE(N60,AJ60,AU60) -> 36.05919 | BG60: =AVERAGE(O60,AK60,AV60) -> 9.4542724 | BH60: 269 | BI60: 60.832463 | BJ60: 37.187313 | BK60: 51.339179 | BL60: 49.786318 | BM60: 149.35896 | BN60: 3 | BO60: 37 | BP60: 7.0895522 | BQ60: 41.044776 | BR60: 20.895522 | BT60: MLK
A61: 56 | B61: Nəsimi | C61: 1 | D61: tam orta məktəb | F61: 61.666667 | G61: 68.8 | H61: 67.666667 | I61: =IF(F61="","",AVERAGE(F61:H61)) -> 66.044444 | J61: =IF(F61="","",SUM(F61:H61)) -> 198.13333 | K61: =IF(J61="","",(RANK(J61,$J$61:$J$83))) -> 4 | L61: =IF(J61="","",(RANK(J61,$J$6:$J$535))) -> 11 | P61: 69 | Q61: 69.42029 | R61: 58.898551 | S61: 72.077295 | T61: 66.798712 | U61: 200.39614 | V61: 2 | W61: 14 | X61: 0 | Y61: 2.8985507 | Z61: 5.7971014 | AA61: 69 | AB61: 58.00905 | AC61: 56.553846 | AD61: 64.009324 | AE61: 59.524073 | AF61: 178.57222 | AG61: 6 | AH61: 28 | AI61: 1.5384615 | AJ61: 6.1538462 | AK61: 1.5384615 | AL61: 71 | AM61: 70.798319 | AN61: 58.44898 | AO61: 72.352941 | AP61: 67.20008 | AQ61: 201.60024 | AR61: 2 | AS61: 11 | AT61: 1.4492754 | AU61: 7.1428571 | AV61: 0 | AW61: =AVERAGE(P61,AA61,AL61) -> 69.666667 | AX61: =AVERAGE(Q61,AB61,AM61) -> 66.075886 | AY61: =AVERAGE(R61,AC61,AN61) -> 57.967125 | AZ61: =AVERAGE(S61,AD61,AO61) -> 69.479853 | BA61: =AVERAGE(T61,AE61,AP61) -> 64.507622 | BB61: =AVERAGE(U61,AF61,AQ61) -> 193.52287 | BC61: =IF(BB61="","",(RANK(BB61,$BB$61:$BB$83))) -> 2 | BD61: =IF(BB61="","",(RANK(BB61,$BB$6:$BB$535))) -> 12 | BE61: =AVERAGE(M61,AI61,AT61) -> 1.4938685 | BF61: =AVERAGE(N61,AJ61,AU61) -> 6.6483516 | BG61: =AVERAGE(O61,AK61,AV61) -> 0.76923077 | BH61: 71 | BI61: 64.623944 | BJ61: 37.440845 | BK61: 47.725352 | BL61: 49.930047 | BM61: 149.79014 | BN61: 6 | BO61: 36 | BP61: 5.6338028 | BQ61: 38.028169 | BR61: 26.760563 | BT61: 1
A62: 57 | B62: Nəsimi | C62: 5 | D62: tam orta məktəb | F62: 62.666667 | G62: 56 | H62: 56.666667 | I62: =IF(F62="","",AVERAGE(F62:H62)) -> 58.444444 | J62: =IF(F62="","",SUM(F62:H62)) -> 175.33333 | K62: =IF(J62="","",(RANK(J62,$J$61:$J$83))) -> 6 | L62: =IF(J62="","",(RANK(J62,$J$6:$J$535))) -> 27 | P62: 154 | Q62: 61.796537 | R62: 62.207792 | S62: 68.376623 | T62: 64.126984 | U62: 192.38095 | V62: 5 | W62: 27 | X62: 6.4935065 | Y62: 5.1948052 | Z62: 10.38961 | AA62: 162 | AB62: 58.017984 | AC62: 66.11465 | AD62: 64.238539 | AE62: 62.759161 | AF62: 188.37117 | AG62: 3 | AH62: 15 | AI62: 3.8216561 | AJ62: 3.1847134 | AK62: 3.2051282 | AL62: 162 | AM62: 66.532103 | AN62: 53.781513 | AO62: 73.029604 | AP62: 64.44774 | AQ62: 193.34322 | AR62: 6 | AS62: 19 | AT62: 3.2679739 | AU62: 12.5 | AV62: 3.2679739 | AW62: =AVERAGE(P62,AA62,AL62) -> 159.33333 | AX62: =AVERAGE(Q62,AB62,AM62) -> 62.115541 | AY62: =AVERAGE(R62,AC62,AN62) -> 60.701318 | AZ62: =AVERAGE(S62,AD62,AO62) -> 68.548256 | BA62: =AVERAGE(T62,AE62,AP62) -> 63.777962 | BB62: =AVERAGE(U62,AF62,AQ62) -> 191.36512 | BC62: =IF(BB62="","",(RANK(BB62,$BB$61:$BB$83))) -> 3 | BD62: =IF(BB62="","",(RANK(BB62,$BB$6:$BB$535))) -> 13 | BE62: =AVERAGE(M62,AI62,AT62) -> 3.544815 | BF62: =AVERAGE(N62,AJ62,AU62) -> 7.8423567 | BG62: =AVERAGE(O62,AK62,AV62) -> 3.236551 | BH62: 162 | BI62: 56.458385 | BJ62: 37.165839 | BK62: 46.053416 | BL62: 46.559213 | BM62: 139.67764 | BN62: 10 | BO62: 68 | BP62: 16.770186 | BQ62: 42.236025 | BR62: 33.540373 | BT62: 5
A63: 58 | B63: Nəsimi | C63: 5u | D63: UGİM | I63: =IF(F63="","",AVERAGE(F63:H63)) | J63: =IF(F63="","",SUM(F63:H63)) | K63: =IF(J63="","",(RANK(J63,$J$61:$J$83))) | L63: =IF(J63="","",(RANK(J63,$J$6:$J$535))) | BC63: =IF(BB63="","",(RANK(BB63,$BB$61:$BB$83))) | BD63: =IF(BB63="","",(RANK(BB63,$BB$6:$BB$535))) | BT63: 5
A64: 59 | B64: Nəsimi | C64: 8 | D64: tam orta məktəb | F64: 46 | G64: 44 | H64: 45.333333 | I64: =IF(F64="","",AVERAGE(F64:H64)) -> 45.111111 | J64: =IF(F64="","",SUM(F64:H64)) -> 135.33333 | K64: =IF(J64="","",(RANK(J64,$J$61:$J$83))) -> 16 | L64: =IF(J64="","",(RANK(J64,$J$6:$J$535))) -> 140 | P64: 75 | Q64: 60.355556 | R64: 58.613333 | S64: 67.111111 | T64: 62.026667 | U64: 186.08 | V64: 8 | W64: 44 | X64: 1.3333333 | Y64: 4.0540541 | Z64: 2.6666667 | AA64: 79 | AB64: 60.007639 | AC64: 58.857143 | AD64: 62.140889 | AE64: 60.335224 | AF64: 181.00567 | AG64: 5 | AH64: 23 | AI64: 9.0909091 | AJ64: 3.8961039 | AK64: 10.526316 | AL64: 78 | AM64: 57.949126 | AN64: 44.285714 | AO64: 67.368839 | AP64: 56.53456 | AQ64: 169.60368 | AR64: 12 | AS64: 68 | AT64: 4.0540541 | AU64: 20.27027 | AV64: 5.4054054 | AW64: =AVERAGE(P64,AA64,AL64) -> 77.333333 | AX64: =AVERAGE(Q64,AB64,AM64) -> 59.43744 | AY64: =AVERAGE(R64,AC64,AN64) -> 53.91873 | AZ64: =AVERAGE(S64,AD64,AO64) -> 65.54028 | BA64: =AVERAGE(T64,AE64,AP64) -> 59.63215 | BB64: =AVERAGE(U64,AF64,AQ64) -> 178.89645 | BC64: =IF(BB64="","",(RANK(BB64,$BB$61:$BB$83))) -> 9 | BD64: =IF(BB64="","",(RANK(BB64,$BB$6:$BB$535))) -> 33 | BE64: =AVERAGE(M64,AI64,AT64) -> 6.5724816 | BF64: =AVERAGE(N64,AJ64,AU64) -> 12.083187 | BG64: =AVERAGE(O64,AK64,AV64) -> 7.9658606 | BH64: 79 | BI64: 67.613924 | BJ64: 35.801266 | BK64: 53.091139 | BL64: 52.168776 | BM64: 156.50633 | BN64: 3 | BO64: 21 | BP64: 1.2658228 | BQ64: 41.772152 | BR64: 18.987342 | BT64: 8
A65: 60 | B65: Nəsimi | C65: 9 | D65: tam orta məktəb | F65: 50.333333 | G65: 58 | H65: 37 | I65: =IF(F65="","",AVERAGE(F65:H65)) -> 48.444444 | J65: =IF(F65="","",SUM(F65:H65)) -> 145.33333 | K65: =IF(J65="","",(RANK(J65,$J$61:$J$83))) -> 13 | L65: =IF(J65="","",(RANK(J65,$J$6:$J$535))) -> 99 | P65: 69 | Q65: 49.275362 | R65: 41.731343 | S65: 42.303922 | T65: 44.473856 | U65: 133.31063 | V65: 18 | W65: 220 | X65: 21.73913 | Y65: 37.313433 | Z65: 36.764706 | AA65: 74 | AB65: 45.99318 | AC65: 46.202899 | AD65: 47.738252 | AE65: 46.644777 | AF65: 139.93433 | AG65: 16 | AH65: 132 | AI65: 21.73913 | AJ65: 20.289855 | AK65: 26.086957 | AL65: 72 | AM65: 69.327731 | AN65: 36.780045 | AO65: 69.794585 | AP65: 58.63412 | AQ65: 175.90236 | AR65: 9 | AS65: 52 | AT65: 1.5873016 | AU65: 44.444444 | AV65: 3.1746032 | AW65: =AVERAGE(P65,AA65,AL65) -> 71.666667 | AX65: =AVERAGE(Q65,AB65,AM65) -> 54.865424 | AY65: =AVERAGE(R65,AC65,AN65) -> 41.571429 | AZ65: =AVERAGE(S65,AD65,AO65) -> 53.278919 | BA65: =AVERAGE(T65,AE65,AP65) -> 49.917584 | BB65: =AVERAGE(U65,AF65,AQ65) -> 149.71577 | BC65: =IF(BB65="","",(RANK(BB65,$BB$61:$BB$83))) -> 17 | BD65: =IF(BB65="","",(RANK(BB65,$BB$6:$BB$535))) -> 125 | BE65: =AVERAGE(M65,AI65,AT65) -> 11.663216 | BF65: =AVERAGE(N65,AJ65,AU65) -> 32.36715 | BG65: =AVERAGE(O65,AK65,AV65) -> 14.63078 | BH65: 72 | BI65: 49.55 | BJ65: 31.601389 | BK65: 34.113889 | BL65: 38.421759 | BM65: 115.26528 | BN65: 18 | BO65: 197 | BP65: 20.833333 | BQ65: 55.555556 | BR65: 56.944444 | BT65: 9
A66: 61 | B66: Nəsimi | C66: 14 | D66: tam orta məktəb | F66: 52 | G66: 43.2 | H66: 49.666667 | I66: =IF(F66="","",AVERAGE(F66:H66)) -> 48.288889 | J66: =IF(F66="","",SUM(F66:H66)) -> 144.86667 | K66: =IF(J66="","",(RANK(J66,$J$61:$J$83))) -> 14 | L66: =IF(J66="","",(RANK(J66,$J$6:$J$535))) -> 105 | P66: 122 | Q66: 53.989071 | R66: 46.032787 | S66: 56.229508 | T66: 52.083789 | U66: 156.25137 | V66: 15 | W66: 115 | X66: 13.114754 | Y66: 25.409836 | Z66: 19.672131 | AA66: 126 | AB66: 40.735294 | AC66: 46.8 | AD66: 46.010101 | AE66: 44.515132 | AF66: 133.5454 | AG66: 18 | AH66: 163 | AI66: 33.333333 | AJ66: 20.833333 | AK66: 31.092437 | AL66: 110 | AM66: 63.903743 | AN66: 38.493506 | AO66: 69.572193 | AP66: 57.323147 | AQ66: 171.96944 | AR66: 10 | AS66: 62 | AT66: 2.7272727 | AU66: 29.090909 | AV66: 8.1818182 | AW66: =AVERAGE(P66,AA66,AL66) -> 119.33333 | AX66: =AVERAGE(Q66,AB66,AM66) -> 52.876036 | AY66: =AVERAGE(R66,AC66,AN66) -> 43.775431 | AZ66: =AVERAGE(S66,AD66,AO66) -> 57.270601 | BA66: =AVERAGE(T66,AE66,AP66) -> 51.307356 | BB66: =AVERAGE(U66,AF66,AQ66) -> 153.92207 | BC66: =IF(BB66="","",(RANK(BB66,$BB$61:$BB$83))) -> 16 | BD66: =IF(BB66="","",(RANK(BB66,$BB$6:$BB$535))) -> 110 | BE66: =AVERAGE(M66,AI66,AT66) -> 18.030303 | BF66: =AVERAGE(N66,AJ66,AU66) -> 24.962121 | BG66: =AVERAGE(O66,AK66,AV66) -> 19.637128 | BH66: 127 | BI66: 57.870079 | BJ66: 36.140157 | BK66: 40.944094 | BL66: 44.984777 | BM66: 134.95433 | BN66: 12 | BO66: 93 | BP66: 16.535433 | BQ66: 40.944882 | BR66: 34.645669 | BT66: 14
A67: 62 | B67: Nəsimi | C67: 16 | D67: THL | F67: 55 | G67: 60 | H67: 62.333333 | I67: =IF(F67="","",AVERAGE(F67:H67)) -> 59.111111 | J67: =IF(F67="","",SUM(F67:H67)) -> 177.33333 | K67: =IF(J67="","",(RANK(J67,$J$61:$J$83))) -> 5 | L67: =IF(J67="","",(RANK(J67,$J$6:$J$535))) -> 26 | P67: 40 | Q67: 59 | R67: 52.7 | S67: 67.583333 | T67: 59.761111 | U67: 179.28333 | V67: 9 | W67: 60 | X67: 7.5 | Y67: 17.5 | Z67: 12.5 | AA67: 44 | AB67: 45.955882 | AC67: 45.9 | AD67: 64.318182 | AE67: 52.058021 | AF67: 156.17406 | AG67: 11 | AH67: 79 | AI67: 22.5 | AJ67: 22.5 | AK67: 10 | AL67: 42 | AM67: 63.235294 | AN67: 41.278195 | AO67: 65.557276 | AP67: 56.690255 | AQ67: 170.07077 | AR67: 11 | AS67: 66 | AT67: 5.2631579 | AU67: 34.210526 | AV67: 13.157895 | AW67: =AVERAGE(P67,AA67,AL67) -> 42 | AX67: =AVERAGE(Q67,AB67,AM67) -> 56.063725 | AY67: =AVERAGE(R67,AC67,AN67) -> 46.626065 | AZ67: =AVERAGE(S67,AD67,AO67) -> 65.819597 | BA67: =AVERAGE(T67,AE67,AP67) -> 56.169796 | BB67: =AVERAGE(U67,AF67,AQ67) -> 168.50939 | BC67: =IF(BB67="","",(RANK(BB67,$BB$61:$BB$83))) -> 11 | BD67: =IF(BB67="","",(RANK(BB67,$BB$6:$BB$535))) -> 63 | BE67: =AVERAGE(M67,AI67,AT67) -> 13.881579 | BF67: =AVERAGE(N67,AJ67,AU67) -> 28.355263 | BG67: =AVERAGE(O67,AK67,AV67) -> 11.578947 | BH67: 42 | BI67: 67.347619 | BJ67: 38.25 | BK67: 52.309524 | BL67: 52.635714 | BM67: 157.90714 | BN67: 2 | BO67: 18 | BP67: 2.3809524 | BQ67: 45.238095 | BR67: 30.952381 | BT67: 16
A68: 63 | B68: Nəsimi | C68: 19 | D68: tam orta məktəb | F68: 56.666667 | G68: 52.8 | H68: 37 | I68: =IF(F68="","",AVERAGE(F68:H68)) -> 48.822222 | J68: =IF(F68="","",SUM(F68:H68)) -> 146.46667 | K68: =IF(J68="","",(RANK(J68,$J$61:$J$83))) -> 12 | L68: =IF(J68="","",(RANK(J68,$J$6:$J$535))) -> 93 | P68: 123 | Q68: 39.620596 | R68: 46.894309 | S68: 29.810298 | T68: 38.775068 | U68: 116.3252 | V68: 19 | W68: 277 | X68: 34.95935 | Y68: 19.512195 | Z68: 56.097561 | AA68: 125 | AB68: 31.894226 | AC68: 36.259259 | AD68: 34.579439 | AE68: 34.141087 | AF68: 102.73292 | AG68: 21 | AH68: 272 | AI68: 49.541284 | AJ68: 41.666667 | AK68: 43.925234 | AL68: 124 | AM68: 57.127716 | AN68: 32.695418 | AO68: 48.650836 | AP68: 46.518157 | AQ68: 138.47397 | AR68: 20 | AS68: 197 | AT68: 14.414414 | AU68: 51.886792 | AV68: 18.348624 | AW68: =AVERAGE(P68,AA68,AL68) -> 124 | AX68: =AVERAGE(Q68,AB68,AM68) -> 42.880846 | AY68: =AVERAGE(R68,AC68,AN68) -> 38.616329 | AZ68: =AVERAGE(S68,AD68,AO68) -> 37.680191 | BA68: =AVERAGE(T68,AE68,AP68) -> 39.811437 | BB68: =AVERAGE(U68,AF68,AQ68) -> 119.17737 | BC68: =IF(BB68="","",(RANK(BB68,$BB$61:$BB$83))) -> 21 | BD68: =IF(BB68="","",(RANK(BB68,$BB$6:$BB$535))) -> 266 | BE68: =AVERAGE(M68,AI68,AT68) -> 31.977849 | BF68: =AVERAGE(N68,AJ68,AU68) -> 46.77673 | BG68: =AVERAGE(O68,AK68,AV68) -> 31.136929 | BH68: 125 | BI68: 43.161789 | BJ68: 29.846341 | BK68: 29.577236 | BL68: 34.195122 | BM68: 102.58537 | BN68: 21 | BO68: 262 | BP68: 30.894309 | BQ68: 56.097561 | BR68: 60.162602 | BT68: 19
A69: 64 | B69: Nəsimi | C69: 35 | D69: tam orta məktəb | F69: 65 | G69: 73.6 | H69: 59.666667 | I69: =IF(F69="","",AVERAGE(F69:H69)) -> 66.088889 | J69: =IF(F69="","",SUM(F69:H69)) -> 198.26667 | K69: =IF(J69="","",(RANK(J69,$J$61:$J$83))) -> 3 | L69: =IF(J69="","",(RANK(J69,$J$6:$J$535))) -> 10 | AA69: 41 | AB69: 46.130031 | AC69: 80.842105 | AD69: 62.200957 | AE69: 63.057698 | AF69: 189.17309 | AG69: 2 | AH69: 14 | AI69: 13.157895 | AJ69: 2.6315789 | AK69: 2.6315789 | AL69: 36 | AM69: 64.460784 | AN69: 52.936508 | AO69: 51.552288 | AP69: 56.316527 | AQ69: 168.94958 | AR69: 13 | AS69: 72 | AT69: 5.5555556 | AU69: 11.111111 | AV69: 19.444444 | AW69: =AVERAGE(P69,AA69,AL69) -> 38.5 | AX69: =AVERAGE(Q69,AB69,AM69) -> 55.295408 | AY69: =AVERAGE(R69,AC69,AN69) -> 66.889307 | AZ69: =AVERAGE(S69,AD69,AO69) -> 56.876622 | BA69: =AVERAGE(T69,AE69,AP69) -> 59.687112 | BB69: =AVERAGE(U69,AF69,AQ69) -> 179.06134 | BC69: =IF(BB69="","",(RANK(BB69,$BB$61:$BB$83))) -> 8 | BD69: =IF(BB69="","",(RANK(BB69,$BB$6:$BB$535))) -> 32 | BE69: =AVERAGE(M69,AI69,AT69) -> 9.3567251 | BF69: =AVERAGE(N69,AJ69,AU69) -> 6.871345 | BG69: =AVERAGE(O69,AK69,AV69) -> 11.038012 | BH69: 40 | BI69: 42.285 | BJ69: 33.6975 | BK69: 31.9025 | BL69: 35.961667 | BM69: 107.885 | BN69: 20 | BO69: 240 | BP69: 35 | BQ69: 45 | BR69: 65 | BT69: 35
A70: 65 | B70: Nəsimi | C70: 42 | D70: tam orta məktəb | F70: 64 | G70: 67.6 | H70: 68.333333 | I70: =IF(F70="","",AVERAGE(F70:H70)) -> 66.644444 | J70: =IF(F70="","",SUM(F70:H70)) -> 199.93333 | K70: =IF(J70="","",(RANK(J70,$J$61:$J$83))) -> 2 | L70: =IF(J70="","",(RANK(J70,$J$6:$J$535))) -> 9 | P70: 90 | Q70: 63.555556 | R70: 59.422222 | S70: 70.666667 | T70: 64.548148 | U70: 193.64444 | V70: 4 | W70: 25 | X70: 0 | Y70: 0 | Z70: 0 | AA70: 93 | AB70: 50.066845 | AC70: 49.318182 | AD70: 62.258953 | AE70: 53.881327 | AF70: 161.64398 | AG70: 9 | AH70: 57 | AI70: 13.636364 | AJ70: 14.772727 | AK70: 11.363636 | AL70: 92 | AM70: 74.966578 | AN70: 47.792208 | AO70: 74.832888 | AP70: 65.863891 | AQ70: 197.59167 | AR70: 4 | AS70: 13 | AT70: 0 | AU70: 10.227273 | AV70: 2.2727273 | AW70: =AVERAGE(P70,AA70,AL70) -> 91.666667 | AX70: =AVERAGE(Q70,AB70,AM70) -> 62.862993 | AY70: =AVERAGE(R70,AC70,AN70) -> 52.177537 | AZ70: =AVERAGE(S70,AD70,AO70) -> 69.252836 | BA70: =AVERAGE(T70,AE70,AP70) -> 61.431122 | BB70: =AVERAGE(U70,AF70,AQ70) -> 184.29337 | BC70: =IF(BB70="","",(RANK(BB70,$BB$61:$BB$83))) -> 7 | BD70: =IF(BB70="","",(RANK(BB70,$BB$6:$BB$535))) -> 22 | BE70: =AVERAGE(M70,AI70,AT70) -> 6.8181818 | BF70: =AVERAGE(N70,AJ70,AU70) -> 12.5 | BG70: =AVERAGE(O70,AK70,AV70) -> 6.8181818 | BH70: 92 | BI70: 61.472527 | BJ70: 38.013187 | BK70: 47.538462 | BL70: 49.008059 | BM70: 147.02418 | BN70: 7 | BO70: 41 | BP70: 10.989011 | BQ70: 46.153846 | BR70: 36.263736 | BT70: 42
A71: 66 | B71: Nəsimi | C71: 44 | D71: tam orta məktəb | F71: 38.333333 | G71: 42 | H71: 47.666667 | I71: =IF(F71="","",AVERAGE(F71:H71)) -> 42.666667 | J71: =IF(F71="","",SUM(F71:H71)) -> 128 | K71: =IF(J71="","",(RANK(J71,$J$61:$J$83))) -> 19 | L71: =IF(J71="","",(RANK(J71,$J$6:$J$535))) -> 163 | P71: 33 | Q71: 54.141414 | R71: 50.787879 | S71: 64.646465 | T71: 56.525253 | U71: 169.57576 | V71: 13 | W71: 85 | X71: 12.121212 | Y71: 12.121212 | Z71: 18.181818 | AA71: 36 | AB71: 36.245675 | AC71: 40.235294 | AD71: 46.434938 | AE71: 40.971969 | AF71: 122.91591 | AG71: 19 | AH71: 197 | AI71: 44.117647 | AJ71: 32.352941 | AK71: 29.411765 | AL71: 37 | AM71: 58.159393 | AN71: 26.635945 | AO71: 58.349146 | AP71: 47.714828 | AQ71: 143.14448 | AR71: 19 | AS71: 172 | AT71: 6.4516129 | AU71: 61.290323 | AV71: 16.129032 | AW71: =AVERAGE(P71,AA71,AL71) -> 35.333333 | AX71: =AVERAGE(Q71,AB71,AM71) -> 49.515494 | AY71: =AVERAGE(R71,AC71,AN71) -> 39.219706 | AZ71: =AVERAGE(S71,AD71,AO71) -> 56.476849 | BA71: =AVERAGE(T71,AE71,AP71) -> 48.404016 | BB71: =AVERAGE(U71,AF71,AQ71) -> 145.21205 | BC71: =IF(BB71="","",(RANK(BB71,$BB$61:$BB$83))) -> 18 | BD71: =IF(BB71="","",(RANK(BB71,$BB$6:$BB$535))) -> 143 | BE71: =AVERAGE(M71,AI71,AT71) -> 25.28463 | BF71: =AVERAGE(N71,AJ71,AU71) -> 46.821632 | BG71: =AVERAGE(O71,AK71,AV71) -> 22.770398 | BH71: 32 | BI71: 51.0125 | BJ71: 35.51875 | BK71: 46.603125 | BL71: 44.378125 | BM71: 133.13437 | BN71: 14 | BO71: 99 | BP71: 25 | BQ71: 37.5 | BR71: 34.375 | BT71: 44
A72: 67 | B72: Nəsimi | C72: 46 | D72: tam orta məktəb | F72: 48.666667 | G72: 64 | H72: 60 | I72: =IF(F72="","",AVERAGE(F72:H72)) -> 57.555556 | J72: =IF(F72="","",SUM(F72:H72)) -> 172.66667 | K72: =IF(J72="","",(RANK(J72,$J$61:$J$83))) -> 7 | L72: =IF(J72="","",(RANK(J72,$J$6:$J$535))) -> 30 | P72: 104 | Q72: 66.346154 | R72: 61.230769 | S72: 64.711538 | T72: 64.096154 | U72: 192.28846 | V72: 6 | W72: 28 | X72: 4.8076923 | Y72: 1.9230769 | Z72: 14.423077 | AA72: 111 | AB72: 59.385027 | AC72: 55.018182 | AD72: 60.909091 | AE72: 58.437433 | AF72: 175.3123 | AG72: 7 | AH72: 31 | AI72: 2.7272727 | AJ72: 9.2592593 | AK72: 8.1818182 | AL72: 111 | AM72: 68.892422 | AN72: 57.889318 | AO72: 72.257552 | AP72: 66.34643 | AQ72: 199.03929 | AR72: 3 | AS72: 12 | AT72: 2.7027027 | AU72: 13.513514 | AV72: 7.2072072 | AW72: =AVERAGE(P72,AA72,AL72) -> 108.66667 | AX72: =AVERAGE(Q72,AB72,AM72) -> 64.874534 | AY72: =AVERAGE(R72,AC72,AN72) -> 58.04609 | AZ72: =AVERAGE(S72,AD72,AO72) -> 65.959394 | BA72: =AVERAGE(T72,AE72,AP72) -> 62.960006 | BB72: =AVERAGE(U72,AF72,AQ72) -> 188.88002 | BC72: =IF(BB72="","",(RANK(BB72,$BB$61:$BB$83))) -> 4 | BD72: =IF(BB72="","",(RANK(BB72,$BB$6:$BB$535))) -> 16 | BE72: =AVERAGE(M72,AI72,AT72) -> 2.7149877 | BF72: =AVERAGE(N72,AJ72,AU72) -> 11.386386 | BG72: =AVERAGE(O72,AK72,AV72) -> 7.6945127 | BH72: 111 | BI72: 58.409009 | BJ72: 39.094595 | BK72: 47.163063 | BL72: 48.222222 | BM72: 144.66667 | BN72: 8 | BO72: 51 | BP72: 17.117117 | BQ72: 36.936937 | BR72: 38.738739 | BT72: 46
A73: 68 | B73: Nəsimi | C73: 54 | D73: tam orta məktəb | F73: 48 | G73: 49.2 | H73: 40 | I73: =IF(F73="","",AVERAGE(F73:H73)) -> 45.733333 | J73: =IF(F73="","",SUM(F73:H73)) -> 137.2 | K73: =IF(J73="","",(RANK(J73,$J$61:$J$83))) -> 15 | L73: =IF(J73="","",(RANK(J73,$J$6:$J$535))) -> 131 | P73: 104 | Q73: 55.865385 | R73: 61.346154 | S73: 60.320513 | T73: 59.17735 | U73: 177.53205 | V73: 10 | W73: 61 | X73: 9.6153846 | Y73: 7.8431373 | Z73: 8.6538462 | AA73: 108 | AB73: 48.611111 | AC73: 55.703704 | AD73: 52.216611 | AE73: 52.177142 | AF73: 156.53143 | AG73: 10 | AH73: 77 | AI73: 4.6296296 | AJ73: 0.93457944 | AK73: 6.4814815 | AL73: 108 | AM73: 58.201357 | AN73: 60.32626 | AO73: 61.917249 | AP73: 60.148289 | AQ73: 180.44487 | AR73: 8 | AS73: 41 | AT73: 7.6923077 | AU73: 3 | AV73: 6.7307692 | AW73: =AVERAGE(P73,AA73,AL73) -> 106.66667 | AX73: =AVERAGE(Q73,AB73,AM73) -> 54.225951 | AY73: =AVERAGE(R73,AC73,AN73) -> 59.125372 | AZ73: =AVERAGE(S73,AD73,AO73) -> 58.151458 | BA73: =AVERAGE(T73,AE73,AP73) -> 57.167594 | BB73: =AVERAGE(U73,AF73,AQ73) -> 171.50278 | BC73: =IF(BB73="","",(RANK(BB73,$BB$61:$BB$83))) -> 10 | BD73: =IF(BB73="","",(RANK(BB73,$BB$6:$BB$535))) -> 54 | BE73: =AVERAGE(M73,AI73,AT73) -> 6.1609687 | BF73: =AVERAGE(N73,AJ73,AU73) -> 1.9672897 | BG73: =AVERAGE(O73,AK73,AV73) -> 6.6061254 | BH73: 106 | BI73: 52.758095 | BJ73: 40.545714 | BK73: 39.86 | BL73: 44.387937 | BM73: 133.16381 | BN73: 13 | BO73: 98 | BP73: 14.285714 | BQ73: 29.52381 | BR73: 47.619048 | BT73: 54
A74: 69 | B74: Nəsimi | C74: 111 | D74: tam orta məktəb | F74: 50 | G74: 61.6 | H74: 41 | I74: =IF(F74="","",AVERAGE(F74:H74)) -> 50.866667 | J74: =IF(F74="","",SUM(F74:H74)) -> 152.6 | K74: =IF(J74="","",(RANK(J74,$J$61:$J$83))) -> 10 | L74: =IF(J74="","",(RANK(J74,$J$6:$J$535))) -> 69 | P74: 92 | Q74: 66.847826 | R74: 60.608696 | S74: 68.478261 | T74: 65.311594 | U74: 195.93478 | V74: 3 | W74: 21 | X74: 1.0869565 | Y74: 4.3478261 | Z74: 7.6923077 | AA74: 99 | AB74: 59.837728 | AC74: 62.863636 | AD74: 62.20829 | AE74: 61.41668 | AF74: 184.90965 | AG74: 4 | AH74: 19 | AI74: 4.5977011 | AJ74: 1.1363636 | AK74: 9.1954023 | AL74: 99 | AM74: 65.077399 | AN74: 54.135338 | AO74: 65.04644 | AP74: 61.419726 | AQ74: 184.25918 | AR74: 7 | AS74: 34 | AT74: 6.3157895 | AU74: 9.4736842 | AV74: 5.2631579 | AW74: =AVERAGE(P74,AA74,AL74) -> 96.666667 | AX74: =AVERAGE(Q74,AB74,AM74) -> 63.920985 | AY74: =AVERAGE(R74,AC74,AN74) -> 59.202557 | AZ74: =AVERAGE(S74,AD74,AO74) -> 65.24433 | BA74: =AVERAGE(T74,AE74,AP74) -> 62.716 | BB74: =AVERAGE(U74,AF74,AQ74) -> 188.36787 | BC74: =IF(BB74="","",(RANK(BB74,$BB$61:$BB$83))) -> 5 | BD74: =IF(BB74="","",(RANK(BB74,$BB$6:$BB$535))) -> 18 | BE74: =AVERAGE(M74,AI74,AT74) -> 5.4567453 | BF74: =AVERAGE(N74,AJ74,AU74) -> 5.3050239 | BG74: =AVERAGE(O74,AK74,AV74) -> 7.2292801 | BH74: 99 | BI74: 53.485417 | BJ74: 31.538542 | BK74: 37.375 | BL74: 40.799653 | BM74: 122.39896 | BN74: 17 | BO74: 153 | BP74: 14.583333 | BQ74: 51.041667 | BR74: 46.875 | BT74: 111
A75: 70 | B75: Nəsimi | C75: 151 | D75: tam orta məktəb | F75: 51 | G75: 49.2 | H75: 46.666667 | I75: =IF(F75="","",AVERAGE(F75:H75)) -> 48.955556 | J75: =IF(F75="","",SUM(F75:H75)) -> 146.86667 | K75: =IF(J75="","",(RANK(J75,$J$61:$J$83))) -> 11 | L75: =IF(J75="","",(RANK(J75,$J$6:$J$535))) -> 91 | P75: 62 | Q75: 57.258065 | R75: 53.677419 | S75: 64.784946 | T75: 58.573477 | U75: 175.72043 | V75: 12 | W75: 67 | X75: 4.8387097 | Y75: 11.290323 | Z75: 9.6774194 | AA75: 66 | AB75: 54.434389 | AC75: 42.707692 | AD75: 57.948718 | AE75: 51.696933 | AF75: 155.0908 | AG75: 12 | AH75: 82 | AI75: 7.6923077 | AJ75: 9.2307692 | AK75: 9.2307692 | AL75: 67 | AM75: 55.267779 | AN75: 34.372294 | AO75: 59.893048 | AP75: 49.375392 | AQ75: 149.53312 | AR75: 17 | AS75: 144 | AT75: 8.9552239 | AU75: 34.848485 | AV75: 4.5454545 | AW75: =AVERAGE(P75,AA75,AL75) -> 65 | AX75: =AVERAGE(Q75,AB75,AM75) -> 55.653411 | AY75: =AVERAGE(R75,AC75,AN75) -> 43.585802 | AZ75: =AVERAGE(S75,AD75,AO75) -> 60.875571 | BA75: =AVERAGE(T75,AE75,AP75) -> 53.215267 | BB75: =AVERAGE(U75,AF75,AQ75) -> 160.11478 | BC75: =IF(BB75="","",(RANK(BB75,$BB$61:$BB$83))) -> 13 | BD75: =IF(BB75="","",(RANK(BB75,$BB$6:$BB$535))) -> 86 | BE75: =AVERAGE(M75,AI75,AT75) -> 8.3237658 | BF75: =AVERAGE(N75,AJ75,AU75) -> 22.039627 | BG75: =AVERAGE(O75,AK75,AV75) -> 6.8881119 | BH75: 67 | BI75: 59.522727 | BJ75: 34.756061 | BK75: 48.662121 | BL75: 47.64697 | BM75: 142.94091 | BN75: 9 | BO75: 57 | BP75: 12.121212 | BQ75: 51.515152 | BR75: 33.333333 | BT75: 151
A76: 71 | B76: Nəsimi | C76: 159 | D76: tam orta məktəb | F76: 51.666667 | G76: 33.2 | H76: 38.333333 | I76: =IF(F76="","",AVERAGE(F76:H76)) -> 41.066667 | J76: =IF(F76="","",SUM(F76:H76)) -> 123.2 | K76: =IF(J76="","",(RANK(J76,$J$61:$J$83))) -> 20 | L76: =IF(J76="","",(RANK(J76,$J$6:$J$535))) -> 178 | P76: 90 | Q76: 53 | R76: 37.422222 | S76: 52.37037 | T76: 47.597531 | U76: 142.79259 | V76: 17 | W76: 175 | X76: 5.5555556 | Y76: 41.111111 | Z76: 23.333333 | AA76: 90 | AB76: 49.603437 | AC76: 29.752809 | AD76: 40.721825 | AE76: 40.026024 | AF76: 120.07807 | AG76: 20 | AH76: 214 | AI76: 24.705882 | AJ76: 62.921348 | AK76: 38.202247 | AL76: 88 | AM76: 57.572684 | AN76: 38.883415 | AO76: 48.951995 | AP76: 48.469365 | AQ76: 145.40809 | AR76: 18 | AS76: 164 | AT76: 4.5977011 | AU76: 39.08046 | AV76: 21.83908 | AW76: =AVERAGE(P76,AA76,AL76) -> 89.333333 | AX76: =AVERAGE(Q76,AB76,AM76) -> 53.39204 | AY76: =AVERAGE(R76,AC76,AN76) -> 35.352816 | AZ76: =AVERAGE(S76,AD76,AO76) -> 47.348063 | BA76: =AVERAGE(T76,AE76,AP76) -> 45.364306 | BB76: =AVERAGE(U76,AF76,AQ76) -> 136.09292 | BC76: =IF(BB76="","",(RANK(BB76,$BB$61:$BB$83))) -> 19 | BD76: =IF(BB76="","",(RANK(BB76,$BB$6:$BB$535))) -> 191 | BE76: =AVERAGE(M76,AI76,AT76) -> 14.651792 | BF76: =AVERAGE(N76,AJ76,AU76) -> 51.000904 | BG76: =AVERAGE(O76,AK76,AV76) -> 30.020664 | BH76: 88 | BI76: 50.772727 | BJ76: 32.396591 | BK76: 39.407955 | BL76: 40.859091 | BM76: 122.57727 | BN76: 16 | BO76: 150 | BP76: 21.590909 | BQ76: 51.136364 | BR76: 43.181818 | BT76: 159
A77: 72 | B77: Nəsimi | C77: 164 | D77: tam orta məktəb | F77: 43.333333 | G77: 41.2 | H77: 46.666667 | I77: =IF(F77="","",AVERAGE(F77:H77)) -> 43.733333 | J77: =IF(F77="","",SUM(F77:H77)) -> 131.2 | K77: =IF(J77="","",(RANK(J77,$J$61:$J$83))) -> 18 | L77: =IF(J77="","",(RANK(J77,$J$6:$J$535))) -> 155 | P77: 125 | Q77: 59.386667 | R77: 49.312 | S77: 67.813333 | T77: 58.837333 | U77: 176.512 | V77: 11 | W77: 64 | X77: 8.8 | Y77: 24 | Z77: 4.8 | AA77: 131 | AB77: 48.625844 | AC77: 41.245902 | AD77: 57.054148 | AE77: 48.975298 | AF77: 146.92589 | AG77: 14 | AH77: 105 | AI77: 24.590164 | AJ77: 40.163934 | AK77: 21.311475 | AL77: 127 | AM77: 56.344191 | AN77: 35.571429 | AO77: 66.869227 | AP77: 53.024747 | AQ77: 158.78485 | AR77: 16 | AS77: 107 | AT77: 17.355372 | AU77: 48.333333 | AV77: 10.743802 | AW77: =AVERAGE(P77,AA77,AL77) -> 127.66667 | AX77: =AVERAGE(Q77,AB77,AM77) -> 54.785567 | AY77: =AVERAGE(R77,AC77,AN77) -> 42.04311 | AZ77: =AVERAGE(S77,AD77,AO77) -> 63.912236 | BA77: =AVERAGE(T77,AE77,AP77) -> 53.612459 | BB77: =AVERAGE(U77,AF77,AQ77) -> 160.74091 | BC77: =IF(BB77="","",(RANK(BB77,$BB$61:$BB$83))) -> 12 | BD77: =IF(BB77="","",(RANK(BB77,$BB$6:$BB$535))) -> 84 | BE77: =AVERAGE(M77,AI77,AT77) -> 20.972768 | BF77: =AVERAGE(N77,AJ77,AU77) -> 44.248634 | BG77: =AVERAGE(O77,AK77,AV77) -> 16.027639 | BH77: 125 | BI77: 65.476 | BJ77: 35.4624 | BK77: 50.1616 | BL77: 50.366667 | BM77: 151.1 | BN77: 4 | BO77: 30 | BP77: 6.4 | BQ77: 44.8 | BR77: 30.4 | BT77: 164
A78: 73 | B78: Nəsimi | C78: 211 | D78: tam orta məktəb | F78: 51.333333 | G78: 52 | H78: 53.333333 | I78: =IF(F78="","",AVERAGE(F78:H78)) -> 52.222222 | J78: =IF(F78="","",SUM(F78:H78)) -> 156.66667 | K78: =IF(J78="","",(RANK(J78,$J$61:$J$83))) -> 9 | L78: =IF(J78="","",(RANK(J78,$J$6:$J$535))) -> 61 | P78: 120 | Q78: 56.666667 | R78: 44.266667 | S78: 51.581921 | T78: 50.834264 | U78: 152.51525 | V78: 16 | W78: 134 | X78: 16.666667 | Y78: 30 | Z78: 23.728814 | AA78: 128 | AB78: 50.637255 | AC78: 45.8 | AD78: 49.69697 | AE78: 48.711408 | AF78: 146.13422 | AG78: 15 | AH78: 107 | AI78: 12.5 | AJ78: 33.333333 | AK78: 20 | AL78: 128 | AM78: 64.379085 | AN78: 36.874237 | AO78: 64.152841 | AP78: 55.135387 | AQ78: 165.40616 | AR78: 14 | AS78: 79 | AT78: 14.655172 | AU78: 47.008547 | AV78: 15.044248 | AW78: =AVERAGE(P78,AA78,AL78) -> 125.33333 | AX78: =AVERAGE(Q78,AB78,AM78) -> 57.227669 | AY78: =AVERAGE(R78,AC78,AN78) -> 42.313635 | AZ78: =AVERAGE(S78,AD78,AO78) -> 55.14391 | BA78: =AVERAGE(T78,AE78,AP78) -> 51.560353 | BB78: =AVERAGE(U78,AF78,AQ78) -> 154.68521 | BC78: =IF(BB78="","",(RANK(BB78,$BB$61:$BB$83))) -> 15 | BD78: =IF(BB78="","",(RANK(BB78,$BB$6:$BB$535))) -> 106 | BE78: =AVERAGE(M78,AI78,AT78) -> 13.577586 | BF78: =AVERAGE(N78,AJ78,AU78) -> 40.17094 | BG78: =AVERAGE(O78,AK78,AV78) -> 17.522124 | BH78: 128 | BI78: 59.725 | BJ78: 37.827344 | BK78: 42.117969 | BL78: 46.556771 | BM78: 139.67031 | BN78: 11 | BO78: 69 | BP78: 14.0625 | BQ78: 38.28125 | BR78: 39.0625 | BT78: 211
A79: 74 | B79: Nəsimi | C79: 240 | D79: tam orta məktəb | F79: 57.666667 | G79: 52.8 | H79: 48.333333 | I79: =IF(F79="","",AVERAGE(F79:H79)) -> 52.933333 | J79: =IF(F79="","",SUM(F79:H79)) -> 158.8 | K79: =IF(J79="","",(RANK(J79,$J$61:$J$83))) -> 8 | L79: =IF(J79="","",(RANK(J79,$J$6:$J$535))) -> 58 | P79: 126 | Q79: 65.978836 | R79: 63.936508 | S79: 61.111111 | T79: 63.675485 | U79: 191.02646 | V79: 7 | W79: 32 | X79: 2.3809524 | Y79: 3.968254 | Z79: 7.9365079 | AA79: 127 | AB79: 54.519369 | AC79: 59.154472 | AD79: 57.575758 | AE79: 57.083199 | AF79: 171.2496 | AG79: 8 | AH79: 38 | AI79: 8.9430894 | AJ79: 4.8780488 | AK79: 3.2520325 | AL79: 123 | AM79: 68.419741 | AN79: 57.084746 | AO79: 70.390344 | AP79: 65.298277 | AQ79: 195.89483 | AR79: 5 | AS79: 15 | AT79: 3.3898305 | AU79: 11.016949 | AV79: 0.89285714 | AW79: =AVERAGE(P79,AA79,AL79) -> 125.33333 | AX79: =AVERAGE(Q79,AB79,AM79) -> 62.972648 | AY79: =AVERAGE(R79,AC79,AN79) -> 60.058575 | AZ79: =AVERAGE(S79,AD79,AO79) -> 63.025738 | BA79: =AVERAGE(T79,AE79,AP79) -> 62.018987 | BB79: =AVERAGE(U79,AF79,AQ79) -> 186.05696 | BC79: =IF(BB79="","",(RANK(BB79,$BB$61:$BB$83))) -> 6 | BD79: =IF(BB79="","",(RANK(BB79,$BB$6:$BB$535))) -> 20 | BE79: =AVERAGE(M79,AI79,AT79) -> 6.16646 | BF79: =AVERAGE(N79,AJ79,AU79) -> 7.947499 | BG79: =AVERAGE(O79,AK79,AV79) -> 2.0724448 | BH79: 120 | BI79: 62.024167 | BJ79: 42.881667 | BK79: 45.835833 | BL79: 50.247222 | BM79: 150.74167 | BN79: 5 | BO79: 32 | BP79: 8.3333333 | BQ79: 27.5 | BR79: 28.333333 | BT79: 240
A80: 75 | B80: Nəsimi | C80: 247 | D80: tam orta məktəb | F80: 29.666667 | G80: 33.2 | H80: 32.666667 | I80: =IF(F80="","",AVERAGE(F80:H80)) -> 31.844444 | J80: =IF(F80="","",SUM(F80:H80)) -> 95.533333 | K80: =IF(J80="","",(RANK(J80,$J$61:$J$83))) -> 21 | L80: =IF(J80="","",(RANK(J80,$J$6:$J$535))) -> 270 | P80: 50 | Q80: 41.866667 | R80: 34.32 | S80: 39.733333 | T80: 38.64 | U80: 115.92 | V80: 20 | W80: 278 | X80: 26 | Y80: 50 | Z80: 50 | AA80: 71 | AB80: 42.460646 | AC80: 47.887324 | AD80: 48.579545 | AE80: 45.833898 | AF80: 138.92752 | AG80: 17 | AH80: 137 | AI80: 28.169014 | AJ80: 36.619718 | AK80: 26.5625 | AL80: 71 | AM80: 50.840336 | AN80: 24.886128 | AO80: 51.806723 | AP80: 42.462585 | AQ80: 127.53319 | AR80: 21 | AS80: 242 | AT80: 10 | AU80: 62.318841 | AV80: 17.142857 | AW80: =AVERAGE(P80,AA80,AL80) -> 64 | AX80: =AVERAGE(Q80,AB80,AM80) -> 45.055883 | AY80: =AVERAGE(R80,AC80,AN80) -> 35.697817 | AZ80: =AVERAGE(S80,AD80,AO80) -> 46.706534 | BA80: =AVERAGE(T80,AE80,AP80) -> 42.312161 | BB80: =AVERAGE(U80,AF80,AQ80) -> 127.46023 | BC80: =IF(BB80="","",(RANK(BB80,$BB$61:$BB$83))) -> 20 | BD80: =IF(BB80="","",(RANK(BB80,$BB$6:$BB$535))) -> 226 | BE80: =AVERAGE(M80,AI80,AT80) -> 19.084507 | BF80: =AVERAGE(N80,AJ80,AU80) -> 49.469279 | BG80: =AVERAGE(O80,AK80,AV80) -> 21.852679 | BH80: 71 | BI80: 51.119718 | BJ80: 34.48169 | BK80: 39.184507 | BL80: 41.595305 | BM80: 124.78592 | BN80: 15 | BO80: 139 | BP80: 16.901408 | BQ80: 49.295775 | BR80: 49.295775 | BT80: 247
A81: 76 | B81: Nəsimi | C81: 266 | D81: tam orta məktəb | F81: 43.333333 | G81: 48 | H81: 42 | I81: =IF(F81="","",AVERAGE(F81:H81)) -> 44.444444 | J81: =IF(F81="","",SUM(F81:H81)) -> 133.33333 | K81: =IF(J81="","",(RANK(J81,$J$61:$J$83))) -> 17 | L81: =IF(J81="","",(RANK(J81,$J$6:$J$535))) -> 146 | P81: 47 | Q81: 51.77305 | R81: 60.170213 | S81: 49.432624 | T81: 53.791962 | U81: 161.37589 | V81: 14 | W81: 102 | X81: 12.765957 | Y81: 8.5106383 | Z81: 17.021277 | AA81: 50 | AB81: 46.941176 | AC81: 56.48 | AD81: 47.515152 | AE81: 50.312109 | AF81: 150.93633 | AG81: 13 | AH81: 93 | AI81: 28 | AJ81: 12 | AK81: 26 | AL81: 51 | AM81: 55.647059 | AN81: 50.057143 | AO81: 55.235294 | AP81: 53.646499 | AQ81: 160.9395 | AR81: 15 | AS81: 98 | AT81: 20 | AU81: 24 | AV81: 16 | AW81: =AVERAGE(P81,AA81,AL81) -> 49.333333 | AX81: =AVERAGE(Q81,AB81,AM81) -> 51.453762 | AY81: =AVERAGE(R81,AC81,AN81) -> 55.569119 | AZ81: =AVERAGE(S81,AD81,AO81) -> 50.72769 | BA81: =AVERAGE(T81,AE81,AP81) -> 52.583523 | BB81: =AVERAGE(U81,AF81,AQ81) -> 157.75057 | BC81: =IF(BB81="","",(RANK(BB81,$BB$61:$BB$83))) -> 14 | BD81: =IF(BB81="","",(RANK(BB81,$BB$6:$BB$535))) -> 96 | BE81: =AVERAGE(M81,AI81,AT81) -> 24 | BF81: =AVERAGE(N81,AJ81,AU81) -> 18 | BG81: =AVERAGE(O81,AK81,AV81) -> 21 | BH81: 51 | BI81: 43.427451 | BJ81: 32.239216 | BK81: 34.198039 | BL81: 36.621569 | BM81: 109.86471 | BN81: 19 | BO81: 233 | BP81: 37.254902 | BQ81: 52.941176 | BR81: 54.901961 | BT81: 266
A82: 77 | B82: Nəsimi | C82: 268x | D82: XTM | I82: =IF(F82="","",AVERAGE(F82:H82)) | J82: =IF(F82="","",SUM(F82:H82)) | K82: =IF(J82="","",(RANK(J82,$J$61:$J$83))) | L82: =IF(J82="","",(RANK(J82,$J$6:$J$535))) | BC82: =IF(BB82="","",(RANK(BB82,$BB$61:$BB$83))) | BD82: =IF(BB82="","",(RANK(BB82,$BB$6:$BB$535))) | BT82: 268
A83: 78 | B83: Nəsimi | C83: THL | D83: THL | F83: 65.666667 | G83: 74.8 | H83: 68 | I83: =IF(F83="","",AVERAGE(F83:H83)) -> 69.488889 | J83: =IF(F83="","",SUM(F83:H83)) -> 208.46667 | K83: =IF(J83="","",(RANK(J83,$J$61:$J$83))) -> 1 | L83: =IF(J83="","",(RANK(J83,$J$6:$J$535))) -> 5 | P83: 130 | Q83: 65.794872 | R83: 73.753846 | S83: 78.987179 | T83: 72.845299 | U83: 218.5359 | V83: 1 | W83: 4 | X83: 1.5384615 | Y83: 1.5384615 | Z83: 2.3076923 | AA83: 144 | AB83: 55.821078 | AC83: 76 | AD83: 69.591751 | AE83: 67.13761 | AF83: 201.41283 | AG83: 1 | AH83: 3 | AI83: 5.5555556 | AJ83: 4.1666667 | AK83: 5.5555556 | AL83: 112 | AM83: 76.523109 | AN83: 68.622449 | AO83: 79.227941 | AP83: 74.791166 | AQ83: 224.3735 | AR83: 1 | AS83: 4 | AT83: 0.89285714 | AU83: 6.25 | AV83: 3.5714286 | AW83: =AVERAGE(P83,AA83,AL83) -> 128.66667 | AX83: =AVERAGE(Q83,AB83,AM83) -> 66.046353 | AY83: =AVERAGE(R83,AC83,AN83) -> 72.792098 | AZ83: =AVERAGE(S83,AD83,AO83) -> 75.935624 | BA83: =AVERAGE(T83,AE83,AP83) -> 71.591358 | BB83: =AVERAGE(U83,AF83,AQ83) -> 214.77408 | BC83: =IF(BB83="","",(RANK(BB83,$BB$61:$BB$83))) -> 1 | BD83: =IF(BB83="","",(RANK(BB83,$BB$6:$BB$535))) -> 3 | BE83: =AVERAGE(M83,AI83,AT83) -> 3.2242063 | BF83: =AVERAGE(N83,AJ83,AU83) -> 5.2083333 | BG83: =AVERAGE(O83,AK83,AV83) -> 4.5634921 | BH83: 135 | BI83: 69.897015 | BJ83: 58.735075 | BK83: 58.054478 | BL83: 62.228856 | BM83: 186.68657 | BN83: 1 | BO83: 4 | BP83: 1.4925373 | BQ83: 11.940299 | BR83: 11.19403 | BT83: THL
A84: 79 | B84: Nizami | C84: 2x | D84: XƏQTOM | I84: =IF(F84="","",AVERAGE(F84:H84)) | J84: =IF(F84="","",SUM(F84:H84)) | K84: =IF(J84="","",(RANK(J84,$J$84:$J$109))) | L84: =IF(J84="","",(RANK(J84,$J$6:$J$535))) | BC84: =IF(BB84="","",(RANK(BB84,$BB$84:$BB$109))) | BD84: =IF(BB84="","",(RANK(BB84,$BB$6:$BB$535))) | BH84: 17 | BI84: 24.570588 | BJ84: 26.958824 | BK84: 20.235294 | BL84: 23.921569 | BM84: 71.764706 | BN84: 24 | BO84: 309 | BP84: 88.235294 | BQ84: 47.058824 | BR84: 70.588235 | BT84: 2
A85: 80 | B85: Nizami | C85: 3x | D85: XTM | I85: =IF(F85="","",AVERAGE(F85:H85)) | J85: =IF(F85="","",SUM(F85:H85)) | K85: =IF(J85="","",(RANK(J85,$J$84:$J$109))) | L85: =IF(J85="","",(RANK(J85,$J$6:$J$535))) | BC85: =IF(BB85="","",(RANK(BB85,$BB$84:$BB$109))) | BD85: =IF(BB85="","",(RANK(BB85,$BB$6:$BB$535))) | BT85: 3
A86: 81 | B86: Nizami | C86: 8u | D86: UGİM | I86: =IF(F86="","",AVERAGE(F86:H86)) | J86: =IF(F86="","",SUM(F86:H86)) | K86: =IF(J86="","",(RANK(J86,$J$84:$J$109))) | L86: =IF(J86="","",(RANK(J86,$J$6:$J$535))) | BC86: =IF(BB86="","",(RANK(BB86,$BB$84:$BB$109))) | BD86: =IF(BB86="","",(RANK(BB86,$BB$6:$BB$535))) | BT86: 8
A87: 82 | B87: Nizami | C87: 10 | D87: tam orta məktəb | F87: 53.666667 | G87: 57.6 | H87: 53 | I87: =IF(F87="","",AVERAGE(F87:H87)) -> 54.755556 | J87: =IF(F87="","",SUM(F87:H87)) -> 164.26667 | K87: =IF(J87="","",(RANK(J87,$J$84:$J$109))) -> 4 | L87: =IF(J87="","",(RANK(J87,$J$6:$J$535))) -> 43 | P87: 78 | Q87: 49.401709 | R87: 51.641026 | S87: 68.376068 | T87: 56.472934 | U87: 169.4188 | V87: 8 | W87: 87 | X87: 19.230769 | Y87: 12.820513 | Z87: 5.1282051 | AA87: 74 | AB87: 38.990461 | AC87: 43.621622 | AD87: 54.995905 | AE87: 45.869329 | AF87: 137.60799 | AG87: 11 | AH87: 141 | AI87: 37.837838 | AJ87: 22.972973 | AK87: 17.567568 | AL87: 82 | AM87: 64.980392 | AN87: 36.342857 | AO87: 67.960784 | AP87: 56.428011 | AQ87: 169.28403 | AR87: 8 | AS87: 70 | AT87: 5.3333333 | AU87: 36 | AV87: 4 | AW87: =AVERAGE(P87,AA87,AL87) -> 78 | AX87: =AVERAGE(Q87,AB87,AM87) -> 51.124188 | AY87: =AVERAGE(R87,AC87,AN87) -> 43.868501 | AZ87: =AVERAGE(S87,AD87,AO87) -> 63.777586 | BA87: =AVERAGE(T87,AE87,AP87) -> 52.923425 | BB87: =AVERAGE(U87,AF87,AQ87) -> 158.77027 | BC87: =IF(BB87="","",(RANK(BB87,$BB$84:$BB$109))) -> 10 | BD87: =IF(BB87="","",(RANK(BB87,$BB$6:$BB$535))) -> 92 | BE87: =AVERAGE(M87,AI87,AT87) -> 21.585586 | BF87: =AVERAGE(N87,AJ87,AU87) -> 29.486486 | BG87: =AVERAGE(O87,AK87,AV87) -> 10.783784 | BH87: 82 | BI87: 62.828049 | BJ87: 38.978049 | BK87: 48.09878 | BL87: 49.968293 | BM87: 149.90488 | BN87: 8 | BO87: 35 | BP87: 6.097561 | BQ87: 39.02439 | BR87: 29.268293 | BT87: 10
A88: 83 | B88: Nizami | C88: 12 | D88: tam orta məktəb | F88: 51.666667 | G88: 47.6 | H88: 36 | I88: =IF(F88="","",AVERAGE(F88:H88)) -> 45.088889 | J88: =IF(F88="","",SUM(F88:H88)) -> 135.26667 | K88: =IF(J88="","",(RANK(J88,$J$84:$J$109))) -> 15 | L88: =IF(J88="","",(RANK(J88,$J$6:$J$535))) -> 142 | P88: 115 | Q88: 48.869565 | R88: 51.513043 | S88: 47.826087 | T88: 49.402899 | U88: 148.2087 | V88: 18 | W88: 153 | X88: 20.869565 | Y88: 26.086957 | Z88: 32.173913 | AA88: 127 | AB88: 29.176471 | AC88: 33.162393 | AD88: 41.147007 | AE88: 34.155993 | AF88: 103.48587 | AG88: 22 | AH88: 271 | AI88: 59.2 | AJ88: 57.264957 | AK88: 40.495868 | AL88: 126 | AM88: 51.190476 | AN88: 23.59447 | AO88: 45.002391 | AP88: 39.786581 | AQ88: 119.78734 | AR88: 21 | AS88: 263 | AT88: 19.047619 | AU88: 66.129032 | AV88: 38.211382 | AW88: =AVERAGE(P88,AA88,AL88) -> 122.66667 | AX88: =AVERAGE(Q88,AB88,AM88) -> 43.078837 | AY88: =AVERAGE(R88,AC88,AN88) -> 36.089969 | AZ88: =AVERAGE(S88,AD88,AO88) -> 44.658495 | BA88: =AVERAGE(T88,AE88,AP88) -> 41.115158 | BB88: =AVERAGE(U88,AF88,AQ88) -> 123.8273 | BC88: =IF(BB88="","",(RANK(BB88,$BB$84:$BB$109))) -> 22 | BD88: =IF(BB88="","",(RANK(BB88,$BB$6:$BB$535))) -> 245 | BE88: =AVERAGE(M88,AI88,AT88) -> 39.12381 | BF88: =AVERAGE(N88,AJ88,AU88) -> 61.696995 | BG88: =AVERAGE(O88,AK88,AV88) -> 39.353625 | BH88: 126 | BI88: 53.478571 | BJ88: 36.223016 | BK88: 38.888889 | BL88: 42.863492 | BM88: 128.59048 | BN88: 19 | BO88: 122 | BP88: 19.047619 | BQ88: 52.380952 | BR88: 47.619048 | BT88: 12
A89: 84 | B89: Nizami | C89: 32 | D89: tam orta məktəb | F89: 46 | G89: 47.2 | H89: 45.333333 | I89: =IF(F89="","",AVERAGE(F89:H89)) -> 46.177778 | J89: =IF(F89="","",SUM(F89:H89)) -> 138.53333 | K89: =IF(J89="","",(RANK(J89,$J$84:$J$109))) -> 12 | L89: =IF(J89="","",(RANK(J89,$J$6:$J$535))) -> 126 | P89: 76 | Q89: 43.421053 | R89: 54.171429 | S89: 68.8 | T89: 55.438914 | U89: 166.39248 | V89: 10 | W89: 90 | X89: 23.684211 | Y89: 18.84058 | Z89: 9.3333333 | AA89: 91 | AB89: 35.630252 | AC89: 35.142857 | AD89: 49.61039 | AE89: 40.127833 | AF89: 120.3835 | AG89: 19 | AH89: 212 | AI89: 41.428571 | AJ89: 44.285714 | AK89: 11.428571 | AL89: 91 | AM89: 46.394687 | AN89: 37.926267 | AO89: 72.205882 | AP89: 52.052724 | AQ89: 156.52684 | AR89: 13 | AS89: 115 | AT89: 22.580645 | AU89: 48.387097 | AV89: 27.118644 | AW89: =AVERAGE(P89,AA89,AL89) -> 86 | AX89: =AVERAGE(Q89,AB89,AM89) -> 41.815331 | AY89: =AVERAGE(R89,AC89,AN89) -> 42.413518 | AZ89: =AVERAGE(S89,AD89,AO89) -> 63.538757 | BA89: =AVERAGE(T89,AE89,AP89) -> 49.20649 | BB89: =AVERAGE(U89,AF89,AQ89) -> 147.76761 | BC89: =IF(BB89="","",(RANK(BB89,$BB$84:$BB$109))) -> 15 | BD89: =IF(BB89="","",(RANK(BB89,$BB$6:$BB$535))) -> 135 | BE89: =AVERAGE(M89,AI89,AT89) -> 32.004608 | BF89: =AVERAGE(N89,AJ89,AU89) -> 46.336406 | BG89: =AVERAGE(O89,AK89,AV89) -> 19.273608 | BH89: 91 | BI89: 55.392308 | BJ89: 37.063736 | BK89: 45.862637 | BL89: 46.106227 | BM89: 138.31868 | BN89: 13 | BO89: 79 | BP89: 18.681319 | BQ89: 47.252747 | BR89: 34.065934 | BT89: 32
A90: 85 | B90: Nizami | C90: 61 | D90: tam orta məktəb | F90: 48.333333 | G90: 45.2 | H90: 44.333333 | I90: =IF(F90="","",AVERAGE(F90:H90)) -> 45.955556 | J90: =IF(F90="","",SUM(F90:H90)) -> 137.86667 | K90: =IF(J90="","",(RANK(J90,$J$84:$J$109))) -> 13 | L90: =IF(J90="","",(RANK(J90,$J$6:$J$535))) -> 128 | P90: 90 | Q90: 48.555556 | R90: 48.133333 | S90: 65.62963 | T90: 54.106173 | U90: 162.31852 | V90: 13 | W90: 100 | X90: 15.555556 | Y90: 18.888889 | Z90: 15.555556 | AA90: 97 | AB90: 41.14016 | AC90: 43.802469 | AD90: 52.001496 | AE90: 45.648042 | AF90: 136.94413 | AG90: 12 | AH90: 144 | AI90: 32.098765 | AJ90: 30.864198 | AK90: 29.62963 | AL90: 82 | AM90: 58.464849 | AN90: 50.084104 | AO90: 65.890613 | AP90: 58.146522 | AQ90: 174.43957 | AR90: 7 | AS90: 54 | AT90: 14.634146 | AU90: 34.146341 | AV90: 18.181818 | AW90: =AVERAGE(P90,AA90,AL90) -> 89.666667 | AX90: =AVERAGE(Q90,AB90,AM90) -> 49.386855 | AY90: =AVERAGE(R90,AC90,AN90) -> 47.339969 | AZ90: =AVERAGE(S90,AD90,AO90) -> 61.173913 | BA90: =AVERAGE(T90,AE90,AP90) -> 52.633579 | BB90: =AVERAGE(U90,AF90,AQ90) -> 157.90074 | BC90: =IF(BB90="","",(RANK(BB90,$BB$84:$BB$109))) -> 11 | BD90: =IF(BB90="","",(RANK(BB90,$BB$6:$BB$535))) -> 95 | BE90: =AVERAGE(M90,AI90,AT90) -> 23.366456 | BF90: =AVERAGE(N90,AJ90,AU90) -> 32.505269 | BG90: =AVERAGE(O90,AK90,AV90) -> 23.905724 | BH90: 92 | BI90: 57.242857 | BJ90: 37.786813 | BK90: 44.279121 | BL90: 46.436264 | BM90: 139.30879 | BN90: 12 | BO90: 71 | BP90: 16.483516 | BQ90: 45.054945 | BR90: 42.857143 | BT90: 61
A91: 86 | B91: Nizami | C91: 62 | D91: məktəb-lisey | F91: 58.333333 | G91: 45.6 | H91: 33 | I91: =IF(F91="","",AVERAGE(F91:H91)) -> 45.644444 | J91: =IF(F91="","",SUM(F91:H91)) -> 136.93333 | K91: =IF(J91="","",(RANK(J91,$J$84:$J$109))) -> 14 | L91: =IF(J91="","",(RANK(J91,$J$6:$J$535))) -> 132 | P91: 75 | Q91: 62.711111 | R91: 58.24 | S91: 70.311111 | T91: 63.754074 | U91: 191.26222 | V91: 3 | W91: 31 | X91: 2.6666667 | Y91: 12.162162 | Z91: 6.6666667 | AA91: 83 | AB91: 58.278867 | AC91: 65.382716 | AD91: 72.502806 | AE91: 65.38813 | AF91: 196.16439 | AG91: 1 | AH91: 8 | AI91: 4.9382716 | AJ91: 3.7037037 | AK91: 2.4691358 | AL91: 82 | AM91: 71.968046 | AN91: 44.585538 | AO91: 69.862019 | AP91: 62.138534 | AQ91: 186.4156 | AR91: 3 | AS91: 29 | AT91: 0 | AU91: 21.25 | AV91: 3.75 | AW91: =AVERAGE(P91,AA91,AL91) -> 80 | AX91: =AVERAGE(Q91,AB91,AM91) -> 64.319342 | AY91: =AVERAGE(R91,AC91,AN91) -> 56.069418 | AZ91: =AVERAGE(S91,AD91,AO91) -> 70.891979 | BA91: =AVERAGE(T91,AE91,AP91) -> 63.760246 | BB91: =AVERAGE(U91,AF91,AQ91) -> 191.28074 | BC91: =IF(BB91="","",(RANK(BB91,$BB$84:$BB$109))) -> 1 | BD91: =IF(BB91="","",(RANK(BB91,$BB$6:$BB$535))) -> 14 | BE91: =AVERAGE(M91,AI91,AT91) -> 2.4691358 | BF91: =AVERAGE(N91,AJ91,AU91) -> 12.476852 | BG91: =AVERAGE(O91,AK91,AV91) -> 3.1095679 | BH91: 82 | BI91: 69.778049 | BJ91: 56.785366 | BK91: 55.84878 | BL91: 60.804065 | BM91: 182.4122 | BN91: 1 | BO91: 6 | BP91: 1.2195122 | BQ91: 14.634146 | BR91: 15.853659 | BT91: 62
A92: 87 | B92: Nizami | C92: 70 | D92: məktəb-lisey | F92: 58.666667 | G92: 60 | H92: 52 | I92: =IF(F92="","",AVERAGE(F92:H92)) -> 56.888889 | J92: =IF(F92="","",SUM(F92:H92)) -> 170.66667 | K92: =IF(J92="","",(RANK(J92,$J$84:$J$109))) -> 3 | L92: =IF(J92="","",(RANK(J92,$J$6:$J$535))) -> 33 | P92: 122 | Q92: 52.704918 | R92: 48.163934 | S92: 61.487603 | T92: 54.09863 | U92: 162.35646 | V92: 12 | W92: 99 | X92: 16.393443 | Y92: 23.770492 | Z92: 15.702479 | AA92: 147 | AB92: 40.884784 | AC92: 62.016529 | AD92: 64.087153 | AE92: 55.662822 | AF92: 166.98847 | AG92: 2 | AH92: 45 | AI92: 30.578512 | AJ92: 8.3333333 | AK92: 9.0909091 | AL92: 142 | AM92: 63.385827 | AN92: 45.228346 | AO92: 71.91601 | AP92: 60.176728 | AQ92: 180.53018 | AR92: 4 | AS92: 40 | AT92: 4.7244094 | AU92: 22.834646 | AV92: 3.2258065 | AW92: =AVERAGE(P92,AA92,AL92) -> 137 | AX92: =AVERAGE(Q92,AB92,AM92) -> 52.325176 | AY92: =AVERAGE(R92,AC92,AN92) -> 51.802937 | AZ92: =AVERAGE(S92,AD92,AO92) -> 65.830255 | BA92: =AVERAGE(T92,AE92,AP92) -> 56.64606 | BB92: =AVERAGE(U92,AF92,AQ92) -> 169.95837 | BC92: =IF(BB92="","",(RANK(BB92,$BB$84:$BB$109))) -> 4 | BD92: =IF(BB92="","",(RANK(BB92,$BB$6:$BB$535))) -> 57 | BE92: =AVERAGE(M92,AI92,AT92) -> 17.651461 | BF92: =AVERAGE(N92,AJ92,AU92) -> 15.58399 | BG92: =AVERAGE(O92,AK92,AV92) -> 6.1583578 | BH92: 140 | BI92: 60.990647 | BJ92: 44.594964 | BK92: 49.510072 | BL92: 51.698561 | BM92: 155.09568 | BN92: 5 | BO92: 25 | BP92: 13.669065 | BQ92: 30.215827 | BR92: 30.215827 | BT92: 70
A93: 88 | B93: Nizami | C93: 109 | D93: tam orta məktəb | F93: 66.666667 | G93: 62.8 | H93: 58.333333 | I93: =IF(F93="","",AVERAGE(F93:H93)) -> 62.6 | J93: =IF(F93="","",SUM(F93:H93)) -> 187.8 | K93: =IF(J93="","",(RANK(J93,$J$84:$J$109))) -> 1 | L93: =IF(J93="","",(RANK(J93,$J$6:$J$535))) -> 14 | P93: 34 | Q93: 47.941176 | R93: 42.235294 | S93: 39.019608 | T93: 43.065359 | U93: 129.19608 | V93: 21 | W93: 239 | X93: 11.764706 | Y93: 14.705882 | Z93: 29.411765 | AA93: 36 | AB93: 35.828877 | AC93: 43.515152 | AD93: 33.608815 | AE93: 37.650948 | AF93: 112.95284 | AG93: 20 | AH93: 240 | AI93: 39.393939 | AJ93: 33.333333 | AK93: 33.333333 | AL93: 36 | AM93: 60.962567 | AN93: 48.873563 | AO93: 49.770432 | AP93: 53.202187 | AQ93: 159.60656 | AR93: 11 | AS93: 103 | AT93: 3.030303 | AU93: 21.212121 | AV93: 9.0909091 | AW93: =AVERAGE(P93,AA93,AL93) -> 35.333333 | AX93: =AVERAGE(Q93,AB93,AM93) -> 48.244207 | AY93: =AVERAGE(R93,AC93,AN93) -> 44.87467 | AZ93: =AVERAGE(S93,AD93,AO93) -> 40.799618 | BA93: =AVERAGE(T93,AE93,AP93) -> 44.639498 | BB93: =AVERAGE(U93,AF93,AQ93) -> 133.91849 | BC93: =IF(BB93="","",(RANK(BB93,$BB$84:$BB$109))) -> 21 | BD93: =IF(BB93="","",(RANK(BB93,$BB$6:$BB$535))) -> 202 | BE93: =AVERAGE(M93,AI93,AT93) -> 21.212121 | BF93: =AVERAGE(N93,AJ93,AU93) -> 27.272727 | BG93: =AVERAGE(O93,AK93,AV93) -> 21.212121 | BH93: 36 | BI93: 58.797143 | BJ93: 37.145714 | BK93: 33.531429 | BL93: 43.158095 | BM93: 129.47429 | BN93: 18 | BO93: 113 | BP93: 11.428571 | BQ93: 42.857143 | BR93: 48.571429 | BT93: 109
A94: 89 | B94: Nizami | C94: 129 | D94: tam orta məktəb | F94: 61.666667 | G94: 60 | H94: 51.333333 | I94: =IF(F94="","",AVERAGE(F94:H94)) -> 57.666667 | J94: =IF(F94="","",SUM(F94:H94)) -> 173 | K94: =IF(J94="","",(RANK(J94,$J$84:$J$109))) -> 2 | L94: =IF(J94="","",(RANK(J94,$J$6:$J$535))) -> 29 | P94: 96 | Q94: 66.25 | R94: 57.625 | S94: 63.4375 | T94: 62.4375 | U94: 187.3125 | V94: 5 | W94: 41 | X94: 6.25 | Y94: 17.894737 | Z94: 16.666667 | AA94: 105 | AB94: 43.498452 | AC94: 39.157895 | AD94: 61.052632 | AE94: 47.902993 | AF94: 143.70898 | AG94: 8 | AH94: 114 | AI94: 27.368421 | AJ94: 42.105263 | AK94: 12.631579 | AL94: 104 | AM94: 69.767442 | AN94: 30.76412 | AO94: 63.850889 | AP94: 54.79415 | AQ94: 164.38245 | AR94: 9 | AS94: 84 | AT94: 4.6511628 | AU94: 50 | AV94: 11.627907 | AW94: =AVERAGE(P94,AA94,AL94) -> 101.66667 | AX94: =AVERAGE(Q94,AB94,AM94) -> 59.838631 | AY94: =AVERAGE(R94,AC94,AN94) -> 42.515671 | AZ94: =AVERAGE(S94,AD94,AO94) -> 62.78034 | BA94: =AVERAGE(T94,AE94,AP94) -> 55.044881 | BB94: =AVERAGE(U94,AF94,AQ94) -> 165.13464 | BC94: =IF(BB94="","",(RANK(BB94,$BB$84:$BB$109))) -> 6 | BD94: =IF(BB94="","",(RANK(BB94,$BB$6:$BB$535))) -> 75 | BE94: =AVERAGE(M94,AI94,AT94) -> 16.009792 | BF94: =AVERAGE(N94,AJ94,AU94) -> 46.052632 | BG94: =AVERAGE(O94,AK94,AV94) -> 12.129743 | BH94: 103 | BI94: 65.819417 | BJ94: 45.034951 | BK94: 49.770874 | BL94: 53.541748 | BM94: 160.62524 | BN94: 4 | BO94: 15 | BP94: 7.7669903 | BQ94: 36.893204 | BR94: 32.038835 | BT94: 129
A95: 90 | B95: Nizami | C95: 145 | D95: tam orta məktəb | F95: 41.666667 | G95: 34.8 | H95: 41.666667 | I95: =IF(F95="","",AVERAGE(F95:H95)) -> 39.377778 | J95: =IF(F95="","",SUM(F95:H95)) -> 118.13333 | K95: =IF(J95="","",(RANK(J95,$J$84:$J$109))) -> 20 | L95: =IF(J95="","",(RANK(J95,$J$6:$J$535))) -> 200 | P95: 194 | Q95: 66.391753 | R95: 53.195876 | S95: 75.412371 | T95: 65 | U95: 195 | V95: 1 | W95: 23 | X95: 0.51546392 | Y95: 13.402062 | Z95: 1.0309278 | AA95: 202 | AB95: 21.173128 | AC95: 44.273684 | AD95: 69.824561 | AE95: 45.586791 | AF95: 135.27137 | AG95: 16 | AH95: 156 | AI95: 75.568182 | AJ95: 31.052632 | AK95: 7.3684211 | AL95: 190 | AM95: 69.303406 | AN95: 46.315789 | AO95: 77.45098 | AP95: 64.330753 | AQ95: 193.07018 | AR95: 2 | AS95: 21 | AT95: 4.7368421 | AU95: 25.263158 | AV95: 3.7037037 | AW95: =AVERAGE(P95,AA95,AL95) -> 195.33333 | AX95: =AVERAGE(Q95,AB95,AM95) -> 52.289429 | AY95: =AVERAGE(R95,AC95,AN95) -> 47.92845 | AZ95: =AVERAGE(S95,AD95,AO95) -> 74.229304 | BA95: =AVERAGE(T95,AE95,AP95) -> 58.305848 | BB95: =AVERAGE(U95,AF95,AQ95) -> 174.44718 | BC95: =IF(BB95="","",(RANK(BB95,$BB$84:$BB$109))) -> 2 | BD95: =IF(BB95="","",(RANK(BB95,$BB$6:$BB$535))) -> 42 | BE95: =AVERAGE(M95,AI95,AT95) -> 40.152512 | BF95: =AVERAGE(N95,AJ95,AU95) -> 28.157895 | BG95: =AVERAGE(O95,AK95,AV95) -> 5.5360624 | BH95: 203 | BI95: 71.192611 | BJ95: 43.446305 | BK95: 58.25468 | BL95: 57.631199 | BM95: 172.8936 | BN95: 3 | BO95: 9 | BP95: 3.4482759 | BQ95: 39.408867 | BR95: 13.793103 | BT95: 145
A96: 91 | B96: Nizami | C96: 201 | D96: tam orta məktəb | F96: 54.333333 | G96: 56.8 | H96: 50.333333 | I96: =IF(F96="","",AVERAGE(F96:H96)) -> 53.822222 | J96: =IF(F96="","",SUM(F96:H96)) -> 161.46667 | K96: =IF(J96="","",(RANK(J96,$J$84:$J$109))) -> 5 | L96: =IF(J96="","",(RANK(J96,$J$6:$J$535))) -> 48 | P96: 111 | Q96: 59.219219 | R96: 64.468468 | S96: 70.338983 | T96: 63.627521 | U96: 194.02667 | V96: 2 | W96: 24 | X96: 6.3063063 | Y96: 1.8018018 | Z96: 5.0847458 | AA96: 122 | AB96: 42.820069 | AC96: 48.823529 | AD96: 56.161616 | AE96: 46.798894 | AF96: 147.80521 | AG96: 7 | AH96: 102 | AI96: 26.470588 | AJ96: 17.647059 | AK96: 10 | AL96: 123 | AM96: 51.585928 | AN96: 24.705882 | AO96: 40.94579 | AP96: 39.0792 | AQ96: 117.2376 | AR96: 22 | AS96: 269 | AT96: 14.705882 | AU96: 70.588235 | AV96: 39.215686 | AW96: =AVERAGE(P96,AA96,AL96) -> 118.66667 | AX96: =AVERAGE(Q96,AB96,AM96) -> 51.208406 | AY96: =AVERAGE(R96,AC96,AN96) -> 45.999293 | AZ96: =AVERAGE(S96,AD96,AO96) -> 55.815463 | BA96: =AVERAGE(T96,AE96,AP96) -> 49.835205 | BB96: =AVERAGE(U96,AF96,AQ96) -> 153.02316 | BC96: =IF(BB96="","",(RANK(BB96,$BB$84:$BB$109))) -> 13 | BD96: =IF(BB96="","",(RANK(BB96,$BB$6:$BB$535))) -> 114 | BE96: =AVERAGE(M96,AI96,AT96) -> 20.588235 | BF96: =AVERAGE(N96,AJ96,AU96) -> 44.117647 | BG96: =AVERAGE(O96,AK96,AV96) -> 24.607843 | BH96: 119 | BI96: 51.622881 | BJ96: 32.609322 | BK96: 31.757627 | BL96: 38.663277 | BM96: 115.98983 | BN96: 21 | BO96: 194 | BP96: 21.186441 | BQ96: 50.847458 | BR96: 62.711864 | BT96: 201
A97: 92 | B97: Nizami | C97: 210 | D97: tam orta məktəb | F97: 53.333333 | G97: 52 | H97: 43.333333 | I97: =IF(F97="","",AVERAGE(F97:H97)) -> 49.555556 | J97: =IF(F97="","",SUM(F97:H97)) -> 148.66667 | K97: =IF(J97="","",(RANK(J97,$J$84:$J$109))) -> 8 | L97: =IF(J97="","",(RANK(J97,$J$6:$J$535))) -> 86 | P97: 96 | Q97: 58.993056 | R97: 49.136842 | S97: 58.280702 | T97: 55.482517 | U97: 166.4106 | V97: 9 | W97: 89 | X97: 6.25 | Y97: 28.421053 | Z97: 13.684211 | AA97: 102 | AB97: 50.309598 | AC97: 39.789474 | AD97: 52.282317 | AE97: 46.52706 | AF97: 142.38139 | AG97: 9 | AH97: 121 | AI97: 25.263158 | AJ97: 43.157895 | AK97: 27.848101 | AL97: 102 | AM97: 61.037318 | AN97: 31.21118 | AO97: 65.185422 | AP97: 52.51122 | AQ97: 157.43392 | AR97: 12 | AS97: 112 | AT97: 9.6774194 | AU97: 56.521739 | AV97: 18.888889 | AW97: =AVERAGE(P97,AA97,AL97) -> 100 | AX97: =AVERAGE(Q97,AB97,AM97) -> 56.77999 | AY97: =AVERAGE(R97,AC97,AN97) -> 40.045832 | AZ97: =AVERAGE(S97,AD97,AO97) -> 58.582814 | BA97: =AVERAGE(T97,AE97,AP97) -> 51.506932 | BB97: =AVERAGE(U97,AF97,AQ97) -> 155.40864 | BC97: =IF(BB97="","",(RANK(BB97,$BB$84:$BB$109))) -> 12 | BD97: =IF(BB97="","",(RANK(BB97,$BB$6:$BB$535))) -> 102 | BE97: =AVERAGE(M97,AI97,AT97) -> 17.470289 | BF97: =AVERAGE(N97,AJ97,AU97) -> 49.839817 | BG97: =AVERAGE(O97,AK97,AV97) -> 23.368495 | BH97: 102 | BI97: 62.910891 | BJ97: 43.661386 | BK97: 44.349505 | BL97: 50.307261 | BM97: 150.92178 | BN97: 7 | BO97: 31 | BP97: 8.9108911 | BQ97: 32.673267 | BR97: 40.594059 | BT97: 210
A98: 93 | B98: Nizami | C98: 214 | D98: tam orta məktəb | F98: 50 | G98: 49.2 | H98: 51 | I98: =IF(F98="","",AVERAGE(F98:H98)) -> 50.066667 | J98: =IF(F98="","",SUM(F98:H98)) -> 150.2 | K98: =IF(J98="","",(RANK(J98,$J$84:$J$109))) -> 7 | L98: =IF(J98="","",(RANK(J98,$J$6:$J$535))) -> 80 | P98: 159 | Q98: 52.327044 | R98: 42.264151 | S98: 56.561845 | T98: 50.384347 | U98: 151.15304 | V98: 17 | W98: 140 | X98: 17.610063 | Y98: 29.559748 | Z98: 22.641509 | AA98: 169 | AB98: 49.199443 | AC98: 33.56213 | AD98: 53.442823 | AE98: 45.401465 | AF98: 136.2044 | AG98: 14 | AH98: 149 | AI98: 23.668639 | AJ98: 43.786982 | AK98: 23.214286 | AL98: 169 | AM98: 53.428472 | AN98: 40.828402 | AO98: 53.567699 | AP98: 49.274858 | AQ98: 147.82457 | AR98: 17 | AS98: 150 | AT98: 20.710059 | AU98: 15.976331 | AV98: 23.076923 | AW98: =AVERAGE(P98,AA98,AL98) -> 165.66667 | AX98: =AVERAGE(Q98,AB98,AM98) -> 51.651653 | AY98: =AVERAGE(R98,AC98,AN98) -> 38.884894 | AZ98: =AVERAGE(S98,AD98,AO98) -> 54.524122 | BA98: =AVERAGE(T98,AE98,AP98) -> 48.353557 | BB98: =AVERAGE(U98,AF98,AQ98) -> 145.06067 | BC98: =IF(BB98="","",(RANK(BB98,$BB$84:$BB$109))) -> 17 | BD98: =IF(BB98="","",(RANK(BB98,$BB$6:$BB$535))) -> 145 | BE98: =AVERAGE(M98,AI98,AT98) -> 22.189349 | BF98: =AVERAGE(N98,AJ98,AU98) -> 29.881657 | BG98: =AVERAGE(O98,AK98,AV98) -> 23.145604 | BH98: 186 | BI98: 62.496774 | BJ98: 40.176882 | BK98: 49.034409 | BL98: 50.569355 | BM98: 151.70806 | BN98: 6 | BO98: 29 | BP98: 10.752688 | BQ98: 38.172043 | BR98: 31.72043 | BT98: 214
... A106: 101 | B106: Nizami | C106: 272 | D106: tam orta məktəb | F106: 49.666667 | G106: 34.8 | H106: 33.333333 | I106: =IF(F106="","",AVERAGE(F106:H106)) -> 39.266667 | J106: =IF(F106="","",SUM(F106:H106)) -> 117.8 | K106: =IF(J106="","",(RANK(J106,$J$84:$J$109))) -> 21 | L106: =IF(J106="","",(RANK(J106,$J$6:$J$535))) -> 206 | P106: 145 | Q106: 54.781609 | R106: 48.137931 | S106: 61.793103 | T106: 54.904215 | U106: 164.71264 | V106: 11 | W106: 94 | X106: 13.103448 | Y106: 20.689655 | Z106: 9.6551724 | AA106: 157 | AB106: 52.39819 | AC106: 45.251908 | AD106: 59.472588 | AE106: 52.391876 | AF106: 157.12269 | AG106: 4 | AH106: 76 | AI106: 12.307692 | AJ106: 30.534351 | AK106: 13.076923 | AL106: 159 | AM106: 62.885154 | AN106: 29.478458 | AO106: 62.394958 | AP106: 51.58619 | AQ106: 154.75857 | AR106: 15 | AS106: 124 | AT106: 6.3492063 | AU106: 49.206349 | AV106: 15.873016 | AW106: =AVERAGE(P106,AA106,AL106) -> 153.66667 | AX106: =AVERAGE(Q106,AB106,AM106) -> 56.688318 | AY106: =AVERAGE(R106,AC106,AN106) -> 40.956099 | AZ106: =AVERAGE(S106,AD106,AO106) -> 61.220217 | BA106: =AVERAGE(T106,AE106,AP106) -> 52.96076 | BB106: =AVERAGE(U106,AF106,AQ106) -> 158.86463 | BC106: =IF(BB106="","",(RANK(BB106,$BB$84:$BB$109))) -> 9 | BD106: =IF(BB106="","",(RANK(BB106,$BB$6:$BB$535))) -> 91 | BE106: =AVERAGE(M106,AI106,AT106) -> 9.3284493 | BF106: =AVERAGE(N106,AJ106,AU106) -> 39.87035 | BG106: =AVERAGE(O106,AK106,AV106) -> 14.474969 | BH106: 158 | BI106: 58.86242 | BJ106: 37.286624 | BK106: 44.567516 | BL106: 46.90552 | BM106: 140.71656 | BN106: 11 | BO106: 64 | BP106: 12.738854 | BQ106: 46.496815 | BR106: 42.038217 | BT106: 272
A107: 102 | B107: Nizami | C107: 277 | D107: TN | I107: =IF(F107="","",AVERAGE(F107:H107)) | J107: =IF(F107="","",SUM(F107:H107)) | K107: =IF(J107="","",(RANK(J107,$J$84:$J$109))) | L107: =IF(J107="","",(RANK(J107,$J$6:$J$535))) | AA107: 90 | AB107: 40.261438 | AC107: 51.466667 | AD107: 44.983165 | AE107: 45.570423 | AF107: 136.71127 | AG107: 13 | AH107: 146 | AI107: 34.444444 | AJ107: 15.555556 | AK107: 31.460674 | AL107: 94 | AM107: 49.561952 | AN107: 38.95818 | AO107: 50.386847 | AP107: 46.302327 | AQ107: 138.90698 | AR107: 19 | AS107: 195 | AT107: 15.957447 | AU107: 21.276596 | AV107: 10.869565 | AW107: =AVERAGE(P107,AA107,AL107) -> 92 | AX107: =AVERAGE(Q107,AB107,AM107) -> 44.911695 | AY107: =AVERAGE(R107,AC107,AN107) -> 45.212424 | AZ107: =AVERAGE(S107,AD107,AO107) -> 47.685006 | BA107: =AVERAGE(T107,AE107,AP107) -> 45.936375 | BB107: =AVERAGE(U107,AF107,AQ107) -> 137.80912 | BC107: =IF(BB107="","",(RANK(BB107,$BB$84:$BB$109))) -> 19 | BD107: =IF(BB107="","",(RANK(BB107,$BB$6:$BB$535))) -> 177 | BE107: =AVERAGE(M107,AI107,AT107) -> 25.200946 | BF107: =AVERAGE(N107,AJ107,AU107) -> 18.416076 | BG107: =AVERAGE(O107,AK107,AV107) -> 21.16512 | BH107: 96 | BI107: 38.476842 | BJ107: 16.921053 | BK107: 26.190526 | BL107: 27.19614 | BM107: 81.588421 | BN107: 23 | BO107: 299 | BP107: 42.105263 | BQ107: 83.157895 | BR107: 75.789474 | BT107: 277
A108: 103 | B108: Nizami | C108: 312 | D108: tam orta məktəb | F108: 49.666667 | G108: 55.6 | H108: 36.666667 | I108: =IF(F108="","",AVERAGE(F108:H108)) -> 47.311111 | J108: =IF(F108="","",SUM(F108:H108)) -> 141.93333 | K108: =IF(J108="","",(RANK(J108,$J$84:$J$109))) -> 10 | L108: =IF(J108="","",(RANK(J108,$J$6:$J$535))) -> 119 | P108: 36 | Q108: 43.148148 | R108: 61.222222 | S108: 49.537037 | T108: 51.302469 | U108: 153.90741 | V108: 16 | W108: 125 | X108: 19.444444 | Y108: 8.5714286 | Z108: 30.555556 | AA108: 36 | AB108: 39.95098 | AC108: 50.888889 | AD108: 40.824916 | AE108: 43.888262 | AF108: 131.66479 | AG108: 17 | AH108: 168 | AI108: 33.333333 | AJ108: 13.888889 | AK108: 22.222222 | AL108: 37 | AM108: 55.637255 | AN108: 42.460317 | AO108: 49.346405 | AP108: 49.147993 | AQ108: 147.44398 | AR108: 18 | AS108: 156 | AT108: 16.666667 | AU108: 22.222222 | AV108: 22.222222 | AW108: =AVERAGE(P108,AA108,AL108) -> 36.333333 | AX108: =AVERAGE(Q108,AB108,AM108) -> 46.245461 | AY108: =AVERAGE(R108,AC108,AN108) -> 51.52381 | AZ108: =AVERAGE(S108,AD108,AO108) -> 46.569453 | BA108: =AVERAGE(T108,AE108,AP108) -> 48.112908 | BB108: =AVERAGE(U108,AF108,AQ108) -> 144.33872 | BC108: =IF(BB108="","",(RANK(BB108,$BB$84:$BB$109))) -> 18 | BD108: =IF(BB108="","",(RANK(BB108,$BB$6:$BB$535))) -> 147 | BE108: =AVERAGE(M108,AI108,AT108) -> 25 | BF108: =AVERAGE(N108,AJ108,AU108) -> 18.055556 | BG108: =AVERAGE(O108,AK108,AV108) -> 22.222222 | BH108: 37 | BI108: 56.07027 | BJ108: 39.732432 | BK108: 33.7 | BL108: 43.167568 | BM108: 129.5027 | BN108: 17 | BO108: 112 | BP108: 21.621622 | BQ108: 37.837838 | BR108: 48.648649 | BT108: 312
A109: 104 | B109: Nizami | C109: 328 | D109: tam orta məktəb | F109: 46.666667 | G109: 38.4 | H109: 38 | I109: =IF(F109="","",AVERAGE(F109:H109)) -> 41.022222 | J109: =IF(F109="","",SUM(F109:H109)) -> 123.06667 | K109: =IF(J109="","",(RANK(J109,$J$84:$J$109))) -> 18 | L109: =IF(J109="","",(RANK(J109,$J$6:$J$535))) -> 180 | P109: 78 | Q109: 47.307692 | R109: 49.897436 | S109: 49.273504 | T109: 48.826211 | U109: 146.47863 | V109: 19 | W109: 160 | X109: 25.641026 | Y109: 25.641026 | Z109: 32.051282 | AA109: 82 | AB109: 40.750213 | AC109: 60.289855 | AD109: 54.369785 | AE109: 51.803284 | AF109: 155.40985 | AG109: 5 | AH109: 81 | AI109: 24.637681 | AJ109: 14.492754 | AK109: 17.391304 | AL109: 85 | AM109: 65.71554 | AN109: 56.759062 | AO109: 70.807726 | AP109: 64.427443 | AQ109: 193.28233 | AR109: 1 | AS109: 20 | AT109: 2.9850746 | AU109: 10.447761 | AV109: 4.4776119 | AW109: =AVERAGE(P109,AA109,AL109) -> 81.666667 | AX109: =AVERAGE(Q109,AB109,AM109) -> 51.257815 | AY109: =AVERAGE(R109,AC109,AN109) -> 55.648784 | AZ109: =AVERAGE(S109,AD109,AO109) -> 58.150338 | BA109: =AVERAGE(T109,AE109,AP109) -> 55.018979 | BB109: =AVERAGE(U109,AF109,AQ109) -> 165.05694 | BC109: =IF(BB109="","",(RANK(BB109,$BB$84:$BB$109))) -> 7 | BD109: =IF(BB109="","",(RANK(BB109,$BB$6:$BB$535))) -> 76 | BE109: =AVERAGE(M109,AI109,AT109) -> 13.811378 | BF109: =AVERAGE(N109,AJ109,AU109) -> 12.470257 | BG109: =AVERAGE(O109,AK109,AV109) -> 10.934458 | BH109: 85 | BI109: 55.696471 | BJ109: 39.52 | BK109: 41.727059 | BL109: 45.647843 | BM109: 136.94353 | BN109: 14 | BO109: 86 | BP109: 18.823529 | BQ109: 45.882353 | BR109: 36.470588 | BT109: 328
A110: 105 | B110: Pirallahı | C110: 131 | D110: tam orta məktəb | F110: 40.466667 | G110: 48 | H110: 34.266667 | I110: =IF(F110="","",AVERAGE(F110:H110)) -> 40.911111 | J110: =IF(F110="","",SUM(F110:H110)) -> 122.73333 | K110: =IF(J110="","",(RANK(J110,$J$110:$J$115))) -> 2 | L110: =IF(J110="","",(RANK(J110,$J$6:$J$535))) -> 182 | P110: 7 | Q110: 34.761905 | R110: 44 | S110: 30.47619 | T110: 36.412698 | U110: 109.2381 | V110: 4 | W110: 290 | X110: 42.857143 | Y110: 0 | Z110: 42.857143 | AA110: 10 | AB110: 27.941176 | AC110: 25.6 | AD110: 26.363636 | AE110: 26.634938 | AF110: 79.904813 | AG110: 6 | AH110: 305 | AI110: 70 | AJ110: 70 | AK110: 60 | AL110: 10 | AM110: 44.117647 | AN110: 38.285714 | AO110: 39.411765 | AP110: 40.605042 | AQ110: 121.81513 | AR110: 5 | AS110: 257 | AT110: 30 | AU110: 30 | AV110: 40 | AW110: =AVERAGE(P110,AA110,AL110) -> 9 | AX110: =AVERAGE(Q110,AB110,AM110) -> 35.606909 | AY110: =AVERAGE(R110,AC110,AN110) -> 35.961905 | AZ110: =AVERAGE(S110,AD110,AO110) -> 32.083864 | BA110: =AVERAGE(T110,AE110,AP110) -> 34.550893 | BB110: =AVERAGE(U110,AF110,AQ110) -> 103.65268 | BC110: =IF(BB110="","",(RANK(BB110,$BB$110:$BB$115))) -> 4 | BD110: =IF(BB110="","",(RANK(BB110,$BB$6:$BB$535))) -> 292 | BE110: =AVERAGE(M110,AI110,AT110) -> 50 | BF110: =AVERAGE(N110,AJ110,AU110) -> 50 | BG110: =AVERAGE(O110,AK110,AV110) -> 50 | BH110: 10 | BI110: 33.74 | BJ110: 26.42 | BK110: 26.46 | BL110: 28.873333 | BM110: 86.62 | BN110: 5 | BO110: 292 | BP110: 50 | BQ110: 70 | BR110: 70 | BT110: 131
A111: 106 | B111: Pirallahı | C111: 168 | D111: tam orta məktəb | F111: 53.333333 | G111: 29.6 | I111: =IF(F111="","",AVERAGE(F111:H111)) -> 41.466667 | J111: =IF(F111="","",SUM(F111:H111)) -> 82.933333 | K111: =IF(J111="","",(RANK(J111,$J$110:$J$115))) -> 6 | L111: =IF(J111="","",(RANK(J111,$J$6:$J$535))) -> 290 | P111: 51 | Q111: 42.026144 | R111: 28.078431 | T111: 35.052288 | U111: 70.104575 | V111: 6 | W111: 306 | X111: 23.529412 | Y111: 66.666667 | AA111: 54 | AB111: 42.230855 | AC111: 51.320755 | AE111: 46.775805 | AF111: 93.551609 | AG111: 4 | AH111: 296 | AI111: 11.320755 | AJ111: 5.6603774 | AL111: 55 | AM111: 54.4406 | AN111: 46.498599 | AO111: 41.705882 | AP111: 47.551766 | AQ111: 142.64508 | AR111: 2 | AS111: 175 | AT111: 17.647059 | AU111: 19.607843 | AV111: 44 | AW111: =AVERAGE(P111,AA111,AL111) -> 53.333333 | AX111: =AVERAGE(Q111,AB111,AM111) -> 46.232533 | AY111: =AVERAGE(R111,AC111,AN111) -> 41.965929 | AZ111: =AVERAGE(S111,AD111,AO111) -> 41.705882 | BA111: =AVERAGE(T111,AE111,AP111) -> 43.126619 | BB111: =AVERAGE(U111,AF111,AQ111) -> 102.10042 | BC111: =IF(BB111="","",(RANK(BB111,$BB$110:$BB$115))) -> 5 | BD111: =IF(BB111="","",(RANK(BB111,$BB$6:$BB$535))) -> 293 | BE111: =AVERAGE(M111,AI111,AT111) -> 14.483907 | BF111: =AVERAGE(N111,AJ111,AU111) -> 12.63411 | BG111: =AVERAGE(O111,AK111,AV111) -> 44 | BH111: 53 | BI111: 44.65283 | BJ111: 24.773585 | BK111: 30.907547 | BL111: 33.444654 | BM111: 100.33396 | BN111: 4 | BO111: 266 | BP111: 28.301887 | BQ111: 73.584906 | BR111: 60.377358 | BT111: 168
A112: 107 | B112: Pirallahı | C112: 186 | D112: tam orta məktəb | F112: 56.666667 | G112: 60 | H112: 20 | I112: =IF(F112="","",AVERAGE(F112:H112)) -> 45.555556 | J112: =IF(F112="","",SUM(F112:H112)) -> 136.66667 | K112: =IF(J112="","",(RANK(J112,$J$110:$J$115))) -> 1 | L112: =IF(J112="","",(RANK(J112,$J$6:$J$535))) -> 135 | P112: 42 | Q112: 51.904762 | R112: 52 | S112: 47.307692 | T112: 50.854545 | U112: 151.21245 | V112: 1 | W112: 139 | X112: 16.666667 | Y112: 19.047619 | Z112: 38.461538 | AA112: 40 | AB112: 50.220588 | AC112: 48.9 | AD112: 48.121212 | AE112: 49.029204 | AF112: 147.2418 | AG112: 1 | AH112: 103 | AI112: 15 | AJ112: 32.5 | AK112: 32 | AL112: 45 | AM112: 61.24183 | AN112: 44.888889 | AO112: 53.856209 | AP112: 53.328976 | AQ112: 159.98693 | AR112: 1 | AS112: 101 | AT112: 6.6666667 | AU112: 17.777778 | AV112: 17.777778 | AW112: =AVERAGE(P112,AA112,AL112) -> 42.333333 | AX112: =AVERAGE(Q112,AB112,AM112) -> 54.455727 | AY112: =AVERAGE(R112,AC112,AN112) -> 48.596296 | AZ112: =AVERAGE(S112,AD112,AO112) -> 49.761705 | BA112: =AVERAGE(T112,AE112,AP112) -> 51.070908 | BB112: =AVERAGE(U112,AF112,AQ112) -> 152.81373 | BC112: =IF(BB112="","",(RANK(BB112,$BB$110:$BB$115))) -> 1 | BD112: =IF(BB112="","",(RANK(BB112,$BB$6:$BB$535))) -> 115 | BE112: =AVERAGE(M112,AI112,AT112) -> 10.833333 | BF112: =AVERAGE(N112,AJ112,AU112) -> 25.138889 | BG112: =AVERAGE(O112,AK112,AV112) -> 24.888889 | BH112: 46 | BI112: 60.086667 | BJ112: 34.095556 | BK112: 35.882222 | BL112: 43.354815 | BM112: 130.06444 | BN112: 1 | BO112: 109 | BP112: 11.111111 | BQ112: 55.555556 | BR112: 48.888889 | BT112: 186
A113: 108 | B113: Pirallahı | C113: 231 | D113: tam orta məktəb | F113: 40 | G113: 32 | H113: 30 | I113: =IF(F113="","",AVERAGE(F113:H113)) -> 34 | J113: =IF(F113="","",SUM(F113:H113)) -> 102 | K113: =IF(J113="","",(RANK(J113,$J$110:$J$115))) -> 4 | L113: =IF(J113="","",(RANK(J113,$J$6:$J$535))) -> 255 | P113: 18 | Q113: 40.925926 | R113: 39.333333 | S113: 34.259259 | T113: 38.17284 | U113: 114.51852 | V113: 3 | W113: 281 | X113: 33.333333 | Y113: 44.444444 | Z113: 55.555556 | AA113: 18 | AB113: 31.20915 | AC113: 50.222222 | AD113: 38.552189 | AE113: 39.99452 | AF113: 119.98356 | AG113: 2 | AH113: 216 | AI113: 44.444444 | AJ113: 22.222222 | AK113: 27.777778 | AL113: 18 | AM113: 48.269896 | AN113: 42.857143 | AO113: 38.581315 | AP113: 43.236118 | AQ113: 129.70835 | AR113: 4 | AS113: 234 | AT113: 11.764706 | AU113: 17.647059 | AV113: 29.411765 | AW113: =AVERAGE(P113,AA113,AL113) -> 18 | AX113: =AVERAGE(Q113,AB113,AM113) -> 40.134991 | AY113: =AVERAGE(R113,AC113,AN113) -> 44.137566 | AZ113: =AVERAGE(S113,AD113,AO113) -> 37.130921 | BA113: =AVERAGE(T113,AE113,AP113) -> 40.467826 | BB113: =AVERAGE(U113,AF113,AQ113) -> 121.40348 | BC113: =IF(BB113="","",(RANK(BB113,$BB$110:$BB$115))) -> 3 | BD113: =IF(BB113="","",(RANK(BB113,$BB$6:$BB$535))) -> 257 | BE113: =AVERAGE(M113,AI113,AT113) -> 28.104575 | BF113: =AVERAGE(N113,AJ113,AU113) -> 19.934641 | BG113: =AVERAGE(O113,AK113,AV113) -> 28.594771 | BH113: 18 | BI113: 42.638889 | BJ113: 31.983333 | BK113: 29.405556 | BL113: 34.675926 | BM113: 104.02778 | BN113: 3 | BO113: 256 | BP113: 33.333333 | BQ113: 44.444444 | BR113: 55.555556 | BT113: 231
A114: 109 | B114: Pirallahı | C114: 235 | D114: tam orta məktəb | F114: 36.666667 | G114: 36.76 | H114: 24.933333 | I114: =IF(F114="","",AVERAGE(F114:H114)) -> 32.786667 | J114: =IF(F114="","",SUM(F114:H114)) -> 98.36 | K114: =IF(J114="","",(RANK(J114,$J$110:$J$115))) -> 5 | L114: =IF(J114="","",(RANK(J114,$J$6:$J$535))) -> 264 | P114: 54 | Q114: 42.407407 | R114: 32.37037 | S114: 40.555556 | T114: 38.444444 | U114: 115.33333 | V114: 2 | W114: 279 | X114: 20.37037 | Y114: 48.148148 | Z114: 42.592593 | AA114: 56 | AB114: 37.972689 | AC114: 39.142857 | AD114: 38.636364 | AE114: 38.58397 | AF114: 115.75191 | AG114: 3 | AH114: 227 | AI114: 30.357143 | AJ114: 25 | AK114: 35.714286 | AL114: 56 | AM114: 51.523109 | AN114: 32.346939 | AO114: 53.413866 | AP114: 45.761305 | AQ114: 137.28391 | AR114: 3 | AS114: 202 | AT114: 7.1428571 | AU114: 44.642857 | AV114: 14.285714 | AW114: =AVERAGE(P114,AA114,AL114) -> 55.333333 | AX114: =AVERAGE(Q114,AB114,AM114) -> 43.967735 | AY114: =AVERAGE(R114,AC114,AN114) -> 34.620055 | AZ114: =AVERAGE(S114,AD114,AO114) -> 44.201928 | BA114: =AVERAGE(T114,AE114,AP114) -> 40.929906 | BB114: =AVERAGE(U114,AF114,AQ114) -> 122.78972 | BC114: =IF(BB114="","",(RANK(BB114,$BB$110:$BB$115))) -> 2 | BD114: =IF(BB114="","",(RANK(BB114,$BB$6:$BB$535))) -> 248 | BE114: =AVERAGE(M114,AI114,AT114) -> 18.75 | BF114: =AVERAGE(N114,AJ114,AU114) -> 34.821429 | BG114: =AVERAGE(O114,AK114,AV114) -> 25 | BH114: 56 | BI114: 52.903571 | BJ114: 30.491071 | BK114: 30.826786 | BL114: 38.07381 | BM114: 114.22143 | BN114: 2 | BO114: 211 | BP114: 16.071429 | BQ114: 60.714286 | BR114: 58.928571 | BT114: 235
A115: 110 | B115: Pirallahı | C115: 243 | D115: tam orta məktəb | F115: 40 | G115: 40 | H115: 30 | I115: =IF(F115="","",AVERAGE(F115:H115)) -> 36.666667 | J115: =IF(F115="","",SUM(F115:H115)) -> 110 | K115: =IF(J115="","",(RANK(J115,$J$110:$J$115))) -> 3 | L115: =IF(J115="","",(RANK(J115,$J$6:$J$535))) -> 229 | P115: 15 | Q115: 29.111111 | R115: 21.333333 | S115: 25.111111 | T115: 25.185185 | U115: 75.555556 | V115: 5 | W115: 303 | X115: 73.333333 | Y115: 86.666667 | Z115: 80 | AA115: 17 | AB115: 24.221453 | AC115: 32.235294 | AD115: 28.163993 | AE115: 28.206913 | AF115: 84.62074 | AG115: 5 | AH115: 302 | AI115: 64.705882 | AJ115: 47.058824 | AK115: 64.705882 | AL115: 17 | AM115: 31.83391 | AN115: 7.2268908 | AO115: 21.453287 | AP115: 20.171363 | AQ115: 60.514088 | AR115: 6 | AS115: 308 | AT115: 47.058824 | AU115: 100 | AV115: 82.352941 | AW115: =AVERAGE(P115,AA115,AL115) -> 16.333333 | AX115: =AVERAGE(Q115,AB115,AM115) -> 28.388825 | AY115: =AVERAGE(R115,AC115,AN115) -> 20.265173 | AZ115: =AVERAGE(S115,AD115,AO115) -> 24.909464 | BA115: =AVERAGE(T115,AE115,AP115) -> 24.521154 | BB115: =AVERAGE(U115,AF115,AQ115) -> 73.563461 | BC115: =IF(BB115="","",(RANK(BB115,$BB$110:$BB$115))) -> 6 | BD115: =IF(BB115="","",(RANK(BB115,$BB$6:$BB$535))) -> 306 | BE115: =AVERAGE(M115,AI115,AT115) -> 55.882353 | BF115: =AVERAGE(N115,AJ115,AU115) -> 73.529412 | BG115: =AVERAGE(O115,AK115,AV115) -> 73.529412 | BH115: 17 | BI115: 38.823529 | BJ115: 18.717647 | BK115: 19.370588 | BL115: 25.637255 | BM115: 76.911765 | BN115: 6 | BO115: 304 | BP115: 35.294118 | BQ115: 82.352941 | BR115: 94.117647 | BT115: 243
A116: 111 | B116: Qaradağ | C116: 7u | D116: UGİM | I116: =IF(F116="","",AVERAGE(F116:H116)) | J116: =IF(F116="","",SUM(F116:H116)) | K116: =IF(J116="","",(RANK(J116,$J$116:$J$142))) | L116: =IF(J116="","",(RANK(J116,$J$6:$J$535))) | BC116: =IF(BB116="","",(RANK(BB116,$BB$116:$BB$142))) | BD116: =IF(BB116="","",(RANK(BB116,$BB$6:$BB$535))) | BT116: 7
A117: 112 | B117: Qaradağ | C117: 105 | D117: tam orta məktəb | F117: 36.666667 | G117: 42 | H117: 31.333333 | I117: =IF(F117="","",AVERAGE(F117:H117)) -> 36.666667 | J117: =IF(F117="","",SUM(F117:H117)) -> 110 | K117: =IF(J117="","",(RANK(J117,$J$116:$J$142))) -> 15 | L117: =IF(J117="","",(RANK(J117,$J$6:$J$535))) -> 230 | P117: 23 | Q117: 40.144928 | R117: 32.347826 | S117: 30.57971 | T117: 34.357488 | U117: 103.07246 | V117: 23 | W117: 297 | X117: 34.782609 | Y117: 47.826087 | Z117: 56.521739 | AA117: 27 | AB117: 27.573529 | AC117: 30 | AD117: 26.010101 | AE117: 27.86121 | AF117: 83.58363 | AG117: 24 | AH117: 303 | AI117: 70.833333 | AJ117: 62.5 | AK117: 75 | AL117: 27 | AM117: 35.805627 | AN117: 21.987578 | AO117: 22.890026 | AP117: 26.89441 | AQ117: 80.68323 | AR117: 23 | AS117: 303 | AT117: 47.826087 | AU117: 86.956522 | AV117: 78.26087 | AW117: =AVERAGE(P117,AA117,AL117) -> 25.666667 | AX117: =AVERAGE(Q117,AB117,AM117) -> 34.508028 | AY117: =AVERAGE(R117,AC117,AN117) -> 28.111801 | AZ117: =AVERAGE(S117,AD117,AO117) -> 26.493279 | BA117: =AVERAGE(T117,AE117,AP117) -> 29.704369 | BB117: =AVERAGE(U117,AF117,AQ117) -> 89.113108 | BC117: =IF(BB117="","",(RANK(BB117,$BB$116:$BB$142))) -> 24 | BD117: =IF(BB117="","",(RANK(BB117,$BB$6:$BB$535))) -> 305 | BE117: =AVERAGE(M117,AI117,AT117) -> 59.32971 | BF117: =AVERAGE(N117,AJ117,AU117) -> 74.728261 | BG117: =AVERAGE(O117,AK117,AV117) -> 76.630435 | BH117: 27 | BI117: 28.696154 | BJ117: 13.692308 | BK117: 18.888462 | BL117: 20.425641 | BM117: 61.276923 | BN117: 25 | BO117: 310 | BP117: 61.538462 | BQ117: 92.307692 | BR117: 92.307692 | BT117: 105
A118: 113 | B118: Qaradağ | C118: 106 | D118: tam orta məktəb | F118: 39.333333 | G118: 60 | H118: 49.333333 | I118: =IF(F118="","",AVERAGE(F118:H118)) -> 49.555556 | J118: =IF(F118="","",SUM(F118:H118)) -> 148.66667 | K118: =IF(J118="","",(RANK(J118,$J$116:$J$142))) -> 6 | L118: =IF(J118="","",(RANK(J118,$J$6:$J$535))) -> 86 | P118: 140 | Q118: 54.833333 | R118: 56.057143 | S118: 59.333333 | T118: 56.74127 | U118: 170.22381 | V118: 3 | W118: 83 | X118: 16.428571 | Y118: 17.857143 | Z118: 12.857143 | AA118: 144 | AB118: 45.13256 | AC118: 53.605634 | AD118: 52.390098 | AE118: 50.376097 | AF118: 151.12829 | AG118: 4 | AH118: 92 | AI118: 21.830986 | AJ118: 9.8591549 | AK118: 14.788732 | AL118: 143 | AM118: 57.482699 | AN118: 42.941176 | AO118: 55.557958 | AP118: 51.993945 | AQ118: 155.98183 | AR118: 5 | AS118: 117 | AT118: 15.441176 | AU118: 23.529412 | AV118: 12.5 | AW118: =AVERAGE(P118,AA118,AL118) -> 142.33333 | AX118: =AVERAGE(Q118,AB118,AM118) -> 52.482864 | AY118: =AVERAGE(R118,AC118,AN118) -> 50.867984 | AZ118: =AVERAGE(S118,AD118,AO118) -> 55.760463 | BA118: =AVERAGE(T118,AE118,AP118) -> 53.037104 | BB118: =AVERAGE(U118,AF118,AQ118) -> 159.11131 | BC118: =IF(BB118="","",(RANK(BB118,$BB$116:$BB$142))) -> 3 | BD118: =IF(BB118="","",(RANK(BB118,$BB$6:$BB$535))) -> 90 | BE118: =AVERAGE(M118,AI118,AT118) -> 18.636081 | BF118: =AVERAGE(N118,AJ118,AU118) -> 16.694283 | BG118: =AVERAGE(O118,AK118,AV118) -> 13.644366 | BH118: 143 | BI118: 52.675887 | BJ118: 31.102837 | BK118: 35.795745 | BL118: 39.858156 | BM118: 119.57447 | BN118: 7 | BO118: 167 | BP118: 20.567376 | BQ118: 58.156028 | BR118: 54.609929 | BT118: 106
A119: 114 | B119: Qaradağ | C119: 110 | D119: tam orta məktəb | F119: 44.333333 | G119: 37.2 | H119: 20 | I119: =IF(F119="","",AVERAGE(F119:H119)) -> 33.844444 | J119: =IF(F119="","",SUM(F119:H119)) -> 101.53333 | K119: =IF(J119="","",(RANK(J119,$J$116:$J$142))) -> 18 | L119: =IF(J119="","",(RANK(J119,$J$6:$J$535))) -> 257 | P119: 65 | Q119: 39.794872 | R119: 47.876923 | S119: 42 | T119: 43.223932 | U119: 129.67179 | V119: 14 | W119: 238 | X119: 32.307692 | Y119: 24.615385 | Z119: 38.461538 | AA119: 67 | AB119: 33.676471 | AC119: 44.40678 | AD119: 35.695942 | AE119: 37.611052 | AF119: 113.77919 | AG119: 19 | AH119: 237 | AI119: 40 | AJ119: 20.338983 | AK119: 40.677966 | AL119: 67 | AM119: 57.904412 | AN119: 31.517857 | AO119: 37.913603 | AP119: 42.445291 | AQ119: 127.33587 | AR119: 16 | AS119: 243 | AT119: 17.1875 | AU119: 51.5625 | AV119: 43.75 | AW119: =AVERAGE(P119,AA119,AL119) -> 66.333333 | AX119: =AVERAGE(Q119,AB119,AM119) -> 43.791918 | AY119: =AVERAGE(R119,AC119,AN119) -> 41.267187 | AZ119: =AVERAGE(S119,AD119,AO119) -> 38.536515 | BA119: =AVERAGE(T119,AE119,AP119) -> 41.093425 | BB119: =AVERAGE(U119,AF119,AQ119) -> 123.59562 | BC119: =IF(BB119="","",(RANK(BB119,$BB$116:$BB$142))) -> 16 | BD119: =IF(BB119="","",(RANK(BB119,$BB$6:$BB$535))) -> 246 | BE119: =AVERAGE(M119,AI119,AT119) -> 28.59375 | BF119: =AVERAGE(N119,AJ119,AU119) -> 35.950742 | BG119: =AVERAGE(O119,AK119,AV119) -> 42.213983 | BH119: 66 | BI119: 48.515152 | BJ119: 36.669697 | BK119: 28.290909 | BL119: 37.825253 | BM119: 113.47576 | BN119: 12 | BO119: 213 | BP119: 16.666667 | BQ119: 54.545455 | BR119: 65.151515 | BT119: 110
...
