Workbook

Sheet Təlimat
A1: Dəyərli sinif rəhbərləri, bildiyiniz kimi müəllimlərin təhsil müəssisələrində şagird nailiyyətlərinin artırılması üzrə fəaliyyəti üç funksiya üzərində təşkil olunur. Təhsilləndirici, tərbiyəedici və inkişafetdirici funksiyalar kompleks icra olunmaqla şagirdin tam formalaşması prosesi baş verir. Bir çox hallarda təhsil müəssisələrində təhsilləndirici və tərbiyəedici funksiyaların yerinə yetirməsində o qədər də ciddi problemlər olmur. İnkişafetdirici funksiyanın həyata keçirilməsi digərləri ilə müqayisədə olduqca çətin və peşəkar inkişafı şərtləndirən fəaliyyətləri özündə əks etdirir. Eyni zamanda bu funksiyanın icrası digər iki funksiyanın daha səmərəli həyata keçirilməsinə də geniş şərait yaradır. İnkişafetdiricilik üçün hesabatlılıq və nailiyyətlərin müntəzəm izlənilməsi vacib olduğundan Bakı Şəhəri üzrə Təhsil İdarəsinin Təhsilin keyfiyyətinə nəzarət sektoru bu hesabat modelini sizin üçün hazırlamışdır. Hesabat modelinin yaradılmasında əsas məqsədlər müəllimlərin İKT biliklərinin səmərəli tətbiqini təşviq etmək, informasiyalar üzərində təhliletmə və pedaqoji fəaliyyətlərin rəqəmsal və qrafik-vizual görüntülərini yaratmaq səriştələrini formalaşdırmaqdır. Hesabat modeli sizə aşağıdakı imkanları təqdim edir: 1. Şagirdlərin nailiyyətlərini (uğurlarının və uğursuzluqlarının səbəblərini) ümümi şəkildə təhlil etmək; 2. Qiymətləndirmə səviyyələri üzrə dəqiq statistik məlumatlar əldə etmək bu məlumatlar əsasında qiymətləndirmələr arasındakı fərqləri, güclü və zəif tərəfləri aşkara çıxarmaq; 3. Sinfin orta bal göstəriciləri üzrə dinamikasını müəyyən etmək; 4. Şagirdlərin inkişafı üzrə dinamikanı və inkişafa təsir edən amillər arasında əlaqələri müəyyən etmək; 5. Fənn müəllimi, məktəb rəhbərliyi və təhsil idarəetmə orqanları tərəfindən aparılmış qiymətləndirmə və ya monitorinqlər arasındakı fərqləri müəyyən etmək; 6. Riskləri qabaqcadan müəyyən etməklə inkişafa dəstək olmaq üçün kompleks fəaliyyətləri tənzimləmək. 7. Bəzi xanaların mexaniki doldurulması ilə iş yükünü və hesablama işini azaltmaq.
A2: Sütunlarda və sətirlərdə verilən məlumatların doldurulması üçün qaydalar
A3: № | B3: Səhifə | C3: Sütun və ya sətirlərin adı | D3: Doldurulma qaydası | E3: Məlumatı daxil edən şəxs
A4: 1 | B4: Baza | C4: Tədris ili | D4: Sarı xanaya tədris ili qeyd edilir: 2022-2023 | E4: Sinif rəhbəri
A5: 2 | B5: Baza | C5: Şəhər | D5: Sarı xanaya yalnız Bakı qeyd edilir. | E5: Sinif rəhbəri
A6: 3 | B6: Baza | C6: Rayon | D6: Sarı xanaya təhsil müəssisəsinin yerləşdiyi rayon qeyd edilir: Binəqədi, Nəsimi və s. | E6: Sinif rəhbəri
A7: 4 | B7: Baza | C7: Məktəb indeksi | D7: Sarı xanaya təhsil müəssisəsinin indeksi (nömrə və ya abreviatura) yazılır: 1, 120, MLK, THL və s. | E7: Sinif rəhbəri
A8: 5 | B8: Baza | C8: Şagirdin UTİS kodu | D8: Şagirdin UTİS kodu qeyd edilir. UTİS kodu daxil etmək önəmlidir. Akademik nailiyyətlər UTİS kod üzrə təhlil olunur. UTİS kodların rəqəm formatında yazılması vacibdir. | E8: Sinif rəhbəri
A9: 6 | B9: Baza | C9: Sinif | D9: Sarı xanaya siniflər rəqəmlərlə qeyd edilir: 1, 2, 3, 4, 5, ..... 11 və s. | E9: Sinif rəhbəri
A10: 7 | B10: Baza | C10: İndeks | D10: Sarı xanaya siniflərin indeksi qeyd edilir: A,B,C,D,E və s. Tək siniflərə A qeyd olunur. | E10: Sinif rəhbəri
A11: 8 | B11: Baza | C11: Şagird (Soyad, ad, ata adı) | D11: Soyad, ad və ata adı ayrı-ayrı xanalara daxil edilir. | E11: Sinif rəhbəri
A12: 9 | B12: Baza | C12: Bölmə | D12: Sarı xanaya sinfin təhsil aldığı bölmə qeyd edilir: Azərbaycan bölməsi-A, Rus bölməsi-R | E12: Sinif rəhbəri
A13: 10 | B13: Baza | C13: Cins | D13: Şagirdin cinsi qeyd edilir: Qadın-Q, Kişi-K | E13: Sinif rəhbəri
A14: 11 | B14: Baza | C14: Doğum tarixi | D14: Şagirdin doğum tarixi qeyd edilir: 01.01.2010 formatında | E14: Sinif rəhbəri
A15: 12 | B15: Baza | C15: Mobil əlaqə nömrəsi | D15: Həm şagirdin, həm də valideynin mövcud olan və istifadə olunan mobil nömrələri qeyd edilir: 000 0000000 formatında | E15: Sinif rəhbəri
... A18: 15 | B18: Akademik nailiyyətlər | C18: Kod | D18: Qırmızı xanaya şagirdin UTİS kodu daxil edildikdə şagird haqqında bütün məlumatlar, "Sinif" yazdıqda ümumi sinif haqqında ətraflı məlumatlar əldə etmək mümkündür. Şagirdlərin UTİS kodlarının rəqəm formatında yazılması vacibdir. | E18: Sinif rəhbəri
A19: DİQQƏT! - Sətirləri və sütunları silmək olmaz. - Sinif rəhbəri yalnız sarı xanaları doldurur. - Fənn müəllimi yalnız ağ xanaları doldurur. - Yaşıl xanalar mexaniki doldurulur. - Şifrəyə müdaxilə etmək olmaz. - Şagirdlərin siyahısı yalnız sinif rəhbərinin verdiyi ardıcıllıqda olmalıdır. Siyahını dəyişdirmək qətiyyən olmaz. - Bəzi xanaların funksiyaları bir-biri ilə əlaqələndirildiyindən məlumatlar tam daxil edildikdən sonra digər məlumatlar görünür. Bu baxımdan əgər xanada mexaniki olaraq görülməli olan məlumat görünməzsə, hansısa əlaqəli məlumatın daxil edilməsinə diqqət etmək lazımdır.
A20: Fənnlərin kodları
A21: 101 | B21: Azərbaycan dili
A22: 102 | B22: Ədəbiyyat
A23: 104 | B23: Rus dili
A24: 106 | B24: İngilis dili
A25: 110 | B25: Riyaziyyat
A26: 114 | B26: İnformatika
A27: 115 | B27: Ümumi tarix
A28: 117 | B28: Azərbaycan tarixi
A29: 120 | B29: Coğrafiya
A30: 125 | B30: Fizika
A31: 127 | B31: Kimya
A32: 128 | B32: Həyat bilgisi
A33: 129 | B33: Biologiya
A34: 130 | B34: Çağırışaqədərki hazırlıq
A35: 131 | B35: Fiziki tərbiyə
A36: 132 | B36: Təsviri incəsənət
A37: 133 | B37: Musiqi
A38: 135 | B38: Texnologiya
A39: 181 | B39: Alman dili
... A44: 927 | B44: Təbiət

Sheet Baza
C1: Sinif haqqında ümumi məlumatlar | Q1: 101 | R1: Azərbaycan dili | BC1: 102 | BD1: Ədəbiyyat | CO1: 104 | CP1: Rus dili | EA1: 106 | EB1: İngilis dili | FM1: 110 | FN1: Riyaziyyat | GY1: 114 | GZ1: İnformatika | IK1: 115 | IL1: Ümumi tarix | JW1: 117 | JX1: Azərbaycan tarixi | LI1: 120 | LJ1: Coğrafiya | MU1: 125 | MV1: Fizika | OG1: 127 | OH1: Kimya | PS1: 128 | PT1: Həyat bilgisi | RE1: 129 | RF1: Biologiya | SQ1: 130 | SR1: Çağırışaqədərki hazırlıq | UC1: 131 | UD1: Fiziki tərbiyə | VO1: 132 | VP1: Təsviri incəsənət | XA1: 133 | XB1: Musiqi | YM1: 135 | YN1: Texnologiya | ZY1: 181 | ZZ1: Alman dili | ABK1: 182 | ABL1: Fransız dili | ACW1: 281 | ACX1: Rəqəmsal bacarıqlar | AEI1: 771 | AEJ1: STEAM | AFU1: 926 | AFV1: Zəfər tarixi | AHG1: 927 | AHH1: Təbiət
A2: =IF(A9="","",A9) -> 2023-2024 | B2: =IF(B9="","",B9) -> Bakı | C2: =IF(C9="","",C9) -> Binəqədi | D2: =IF(D9="","",D9) -> 99 | E2: Sinif | H2: =IF(F9="","",F9&G9) -> 8C | I2: =IF(K9="R","Rus",IF(K9="A","Azərbaycan","")) -> Azərbaycan | K2: =IF(K9="","",K9) -> A | L2: =SUM(L4,L6) -> 21 | P2: =IF(P9="","",P9) -> Ələkbərova Bahar Elimxan | R2: =IF(Q1="","",Q1) -> 101 | S2: =IF(S10="","",S10) | T2: =IFERROR(AVERAGE(T10:T59),"") | U2: =IFERROR(AVERAGE(U10:U59),"") | V2: =IFERROR(AVERAGE(V10:V59),"") | W2: =IFERROR(AVERAGE(W10:W59),"") | X2: =IFERROR(AVERAGE(X10:X59),"") | Y2: =IFERROR(AVERAGE(Y10:Y59),"") | Z2: =IFERROR(AVERAGE(Z10:Z59),"") | AA2: =IFERROR(AVERAGE(AA10:AA59),"") | ... AE2: =IFERROR(AVERAGE(AE10:AE59),"") | AF2: =IFERROR(SUM(AF10:AF59),"") -> 0 | AG2: =IFERROR(AVERAGE(AG10:AG59),"") | AH2: =IFERROR(AVERAGE(AH10:AH59),"") | AI2: =IFERROR(AVERAGE(AI10:AI59),"") | AJ2: =IFERROR(AVERAGE(AJ10:AJ59),"") | AK2: =IFERROR(AVERAGE(AK10:AK59),"") | AL2: =IFERROR(AVERAGE(AL10:AL59),"") | AM2: =IFERROR(AVERAGE(AM10:AM59),"") | AN2: =IFERROR(AVERAGE(AN10:AN59),"") | ... AR2: =IFERROR(AVERAGE(AR10:AR59),"") | AS2: =IFERROR(SUM(AS10:AS59),"") -> 0 | AT2: =IFERROR(AVERAGE(AT10:AT59),"") | AU2: =IFERROR(AVERAGE(AU10:AU59),"") | AV2: =IFERROR(AVERAGE(AV10:AV59),"") | AW2: =IFERROR(AVERAGE(AW10:AW59),"") | AX2: =IFERROR(AVERAGE(AX10:AX59),"") | AY2: =IFERROR(AVERAGE(AY10:AY59),"") | AZ2: =IFERROR(AVERAGE(AZ10:AZ59),"") | BA2: =IFERROR(SUM(BA10:BA59),"") -> 0 | BB2: =IFERROR(AVERAGE(BB10:BB59),"") | BD2: =IF(BC1="","",BC1) -> 102 | BE2: =IF(BE10="","",BE10) | BF2: =IFERROR(AVERAGE(BF10:BF59),"") | BG2: =IFERROR(AVERAGE(BG10:BG59),"") | BH2: =IFERROR(AVERAGE(BH10:BH59),"") | BI2: =IFERROR(AVERAGE(BI10:BI59),"") | BJ2: =IFERROR(AVERAGE(BJ10:BJ59),"") | BK2: =IFERROR(AVERAGE(BK10:BK59),"") | BL2: =IFERROR(AVERAGE(BL10:BL59),"") | BM2: =IFERROR(AVERAGE(BM10:BM59),"") | ... BQ2: =IFERROR(AVERAGE(BQ10:BQ59),"") | BR2: =IFERROR(SUM(BR10:BR59),"") -> 0 | BS2: =IFERROR(AVERAGE(BS10:BS59),"") | BT2: =IFERROR(AVERAGE(BT10:BT59),"") | BU2: =IFERROR(AVERAGE(BU10:BU59),"") | BV2: =IFERROR(AVERAGE(BV10:BV59),"") | BW2: =IFERROR(AVERAGE(BW10:BW59),"") | BX2: =IFERROR(AVERAGE(BX10:BX59),"") | BY2: =IFERROR(AVERAGE(BY10:BY59),"") | BZ2: =IFERROR(AVERAGE(BZ10:BZ59),"") | ... CD2: =IFERROR(AVERAGE(CD10:CD59),"") | CE2: =IFERROR(SUM(CE10:CE59),"") -> 0 | CF2: =IFERROR(AVERAGE(CF10:CF59),"") | CG2: =IFERROR(AVERAGE(CG10:CG59),"") | CH2: =IFERROR(AVERAGE(CH10:CH59),"") | CI2: =IFERROR(AVERAGE(CI10:CI59),"") | CJ2: =IFERROR(AVERAGE(CJ10:CJ59),"") | CK2: =IFERROR(AVERAGE(CK10:CK59),"") | CL2: =IFERROR(AVERAGE(CL10:CL59),"") | CM2: =IFERROR(SUM(CM10:CM59),"") -> 0 | CN2: =IFERROR(AVERAGE(CN10:CN59),"") | CP2: =IF(CO1="","",CO1) -> 104 | CQ2: =IF(CQ10="","",CQ10) | CR2: =IFERROR(AVERAGE(CR10:CR59),"") | CS2: =IFERROR(AVERAGE(CS10:CS59),"") | CT2: =IFERROR(AVERAGE(CT10:CT59),"") | CU2: =IFERROR(AVERAGE(CU10:CU59),"") | CV2: =IFERROR(AVERAGE(CV10:CV59),"") | CW2: =IFERROR(AVERAGE(CW10:CW59),"") | CX2: =IFERROR(AVERAGE(CX10:CX59),"") | CY2: =IFERROR(AVERAGE(CY10:CY59),"") | ... DC2: =IFERROR(AVERAGE(DC10:DC59),"") | DD2: =IFERROR(SUM(DD10:DD59),"") -> 0 | DE2: =IFERROR(AVERAGE(DE10:DE59),"") | DF2: =IFERROR(AVERAGE(DF10:DF59),"") | DG2: =IFERROR(AVERAGE(DG10:DG59),"") | DH2: =IFERROR(AVERAGE(DH10:DH59),"") | DI2: =IFERROR(AVERAGE(DI10:DI59),"") | DJ2: =IFERROR(AVERAGE(DJ10:DJ59),"") | DK2: =IFERROR(AVERAGE(DK10:DK59),"") | DL2: =IFERROR(AVERAGE(DL10:DL59),"") | ... DP2: =IFERROR(AVERAGE(DP10:DP59),"") | DQ2: =IFERROR(SUM(DQ10:DQ59),"") -> 0 | DR2: =IFERROR(AVERAGE(DR10:DR59),"") | DS2: =IFERROR(AVERAGE(DS10:DS59),"") | DT2: =IFERROR(AVERAGE(DT10:DT59),"") | DU2: =IFERROR(AVERAGE(DU10:DU59),"") | DV2: =IFERROR(AVERAGE(DV10:DV59),"") | DW2: =IFERROR(AVERAGE(DW10:DW59),"") | DX2: =IFERROR(AVERAGE(DX10:DX59),"") | DY2: =IFERROR(SUM(DY10:DY59),"") -> 0 | DZ2: =IFERROR(AVERAGE(DZ10:DZ59),"") | EB2: =IF(EA1="","",EA1) -> 106 | EC2: =IF(EC10="","",EC10) | ED2: =IFERROR(AVERAGE(ED10:ED59),"") | EE2: =IFERROR(AVERAGE(EE10:EE59),"") | EF2: =IFERROR(AVERAGE(EF10:EF59),"") | EG2: =IFERROR(AVERAGE(EG10:EG59),"") | EH2: =IFERROR(AVERAGE(EH10:EH59),"") | EI2: =IFERROR(AVERAGE(EI10:EI59),"") | EJ2: =IFERROR(AVERAGE(EJ10:EJ59),"") | EK2: =IFERROR(AVERAGE(EK10:EK59),"") | ... EO2: =IFERROR(AVERAGE(EO10:EO59),"") | EP2: =IFERROR(SUM(EP10:EP59),"") -> 0 | EQ2: =IFERROR(AVERAGE(EQ10:EQ59),"") | ER2: =IFERROR(AVERAGE(ER10:ER59),"") | ES2: =IFERROR(AVERAGE(ES10:ES59),"") | ET2: =IFERROR(AVERAGE(ET10:ET59),"") | EU2: =IFERROR(AVERAGE(EU10:EU59),"") | EV2: =IFERROR(AVERAGE(EV10:EV59),"") | EW2: =IFERROR(AVERAGE(EW10:EW59),"") | EX2: =IFERROR(AVERAGE(EX10:EX59),"") | ... FB2: =IFERROR(AVERAGE(FB10:FB59),"") | FC2: =IFERROR(SUM(FC10:FC59),"") -> 0 | FD2: =IFERROR(AVERAGE(FD10:FD59),"") | FE2: =IFERROR(AVERAGE(FE10:FE59),"") | FF2: =IFERROR(AVERAGE(FF10:FF59),"") | FG2: =IFERROR(AVERAGE(FG10:FG59),"") | FH2: =IFERROR(AVERAGE(FH10:FH59),"") | FI2: =IFERROR(AVERAGE(FI10:FI59),"") | FJ2: =IFERROR(AVERAGE(FJ10:FJ59),"") | FK2: =IFERROR(SUM(FK10:FK59),"") -> 0 | FL2: =IFERROR(AVERAGE(FL10:FL59),"") | FN2: =IF(FM1="","",FM1) -> 110 | FO2: =IF(FO10="","",FO10) | FP2: =IFERROR(AVERAGE(FP10:FP59),"") | FQ2: =IFERROR(AVERAGE(FQ10:FQ59),"") | FR2: =IFERROR(AVERAGE(FR10:FR59),"") | FS2: =IFERROR(AVERAGE(FS10:FS59),"") | FT2: =IFERROR(AVERAGE(FT10:FT59),"") | FU2: =IFERROR(AVERAGE(FU10:FU59),"") | FV2: =IFERROR(AVERAGE(FV10:FV59),"") | FW2: =IFERROR(AVERAGE(FW10:FW59),"") | ... GA2: =IFERROR(AVERAGE(GA10:GA59),"") | GB2: =IFERROR(SUM(GB10:GB59),"") -> 0 | GC2: =IFERROR(AVERAGE(GC10:GC59),"") | GD2: =IFERROR(AVERAGE(GD10:GD59),"") | GE2: =IFERROR(AVERAGE(GE10:GE59),"") | GF2: =IFERROR(AVERAGE(GF10:GF59),"") | GG2: =IFERROR(AVERAGE(GG10:GG59),"") | GH2: =IFERROR(AVERAGE(GH10:GH59),"") | GI2: =IFERROR(AVERAGE(GI10:GI59),"") | GJ2: =IFERROR(AVERAGE(GJ10:GJ59),"") | ... GN2: =IFERROR(AVERAGE(GN10:GN59),"") | GO2: =IFERROR(SUM(GO10:GO59),"") -> 0 | GP2: =IFERROR(AVERAGE(GP10:GP59),"") | GQ2: =IFERROR(AVERAGE(GQ10:GQ59),"") | GR2: =IFERROR(AVERAGE(GR10:GR59),"") | GS2: =IFERROR(AVERAGE(GS10:GS59),"") | GT2: =IFERROR(AVERAGE(GT10:GT59),"") | GU2: =IFERROR(AVERAGE(GU10:GU59),"") | GV2: =IFERROR(AVERAGE(GV10:GV59),"") | GW2: =IFERROR(SUM(GW10:GW59),"") -> 0 | GX2: =IFERROR(AVERAGE(GX10:GX59),"") | GZ2: =IF(GY1="","",GY1) -> 114 | HA2: =IF(HA10="","",HA10) | HB2: =IFERROR(AVERAGE(HB10:HB59),"") | HC2: =IFERROR(AVERAGE(HC10:HC59),"") | HD2: =IFERROR(AVERAGE(HD10:HD59),"") | HE2: =IFERROR(AVERAGE(HE10:HE59),"") | HF2: =IFERROR(AVERAGE(HF10:HF59),"") | HG2: =IFERROR(AVERAGE(HG10:HG59),"") | HH2: =IFERROR(AVERAGE(HH10:HH59),"") | HI2: =IFERROR(AVERAGE(HI10:HI59),"") | ... HM2: =IFERROR(AVERAGE(HM10:HM59),"") | HN2: =IFERROR(SUM(HN10:HN59),"") -> 0 | HO2: =IFERROR(AVERAGE(HO10:HO59),"") | HP2: =IFERROR(AVERAGE(HP10:HP59),"") | HQ2: =IFERROR(AVERAGE(HQ10:HQ59),"") | HR2: =IFERROR(AVERAGE(HR10:HR59),"") | HS2: =IFERROR(AVERAGE(HS10:HS59),"") | HT2: =IFERROR(AVERAGE(HT10:HT59),"") | HU2: =IFERROR(AVERAGE(HU10:HU59),"") | HV2: =IFERROR(AVERAGE(HV10:HV59),"") | ... HZ2: =IFERROR(AVERAGE(HZ10:HZ59),"") | IA2: =IFERROR(SUM(IA10:IA59),"") -> 0 | IB2: =IFERROR(AVERAGE(IB10:IB59),"") | IC2: =IFERROR(AVERAGE(IC10:IC59),"") | ID2: =IFERROR(AVERAGE(ID10:ID59),"") | IE2: =IFERROR(AVERAGE(IE10:IE59),"") | IF2: =IFERROR(AVERAGE(IF10:IF59),"") | IG2: =IFERROR(AVERAGE(IG10:IG59),"") | IH2: =IFERROR(AVERAGE(IH10:IH59),"") | II2: =IFERROR(SUM(II10:II59),"") -> 0 | IJ2: =IFERROR(AVERAGE(IJ10:IJ59),"") | IL2: =IF(IK1="","",IK1) -> 115 | IM2: =IF(IM10="","",IM10) | IN2: =IFERROR(AVERAGE(IN10:IN59),"") | IO2: =IFERROR(AVERAGE(IO10:IO59),"") | IP2: =IFERROR(AVERAGE(IP10:IP59),"") | IQ2: =IFERROR(AVERAGE(IQ10:IQ59),"") | IR2: =IFERROR(AVERAGE(IR10:IR59),"") | IS2: =IFERROR(AVERAGE(IS10:IS59),"") | IT2: =IFERROR(AVERAGE(IT10:IT59),"") | IU2: =IFERROR(AVERAGE(IU10:IU59),"") | ... IY2: =IFERROR(AVERAGE(IY10:IY59),"") | IZ2: =IFERROR(SUM(IZ10:IZ59),"") -> 0 | JA2: =IFERROR(AVERAGE(JA10:JA59),"") | JB2: =IFERROR(AVERAGE(JB10:JB59),"") | JC2: =IFERROR(AVERAGE(JC10:JC59),"") | JD2: =IFERROR(AVERAGE(JD10:JD59),"") | JE2: =IFERROR(AVERAGE(JE10:JE59),"") | JF2: =IFERROR(AVERAGE(JF10:JF59),"") | JG2: =IFERROR(AVERAGE(JG10:JG59),"") | JH2: =IFERROR(AVERAGE(JH10:JH59),"") | ... JL2: =IFERROR(AVERAGE(JL10:JL59),"") | JM2: =IFERROR(SUM(JM10:JM59),"") -> 0 | JN2: =IFERROR(AVERAGE(JN10:JN59),"") | JO2: =IFERROR(AVERAGE(JO10:JO59),"") | JP2: =IFERROR(AVERAGE(JP10:JP59),"") | JQ2: =IFERROR(AVERAGE(JQ10:JQ59),"") | JR2: =IFERROR(AVERAGE(JR10:JR59),"") | JS2: =IFERROR(AVERAGE(JS10:JS59),"") | JT2: =IFERROR(AVERAGE(JT10:JT59),"") | JU2: =IFERROR(SUM(JU10:JU59),"") -> 0 | JV2: =IFERROR(AVERAGE(JV10:JV59),"") | JX2: =IF(JW1="","",JW1) -> 117 | JY2: =IF(JY10="","",JY10) | JZ2: =IFERROR(AVERAGE(JZ10:JZ59),"") | KA2: =IFERROR(AVERAGE(KA10:KA59),"") | KB2: =IFERROR(AVERAGE(KB10:KB59),"") | KC2: =IFERROR(AVERAGE(KC10:KC59),"") | KD2: =IFERROR(AVERAGE(KD10:KD59),"") | KE2: =IFERROR(AVERAGE(KE10:KE59),"") | KF2: =IFERROR(AVERAGE(KF10:KF59),"") | KG2: =IFERROR(AVERAGE(KG10:KG59),"") | ... KK2: =IFERROR(AVERAGE(KK10:KK59),"") | KL2: =IFERROR(SUM(KL10:KL59),"") -> 0 | KM2: =IFERROR(AVERAGE(KM10:KM59),"") | KN2: =IFERROR(AVERAGE(KN10:KN59),"") | KO2: =IFERROR(AVERAGE(KO10:KO59),"") | KP2: =IFERROR(AVERAGE(KP10:KP59),"") | KQ2: =IFERROR(AVERAGE(KQ10:KQ59),"") | KR2: =IFERROR(AVERAGE(KR10:KR59),"") | KS2: =IFERROR(AVERAGE(KS10:KS59),"") | KT2: =IFERROR(AVERAGE(KT10:KT59),"") | ... KX2: =IFERROR(AVERAGE(KX10:KX59),"") | KY2: =IFERROR(SUM(KY10:KY59),"") -> 0 | KZ2: =IFERROR(AVERAGE(KZ10:KZ59),"") | LA2: =IFERROR(AVERAGE(LA10:LA59),"") | LB2: =IFERROR(AVERAGE(LB10:LB59),"") | LC2: =IFERROR(AVERAGE(LC10:LC59),"") | LD2: =IFERROR(AVERAGE(LD10:LD59),"") | LE2: =IFERROR(AVERAGE(LE10:LE59),"") | LF2: =IFERROR(AVERAGE(LF10:LF59),"") | LG2: =IFERROR(SUM(LG10:LG59),"") -> 0 | LH2: =IFERROR(AVERAGE(LH10:LH59),"") | LJ2: =IF(LI1="","",LI1) -> 120 | LK2: =IF(LK10="","",LK10) | LL2: =IFERROR(AVERAGE(LL10:LL59),"") | LM2: =IFERROR(AVERAGE(LM10:LM59),"") | LN2: =IFERROR(AVERAGE(LN10:LN59),"") | LO2: =IFERROR(AVERAGE(LO10:LO59),"") | LP2: =IFERROR(AVERAGE(LP10:LP59),"") | LQ2: =IFERROR(AVERAGE(LQ10:LQ59),"") | LR2: =IFERROR(AVERAGE(LR10:LR59),"") | LS2: =IFERROR(AVERAGE(LS10:LS59),"") | ... LW2: =IFERROR(AVERAGE(LW10:LW59),"") | LX2: =IFERROR(SUM(LX10:LX59),"") -> 0 | LY2: =IFERROR(AVERAGE(LY10:LY59),"") | LZ2: =IFERROR(AVERAGE(LZ10:LZ59),"") | MA2: =IFERROR(AVERAGE(MA10:MA59),"") | MB2: =IFERROR(AVERAGE(MB10:MB59),"") | MC2: =IFERROR(AVERAGE(MC10:MC59),"") | MD2: =IFERROR(AVERAGE(MD10:MD59),"") | ME2: =IFERROR(AVERAGE(ME10:ME59),"") | MF2: =IFERROR(AVERAGE(MF10:MF59),"") | ... MJ2: =IFERROR(AVERAGE(MJ10:MJ59),"") | MK2: =IFERROR(SUM(MK10:MK59),"") -> 0 | ML2: =IFERROR(AVERAGE(ML10:ML59),"") | MM2: =IFERROR(AVERAGE(MM10:MM59),"") | MN2: =IFERROR(AVERAGE(MN10:MN59),"") | MO2: =IFERROR(AVERAGE(MO10:MO59),"") | MP2: =IFERROR(AVERAGE(MP10:MP59),"") | MQ2: =IFERROR(AVERAGE(MQ10:MQ59),"") | MR2: =IFERROR(AVERAGE(MR10:MR59),"") | MS2: =IFERROR(SUM(MS10:MS59),"") -> 0 | MT2: =IFERROR(AVERAGE(MT10:MT59),"") | MV2: =IF(MU1="","",MU1) -> 125 | MW2: =IF(MW10="","",MW10) | MX2: =IFERROR(AVERAGE(MX10:MX59),"") | MY2: =IFERROR(AVERAGE(MY10:MY59),"") | MZ2: =IFERROR(AVERAGE(MZ10:MZ59),"") | NA2: =IFERROR(AVERAGE(NA10:NA59),"") | NB2: =IFERROR(AVERAGE(NB10:NB59),"") | NC2: =IFERROR(AVERAGE(NC10:NC59),"") | ND2: =IFERROR(AVERAGE(ND10:ND59),"") | NE2: =IFERROR(AVERAGE(NE10:NE59),"") | ... NI2: =IFERROR(AVERAGE(NI10:NI59),"") | NJ2: =IFERROR(SUM(NJ10:NJ59),"") -> 0 | NK2: =IFERROR(AVERAGE(NK10:NK59),"") | NL2: =IFERROR(AVERAGE(NL10:NL59),"") | NM2: =IFERROR(AVERAGE(NM10:NM59),"") | NN2: =IFERROR(AVERAGE(NN10:NN59),"") | NO2: =IFERROR(AVERAGE(NO10:NO59),"") | NP2: =IFERROR(AVERAGE(NP10:NP59),"") | NQ2: =IFERROR(AVERAGE(NQ10:NQ59),"") | NR2: =IFERROR(AVERAGE(NR10:NR59),"") | ... NV2: =IFERROR(AVERAGE(NV10:NV59),"") | NW2: =IFERROR(SUM(NW10:NW59),"") -> 0 | NX2: =IFERROR(AVERAGE(NX10:NX59),"") | NY2: =IFERROR(AVERAGE(NY10:NY59),"") | NZ2: =IFERROR(AVERAGE(NZ10:NZ59),"") | OA2: =IFERROR(AVERAGE(OA10:OA59),"") | OB2: =IFERROR(AVERAGE(OB10:OB59),"") | OC2: =IFERROR(AVERAGE(OC10:OC59),"") | OD2: =IFERROR(AVERAGE(OD10:OD59),"") | OE2: =IFERROR(SUM(OE10:OE59),"") -> 0 | OF2: =IFERROR(AVERAGE(OF10:OF59),"") | OH2: =IF(OG1="","",OG1) -> 127 | OI2: =IF(OI10="","",OI10) | OJ2: =IFERROR(AVERAGE(OJ10:OJ59),"") | OK2: =IFERROR(AVERAGE(OK10:OK59),"") | OL2: =IFERROR(AVERAGE(OL10:OL59),"") | OM2: =IFERROR(AVERAGE(OM10:OM59),"") | ON2: =IFERROR(AVERAGE(ON10:ON59),"") | OO2: =IFERROR(AVERAGE(OO10:OO59),"") | OP2: =IFERROR(AVERAGE(OP10:OP59),"") | OQ2: =IFERROR(AVERAGE(OQ10:OQ59),"") | ... OU2: =IFERROR(AVERAGE(OU10:OU59),"") | OV2: =IFERROR(SUM(OV10:OV59),"") -> 0 | OW2: =IFERROR(AVERAGE(OW10:OW59),"") | OX2: =IFERROR(AVERAGE(OX10:OX59),"") | OY2: =IFERROR(AVERAGE(OY10:OY59),"") | OZ2: =IFERROR(AVERAGE(OZ10:OZ59),"") | PA2: =IFERROR(AVERAGE(PA10:PA59),"") | PB2: =IFERROR(AVERAGE(PB10:PB59),"") | PC2: =IFERROR(AVERAGE(PC10:PC59),"") | PD2: =IFERROR(AVERAGE(PD10:PD59),"") | ... PH2: =IFERROR(AVERAGE(PH10:PH59),"") | PI2: =IFERROR(SUM(PI10:PI59),"") -> 0 | PJ2: =IFERROR(AVERAGE(PJ10:PJ59),"") | PK2: =IFERROR(AVERAGE(PK10:PK59),"") | PL2: =IFERROR(AVERAGE(PL10:PL59),"") | PM2: =IFERROR(AVERAGE(PM10:PM59),"") | PN2: =IFERROR(AVERAGE(PN10:PN59),"") | PO2: =IFERROR(AVERAGE(PO10:PO59),"") | PP2: =IFERROR(AVERAGE(PP10:PP59),"") | PQ2: =IFERROR(SUM(PQ10:PQ59),"") -> 0 | PR2: =IFERROR(AVERAGE(PR10:PR59),"") | PT2: =IF(PS1="","",PS1) -> 128 | PU2: =IF(PU10="","",PU10) | PV2: =IFERROR(AVERAGE(PV10:PV59),"") | PW2: =IFERROR(AVERAGE(PW10:PW59),"") | PX2: =IFERROR(AVERAGE(PX10:PX59),"") | PY2: =IFERROR(AVERAGE(PY10:PY59),"") | PZ2: =IFERROR(AVERAGE(PZ10:PZ59),"") | QA2: =IFERROR(AVERAGE(QA10:QA59),"") | QB2: =IFERROR(AVERAGE(QB10:QB59),"") | QC2: =IFERROR(AVERAGE(QC10:QC59),"") | ... QG2: =IFERROR(AVERAGE(QG10:QG59),"") | QH2: =IFERROR(SUM(QH10:QH59),"") -> 0 | QI2: =IFERROR(AVERAGE(QI10:QI59),"") | QJ2: =IFERROR(AVERAGE(QJ10:QJ59),"") | QK2: =IFERROR(AVERAGE(QK10:QK59),"") | QL2: =IFERROR(AVERAGE(QL10:QL59),"") | QM2: =IFERROR(AVERAGE(QM10:QM59),"") | QN2: =IFERROR(AVERAGE(QN10:QN59),"") | QO2: =IFERROR(AVERAGE(QO10:QO59),"") | QP2: =IFERROR(AVERAGE(QP10:QP59),"") | ... QT2: =IFERROR(AVERAGE(QT10:QT59),"") | QU2: =IFERROR(SUM(QU10:QU59),"") -> 0 | QV2: =IFERROR(AVERAGE(QV10:QV59),"") | QW2: =IFERROR(AVERAGE(QW10:QW59),"") | QX2: =IFERROR(AVERAGE(QX10:QX59),"") | QY2: =IFERROR(AVERAGE(QY10:QY59),"") | QZ2: =IFERROR(AVERAGE(QZ10:QZ59),"") | RA2: =IFERROR(AVERAGE(RA10:RA59),"") | RB2: =IFERROR(AVERAGE(RB10:RB59),"") | RC2: =IFERROR(SUM(RC10:RC59),"") -> 0 | RD2: =IFERROR(AVERAGE(RD10:RD59),"") | RF2: =IF(RE1="","",RE1) -> 129 | RG2: =IF(RG10="","",RG10) | RH2: =IFERROR(AVERAGE(RH10:RH59),"") | RI2: =IFERROR(AVERAGE(RI10:RI59),"") | RJ2: =IFERROR(AVERAGE(RJ10:RJ59),"") | RK2: =IFERROR(AVERAGE(RK10:RK59),"") | RL2: =IFERROR(AVERAGE(RL10:RL59),"") | RM2: =IFERROR(AVERAGE(RM10:RM59),"") | RN2: =IFERROR(AVERAGE(RN10:RN59),"") | RO2: =IFERROR(AVERAGE(RO10:RO59),"") | ... RS2: =IFERROR(AVERAGE(RS10:RS59),"") | RT2: =IFERROR(SUM(RT10:RT59),"") -> 0 | RU2: =IFERROR(AVERAGE(RU10:RU59),"") | RV2: =IFERROR(AVERAGE(RV10:RV59),"") | RW2: =IFERROR(AVERAGE(RW10:RW59),"") | RX2: =IFERROR(AVERAGE(RX10:RX59),"") | RY2: =IFERROR(AVERAGE(RY10:RY59),"") | RZ2: =IFERROR(AVERAGE(RZ10:RZ59),"") | SA2: =IFERROR(AVERAGE(SA10:SA59),"") | SB2: =IFERROR(AVERAGE(SB10:SB59),"") | ... SF2: =IFERROR(AVERAGE(SF10:SF59),"") | SG2: =IFERROR(SUM(SG10:SG59),"") -> 0 | SH2: =IFERROR(AVERAGE(SH10:SH59),"") | SI2: =IFERROR(AVERAGE(SI10:SI59),"") | SJ2: =IFERROR(AVERAGE(SJ10:SJ59),"") | SK2: =IFERROR(AVERAGE(SK10:SK59),"") | SL2: =IFERROR(AVERAGE(SL10:SL59),"") | SM2: =IFERROR(AVERAGE(SM10:SM59),"") | SN2: =IFERROR(AVERAGE(SN10:SN59),"") | SO2: =IFERROR(SUM(SO10:SO59),"") -> 0 | SP2: =IFERROR(AVERAGE(SP10:SP59),"") | SR2: =IF(SQ1="","",SQ1) -> 130 | SS2: =IF(SS10="","",SS10) | ST2: =IFERROR(AVERAGE(ST10:ST59),"") | SU2: =IFERROR(AVERAGE(SU10:SU59),"") | SV2: =IFERROR(AVERAGE(SV10:SV59),"") | SW2: =IFERROR(AVERAGE(SW10:SW59),"") | SX2: =IFERROR(AVERAGE(SX10:SX59),"") | SY2: =IFERROR(AVERAGE(SY10:SY59),"") | SZ2: =IFERROR(AVERAGE(SZ10:SZ59),"") | TA2: =IFERROR(AVERAGE(TA10:TA59),"") | ... TE2: =IFERROR(AVERAGE(TE10:TE59),"") | TF2: =IFERROR(SUM(TF10:TF59),"") -> 0 | TG2: =IFERROR(AVERAGE(TG10:TG59),"") | TH2: =IFERROR(AVERAGE(TH10:TH59),"") | TI2: =IFERROR(AVERAGE(TI10:TI59),"") | TJ2: =IFERROR(AVERAGE(TJ10:TJ59),"") | TK2: =IFERROR(AVERAGE(TK10:TK59),"") | TL2: =IFERROR(AVERAGE(TL10:TL59),"") | TM2: =IFERROR(AVERAGE(TM10:TM59),"") | TN2: =IFERROR(AVERAGE(TN10:TN59),"") | ... TR2: =IFERROR(AVERAGE(TR10:TR59),"") | TS2: =IFERROR(SUM(TS10:TS59),"") -> 0 | TT2: =IFERROR(AVERAGE(TT10:TT59),"") | TU2: =IFERROR(AVERAGE(TU10:TU59),"") | TV2: =IFERROR(AVERAGE(TV10:TV59),"") | TW2: =IFERROR(AVERAGE(TW10:TW59),"") | TX2: =IFERROR(AVERAGE(TX10:TX59),"") | TY2: =IFERROR(AVERAGE(TY10:TY59),"") | TZ2: =IFERROR(AVERAGE(TZ10:TZ59),"") | UA2: =IFERROR(SUM(UA10:UA59),"") -> 0 | UB2: =IFERROR(AVERAGE(UB10:UB59),"") | UD2: =IF(UC1="","",UC1) -> 131 | UE2: =IF(UE10="","",UE10) | UF2: =IFERROR(AVERAGE(UF10:UF59),"") | UG2: =IFERROR(AVERAGE(UG10:UG59),"") | UH2: =IFERROR(AVERAGE(UH10:UH59),"") | UI2: =IFERROR(AVERAGE(UI10:UI59),"") | UJ2: =IFERROR(AVERAGE(UJ10:UJ59),"") | UK2: =IFERROR(AVERAGE(UK10:UK59),"") | UL2: =IFERROR(AVERAGE(UL10:UL59),"") | UM2: =IFERROR(AVERAGE(UM10:UM59),"") | ... UQ2: =IFERROR(AVERAGE(UQ10:UQ59),"") | UR2: =IFERROR(SUM(UR10:UR59),"") -> 0 | US2: =IFERROR(AVERAGE(US10:US59),"") | UT2: =IFERROR(AVERAGE(UT10:UT59),"") | UU2: =IFERROR(AVERAGE(UU10:UU59),"") | UV2: =IFERROR(AVERAGE(UV10:UV59),"") | UW2: =IFERROR(AVERAGE(UW10:UW59),"") | UX2: =IFERROR(AVERAGE(UX10:UX59),"") | UY2: =IFERROR(AVERAGE(UY10:UY59),"") | UZ2: =IFERROR(AVERAGE(UZ10:UZ59),"") | ... VD2: =IFERROR(AVERAGE(VD10:VD59),"") | VE2: =IFERROR(SUM(VE10:VE59),"") -> 0 | VF2: =IFERROR(AVERAGE(VF10:VF59),"") | VG2: =IFERROR(AVERAGE(VG10:VG59),"") | VH2: =IFERROR(AVERAGE(VH10:VH59),"") | VI2: =IFERROR(AVERAGE(VI10:VI59),"") | VJ2: =IFERROR(AVERAGE(VJ10:VJ59),"") | VK2: =IFERROR(AVERAGE(VK10:VK59),"") | VL2: =IFERROR(AVERAGE(VL10:VL59),"") | VM2: =IFERROR(SUM(VM10:VM59),"") -> 0 | VN2: =IFERROR(AVERAGE(VN10:VN59),"") | VP2: =IF(VO1="","",VO1) -> 132 | VQ2: =IF(VQ10="","",VQ10) | VR2: =IFERROR(AVERAGE(VR10:VR59),"") | VS2: =IFERROR(AVERAGE(VS10:VS59),"") | VT2: =IFERROR(AVERAGE(VT10:VT59),"") | VU2: =IFERROR(AVERAGE(VU10:VU59),"") | VV2: =IFERROR(AVERAGE(VV10:VV59),"") | VW2: =IFERROR(AVERAGE(VW10:VW59),"") | VX2: =IFERROR(AVERAGE(VX10:VX59),"") | VY2: =IFERROR(AVERAGE(VY10:VY59),"") | ... WC2: =IFERROR(AVERAGE(WC10:WC59),"") | WD2: =IFERROR(SUM(WD10:WD59),"") -> 0 | WE2: =IFERROR(AVERAGE(WE10:WE59),"") | WF2: =IFERROR(AVERAGE(WF10:WF59),"") | WG2: =IFERROR(AVERAGE(WG10:WG59),"") | WH2: =IFERROR(AVERAGE(WH10:WH59),"") | WI2: =IFERROR(AVERAGE(WI10:WI59),"") | WJ2: =IFERROR(AVERAGE(WJ10:WJ59),"") | WK2: =IFERROR(AVERAGE(WK10:WK59),"") | WL2: =IFERROR(AVERAGE(WL10:WL59),"") | ... WP2: =IFERROR(AVERAGE(WP10:WP59),"") | WQ2: =IFERROR(SUM(WQ10:WQ59),"") -> 0 | WR2: =IFERROR(AVERAGE(WR10:WR59),"") | WS2: =IFERROR(AVERAGE(WS10:WS59),"") | WT2: =IFERROR(AVERAGE(WT10:WT59),"") | WU2: =IFERROR(AVERAGE(WU10:WU59),"") | WV2: =IFERROR(AVERAGE(WV10:WV59),"") | WW2: =IFERROR(AVERAGE(WW10:WW59),"") | WX2: =IFERROR(AVERAGE(WX10:WX59),"") | WY2: =IFERROR(SUM(WY10:WY59),"") -> 0 | WZ2: =IFERROR(AVERAGE(WZ10:WZ59),"") | XB2: =IF(XA1="","",XA1) -> 133 | XC2: =IF(XC10="","",XC10) | XD2: =IFERROR(AVERAGE(XD10:XD59),"") | XE2: =IFERROR(AVERAGE(XE10:XE59),"") | XF2: =IFERROR(AVERAGE(XF10:XF59),"") | XG2: =IFERROR(AVERAGE(XG10:XG59),"") | XH2: =IFERROR(AVERAGE(XH10:XH59),"") | XI2: =IFERROR(AVERAGE(XI10:XI59),"") | XJ2: =IFERROR(AVERAGE(XJ10:XJ59),"") | XK2: =IFERROR(AVERAGE(XK10:XK59),"") | ... XO2: =IFERROR(AVERAGE(XO10:XO59),"") | XP2: =IFERROR(SUM(XP10:XP59),"") -> 0 | XQ2: =IFERROR(AVERAGE(XQ10:XQ59),"") | XR2: =IFERROR(AVERAGE(XR10:XR59),"") | XS2: =IFERROR(AVERAGE(XS10:XS59),"") | XT2: =IFERROR(AVERAGE(XT10:XT59),"") | XU2: =IFERROR(AVERAGE(XU10:XU59),"") | XV2: =IFERROR(AVERAGE(XV10:XV59),"") | XW2: =IFERROR(AVERAGE(XW10:XW59),"") | XX2: =IFERROR(AVERAGE(XX10:XX59),"") | ... YB2: =IFERROR(AVERAGE(YB10:YB59),"") | YC2: =IFERROR(SUM(YC10:YC59),"") -> 0 | YD2: =IFERROR(AVERAGE(YD10:YD59),"") | YE2: =IFERROR(AVERAGE(YE10:YE59),"") | YF2: =IFERROR(AVERAGE(YF10:YF59),"") | YG2: =IFERROR(AVERAGE(YG10:YG59),"") | YH2: =IFERROR(AVERAGE(YH10:YH59),"") | YI2: =IFERROR(AVERAGE(YI10:YI59),"") | YJ2: =IFERROR(AVERAGE(YJ10:YJ59),"") | YK2: =IFERROR(SUM(YK10:YK59),"") -> 0 | YL2: =IFERROR(AVERAGE(YL10:YL59),"") | YN2: =IF(YM1="","",YM1) -> 135 | YO2: =IF(YO10="","",YO10) | YP2: =IFERROR(AVERAGE(YP10:YP59),"") | YQ2: =IFERROR(AVERAGE(YQ10:YQ59),"") | YR2: =IFERROR(AVERAGE(YR10:YR59),"") | YS2: =IFERROR(AVERAGE(YS10:YS59),"") | YT2: =IFERROR(AVERAGE(YT10:YT59),"") | YU2: =IFERROR(AVERAGE(YU10:YU59),"") | YV2: =IFERROR(AVERAGE(YV10:YV59),"") | YW2: =IFERROR(AVERAGE(YW10:YW59),"") | ... ZA2: =IFERROR(AVERAGE(ZA10:ZA59),"") | ZB2: =IFERROR(SUM(ZB10:ZB59),"") -> 0 | ZC2: =IFERROR(AVERAGE(ZC10:ZC59),"") | ZD2: =IFERROR(AVERAGE(ZD10:ZD59),"") | ZE2: =IFERROR(AVERAGE(ZE10:ZE59),"") | ZF2: =IFERROR(AVERAGE(ZF10:ZF59),"") | ZG2: =IFERROR(AVERAGE(ZG10:ZG59),"") | ZH2: =IFERROR(AVERAGE(ZH10:ZH59),"") | ZI2: =IFERROR(AVERAGE(ZI10:ZI59),"") | ZJ2: =IFERROR(AVERAGE(ZJ10:ZJ59),"") | ... ZN2: =IFERROR(AVERAGE(ZN10:ZN59),"") | ZO2: =IFERROR(SUM(ZO10:ZO59),"") -> 0 | ZP2: =IFERROR(AVERAGE(ZP10:ZP59),"") | ZQ2: =IFERROR(AVERAGE(ZQ10:ZQ59),"") | ZR2: =IFERROR(AVERAGE(ZR10:ZR59),"") | ZS2: =IFERROR(AVERAGE(ZS10:ZS59),"") | ZT2: =IFERROR(AVERAGE(ZT10:ZT59),"") | ZU2: =IFERROR(AVERAGE(ZU10:ZU59),"") | ZV2: =IFERROR(AVERAGE(ZV10:ZV59),"") | ZW2: =IFERROR(SUM(ZW10:ZW59),"") -> 0 | ZX2: =IFERROR(AVERAGE(ZX10:ZX59),"") | ZZ2: =IF(ZY1="","",ZY1) -> 181 | AAA2: =IF(AAA10="","",AAA10) | AAB2: =IFERROR(AVERAGE(AAB10:AAB59),"") | AAC2: =IFERROR(AVERAGE(AAC10:AAC59),"") | AAD2: =IFERROR(AVERAGE(AAD10:AAD59),"") | AAE2: =IFERROR(AVERAGE(AAE10:AAE59),"") | AAF2: =IFERROR(AVERAGE(AAF10:AAF59),"") | AAG2: =IFERROR(AVERAGE(AAG10:AAG59),"") | AAH2: =IFERROR(AVERAGE(AAH10:AAH59),"") | AAI2: =IFERROR(AVERAGE(AAI10:AAI59),"") | ... AAM2: =IFERROR(AVERAGE(AAM10:AAM59),"") | AAN2: =IFERROR(SUM(AAN10:AAN59),"") -> 0 | AAO2: =IFERROR(AVERAGE(AAO10:AAO59),"") | AAP2: =IFERROR(AVERAGE(AAP10:AAP59),"") | AAQ2: =IFERROR(AVERAGE(AAQ10:AAQ59),"") | AAR2: =IFERROR(AVERAGE(AAR10:AAR59),"") | AAS2: =IFERROR(AVERAGE(AAS10:AAS59),"") | AAT2: =IFERROR(AVERAGE(AAT10:AAT59),"") | AAU2: =IFERROR(AVERAGE(AAU10:AAU59),"") | AAV2: =IFERROR(AVERAGE(AAV10:AAV59),"") | ... AAZ2: =IFERROR(AVERAGE(AAZ10:AAZ59),"") | ABA2: =IFERROR(SUM(ABA10:ABA59),"") -> 0 | ABB2: =IFERROR(AVERAGE(ABB10:ABB59),"") | ABC2: =IFERROR(AVERAGE(ABC10:ABC59),"") | ABD2: =IFERROR(AVERAGE(ABD10:ABD59),"") | ABE2: =IFERROR(AVERAGE(ABE10:ABE59),"") | ABF2: =IFERROR(AVERAGE(ABF10:ABF59),"") | ABG2: =IFERROR(AVERAGE(ABG10:ABG59),"") | ABH2: =IFERROR(AVERAGE(ABH10:ABH59),"") | ABI2: =IFERROR(SUM(ABI10:ABI59),"") -> 0 | ABJ2: =IFERROR(AVERAGE(ABJ10:ABJ59),"") | ABL2: =IF(ABK1="","",ABK1) -> 182 | ABM2: =IF(ABM10="","",ABM10) | ABN2: =IFERROR(AVERAGE(ABN10:ABN59),"") | ABO2: =IFERROR(AVERAGE(ABO10:ABO59),"") | ABP2: =IFERROR(AVERAGE(ABP10:ABP59),"") | ABQ2: =IFERROR(AVERAGE(ABQ10:ABQ59),"") | ABR2: =IFERROR(AVERAGE(ABR10:ABR59),"") | ABS2: =IFERROR(AVERAGE(ABS10:ABS59),"") | ABT2: =IFERROR(AVERAGE(ABT10:ABT59),"") | ABU2: =IFERROR(AVERAGE(ABU10:ABU59),"") | ... ABY2: =IFERROR(AVERAGE(ABY10:ABY59),"") | ABZ2: =IFERROR(SUM(ABZ10:ABZ59),"") -> 0 | ACA2: =IFERROR(AVERAGE(ACA10:ACA59),"") | ACB2: =IFERROR(AVERAGE(ACB10:ACB59),"") | ACC2: =IFERROR(AVERAGE(ACC10:ACC59),"") | ACD2: =IFERROR(AVERAGE(ACD10:ACD59),"") | ACE2: =IFERROR(AVERAGE(ACE10:ACE59),"") | ACF2: =IFERROR(AVERAGE(ACF10:ACF59),"") | ACG2: =IFERROR(AVERAGE(ACG10:ACG59),"") | ACH2: =IFERROR(AVERAGE(ACH10:ACH59),"") | ... ACL2: =IFERROR(AVERAGE(ACL10:ACL59),"") | ACM2: =IFERROR(SUM(ACM10:ACM59),"") -> 0 | ACN2: =IFERROR(AVERAGE(ACN10:ACN59),"") | ACO2: =IFERROR(AVERAGE(ACO10:ACO59),"") | ACP2: =IFERROR(AVERAGE(ACP10:ACP59),"") | ACQ2: =IFERROR(AVERAGE(ACQ10:ACQ59),"") | ACR2: =IFERROR(AVERAGE(ACR10:ACR59),"") | ACS2: =IFERROR(AVERAGE(ACS10:ACS59),"") | ACT2: =IFERROR(AVERAGE(ACT10:ACT59),"") | ACU2: =IFERROR(SUM(ACU10:ACU59),"") -> 0 | ACV2: =IFERROR(AVERAGE(ACV10:ACV59),"") | ACX2: =IF(ACW1="","",ACW1) -> 281 | ACY2: =IF(ACY10="","",ACY10) | ACZ2: =IFERROR(AVERAGE(ACZ10:ACZ59),"") | ADA2: =IFERROR(AVERAGE(ADA10:ADA59),"") | ADB2: =IFERROR(AVERAGE(ADB10:ADB59),"") | ADC2: =IFERROR(AVERAGE(ADC10:ADC59),"") | ADD2: =IFERROR(AVERAGE(ADD10:ADD59),"") | ADE2: =IFERROR(AVERAGE(ADE10:ADE59),"") | ADF2: =IFERROR(AVERAGE(ADF10:ADF59),"") | ADG2: =IFERROR(AVERAGE(ADG10:ADG59),"") | ... ADK2: =IFERROR(AVERAGE(ADK10:ADK59),"") | ADL2: =IFERROR(SUM(ADL10:ADL59),"") -> 0 | ADM2: =IFERROR(AVERAGE(ADM10:ADM59),"") | ADN2: =IFERROR(AVERAGE(ADN10:ADN59),"") | ADO2: =IFERROR(AVERAGE(ADO10:ADO59),"") | ADP2: =IFERROR(AVERAGE(ADP10:ADP59),"") | ADQ2: =IFERROR(AVERAGE(ADQ10:ADQ59),"") | ADR2: =IFERROR(AVERAGE(ADR10:ADR59),"") | ADS2: =IFERROR(AVERAGE(ADS10:ADS59),"") | ADT2: =IFERROR(AVERAGE(ADT10:ADT59),"") | ... ADX2: =IFERROR(AVERAGE(ADX10:ADX59),"") | ADY2: =IFERROR(SUM(ADY10:ADY59),"") -> 0 | ADZ2: =IFERROR(AVERAGE(ADZ10:ADZ59),"") | AEA2: =IFERROR(AVERAGE(AEA10:AEA59),"") | AEB2: =IFERROR(AVERAGE(AEB10:AEB59),"") | AEC2: =IFERROR(AVERAGE(AEC10:AEC59),"") | AED2: =IFERROR(AVERAGE(AED10:AED59),"") | AEE2: =IFERROR(AVERAGE(AEE10:AEE59),"") | AEF2: =IFERROR(AVERAGE(AEF10:AEF59),"") | AEG2: =IFERROR(SUM(AEG10:AEG59),"") -> 0 | AEH2: =IFERROR(AVERAGE(AEH10:AEH59),"") | AEJ2: =IF(AEI1="","",AEI1) -> 771 | AEK2: =IF(AEK10="","",AEK10) | AEL2: =IFERROR(AVERAGE(AEL10:AEL59),"") | AEM2: =IFERROR(AVERAGE(AEM10:AEM59),"") | AEN2: =IFERROR(AVERAGE(AEN10:AEN59),"") | AEO2: =IFERROR(AVERAGE(AEO10:AEO59),"") | AEP2: =IFERROR(AVERAGE(AEP10:AEP59),"") | AEQ2: =IFERROR(AVERAGE(AEQ10:AEQ59),"") | AER2: =IFERROR(AVERAGE(AER10:AER59),"") | AES2: =IFERROR(AVERAGE(AES10:AES59),"") | ... AEW2: =IFERROR(AVERAGE(AEW10:AEW59),"") | AEX2: =IFERROR(SUM(AEX10:AEX59),"") -> 0 | AEY2: =IFERROR(AVERAGE(AEY10:AEY59),"") | AEZ2: =IFERROR(AVERAGE(AEZ10:AEZ59),"") | AFA2: =IFERROR(AVERAGE(AFA10:AFA59),"") | AFB2: =IFERROR(AVERAGE(AFB10:AFB59),"") | AFC2: =IFERROR(AVERAGE(AFC10:AFC59),"") | AFD2: =IFERROR(AVERAGE(AFD10:AFD59),"") | AFE2: =IFERROR(AVERAGE(AFE10:AFE59),"") | AFF2: =IFERROR(AVERAGE(AFF10:AFF59),"") | ... AFJ2: =IFERROR(AVERAGE(AFJ10:AFJ59),"") | AFK2: =IFERROR(SUM(AFK10:AFK59),"") -> 0 | AFL2: =IFERROR(AVERAGE(AFL10:AFL59),"") | AFM2: =IFERROR(AVERAGE(AFM10:AFM59),"") | AFN2: =IFERROR(AVERAGE(AFN10:AFN59),"") | AFO2: =IFERROR(AVERAGE(AFO10:AFO59),"") | AFP2: =IFERROR(AVERAGE(AFP10:AFP59),"") | AFQ2: =IFERROR(AVERAGE(AFQ10:AFQ59),"") | AFR2: =IFERROR(AVERAGE(AFR10:AFR59),"") | AFS2: =IFERROR(SUM(AFS10:AFS59),"") -> 0 | AFT2: =IFERROR(AVERAGE(AFT10:AFT59),"") | AFV2: =IF(AFU1="","",AFU1) -> 926 | AFW2: =IF(AFW10="","",AFW10) | AFX2: =IFERROR(AVERAGE(AFX10:AFX59),"") | AFY2: =IFERROR(AVERAGE(AFY10:AFY59),"") | AFZ2: =IFERROR(AVERAGE(AFZ10:AFZ59),"") | AGA2: =IFERROR(AVERAGE(AGA10:AGA59),"") | AGB2: =IFERROR(AVERAGE(AGB10:AGB59),"") | AGC2: =IFERROR(AVERAGE(AGC10:AGC59),"") | AGD2: =IFERROR(AVERAGE(AGD10:AGD59),"") | AGE2: =IFERROR(AVERAGE(AGE10:AGE59),"") | ... AGI2: =IFERROR(AVERAGE(AGI10:AGI59),"") | AGJ2: =IFERROR(SUM(AGJ10:AGJ59),"") -> 0 | AGK2: =IFERROR(AVERAGE(AGK10:AGK59),"") | AGL2: =IFERROR(AVERAGE(AGL10:AGL59),"") | AGM2: =IFERROR(AVERAGE(AGM10:AGM59),"") | AGN2: =IFERROR(AVERAGE(AGN10:AGN59),"") | AGO2: =IFERROR(AVERAGE(AGO10:AGO59),"") | AGP2: =IFERROR(AVERAGE(AGP10:AGP59),"") | AGQ2: =IFERROR(AVERAGE(AGQ10:AGQ59),"") | AGR2: =IFERROR(AVERAGE(AGR10:AGR59),"") | ... AGV2: =IFERROR(AVERAGE(AGV10:AGV59),"") | AGW2: =IFERROR(SUM(AGW10:AGW59),"") -> 0 | AGX2: =IFERROR(AVERAGE(AGX10:AGX59),"") | AGY2: =IFERROR(AVERAGE(AGY10:AGY59),"") | AGZ2: =IFERROR(AVERAGE(AGZ10:AGZ59),"") | AHA2: =IFERROR(AVERAGE(AHA10:AHA59),"") | AHB2: =IFERROR(AVERAGE(AHB10:AHB59),"") | AHC2: =IFERROR(AVERAGE(AHC10:AHC59),"") | AHD2: =IFERROR(AVERAGE(AHD10:AHD59),"") | AHE2: =IFERROR(SUM(AHE10:AHE59),"") -> 0 | AHF2: =IFERROR(AVERAGE(AHF10:AHF59),"") | AHH2: =IF(AHG1="","",AHG1) -> 927 | AHI2: =IF(AHI10="","",AHI10) | AHJ2: =IFERROR(AVERAGE(AHJ10:AHJ59),"") | AHK2: =IFERROR(AVERAGE(AHK10:AHK59),"") | AHL2: =IFERROR(AVERAGE(AHL10:AHL59),"") | AHM2: =IFERROR(AVERAGE(AHM10:AHM59),"") | AHN2: =IFERROR(AVERAGE(AHN10:AHN59),"") | AHO2: =IFERROR(AVERAGE(AHO10:AHO59),"") | AHP2: =IFERROR(AVERAGE(AHP10:AHP59),"") | AHQ2: =IFERROR(AVERAGE(AHQ10:AHQ59),"") | ... AHU2: =IFERROR(AVERAGE(AHU10:AHU59),"") | AHV2: =IFERROR(SUM(AHV10:AHV59),"") -> 0 | AHW2: =IFERROR(AVERAGE(AHW10:AHW59),"") | AHX2: =IFERROR(AVERAGE(AHX10:AHX59),"") | AHY2: =IFERROR(AVERAGE(AHY10:AHY59),"") | AHZ2: =IFERROR(AVERAGE(AHZ10:AHZ59),"") | AIA2: =IFERROR(AVERAGE(AIA10:AIA59),"") | AIB2: =IFERROR(AVERAGE(AIB10:AIB59),"") | AIC2: =IFERROR(AVERAGE(AIC10:AIC59),"") | AID2: =IFERROR(AVERAGE(AID10:AID59),"") | ... AIH2: =IFERROR(AVERAGE(AIH10:AIH59),"") | AII2: =IFERROR(SUM(AII10:AII59),"") -> 0 | AIJ2: =IFERROR(AVERAGE(AIJ10:AIJ59),"") | AIK2: =IFERROR(AVERAGE(AIK10:AIK59),"") | AIL2: =IFERROR(AVERAGE(AIL10:AIL59),"") | AIM2: =IFERROR(AVERAGE(AIM10:AIM59),"") | AIN2: =IFERROR(AVERAGE(AIN10:AIN59),"") | AIO2: =IFERROR(AVERAGE(AIO10:AIO59),"") | AIP2: =IFERROR(AVERAGE(AIP10:AIP59),"") | AIQ2: =IFERROR(SUM(AIQ10:AIQ59),"") -> 0 | AIR2: =IFERROR(AVERAGE(AIR10:AIR59),"")
E3: Dördüncü | K3: A | L3: Q | M3: Q | Q3: (80-100] | T3: =IFERROR(COUNTIFS(T10:T900000,">80",T10:T900000,"<=100")/COUNTIF(T10:T900000,">=0"),"") | U3: =IFERROR(COUNTIFS(U10:U900000,">80",U10:U900000,"<=100")/COUNTIF(U10:U900000,">=0"),"") | V3: =IFERROR(COUNTIFS(V10:V900000,">80",V10:V900000,"<=100")/COUNTIF(V10:V900000,">=0"),"") | W3: =IFERROR(COUNTIFS(W10:W900000,">80",W10:W900000,"<=100")/COUNTIF(W10:W900000,">=0"),"") | X3: =IFERROR(COUNTIFS(X10:X900000,">80",X10:X900000,"<=100")/COUNTIF(X10:X900000,">=0"),"") | Y3: =IFERROR(COUNTIFS(Y10:Y900000,">80",Y10:Y900000,"<=100")/COUNTIF(Y10:Y900000,">=0"),"") | Z3: =IFERROR(COUNTIFS(Z10:Z900000,">80",Z10:Z900000,"<=100")/COUNTIF(Z10:Z900000,">=0"),"") | AA3: =IFERROR(COUNTIFS(AA10:AA900000,">80",AA10:AA900000,"<=100")/COUNTIF(AA10:AA900000,">=0"),"") | ... AE3: =IFERROR(COUNTIFS(AE10:AE900000,">80",AE10:AE900000,"<=100")/COUNTIF(AE10:AE900000,">=0"),"") | AH3: =IFERROR(COUNTIFS(AH10:AH900000,">80",AH10:AH900000,"<=100")/COUNTIF(AH10:AH900000,">=0"),"") | AI3: =IFERROR(COUNTIFS(AI10:AI900000,">80",AI10:AI900000,"<=100")/COUNTIF(AI10:AI900000,">=0"),"") | AJ3: =IFERROR(COUNTIFS(AJ10:AJ900000,">80",AJ10:AJ900000,"<=100")/COUNTIF(AJ10:AJ900000,">=0"),"") | AK3: =IFERROR(COUNTIFS(AK10:AK900000,">80",AK10:AK900000,"<=100")/COUNTIF(AK10:AK900000,">=0"),"") | AL3: =IFERROR(COUNTIFS(AL10:AL900000,">80",AL10:AL900000,"<=100")/COUNTIF(AL10:AL900000,">=0"),"") | AM3: =IFERROR(COUNTIFS(AM10:AM900000,">80",AM10:AM900000,"<=100")/COUNTIF(AM10:AM900000,">=0"),"") | AN3: =IFERROR(COUNTIFS(AN10:AN900000,">80",AN10:AN900000,"<=100")/COUNTIF(AN10:AN900000,">=0"),"") | AO3: =IFERROR(COUNTIFS(AO10:AO900000,">80",AO10:AO900000,"<=100")/COUNTIF(AO10:AO900000,">=0"),"") | ... AR3: =IFERROR(COUNTIFS(AR10:AR900000,">80",AR10:AR900000,"<=100")/COUNTIF(AR10:AR900000,">=0"),"") | AU3: =IFERROR(COUNTIFS(AU10:AU900000,">80",AU10:AU900000,"<=100")/COUNTIF(AU10:AU900000,">=0"),"") | AV3: =IFERROR(COUNTIFS(AV10:AV900000,">80",AV10:AV900000,"<=100")/COUNTIF(AV10:AV900000,">=0"),"") | AW3: =IFERROR(COUNTIFS(AW10:AW900000,">80",AW10:AW900000,"<=100")/COUNTIF(AW10:AW900000,">=0"),"") | AY3: =IFERROR(COUNTIFS(AY10:AY900000,">80",AY10:AY900000,"<=100")/COUNTIF(AY10:AY900000,">=0"),"") | AZ3: =IFERROR(COUNTIFS(AZ10:AZ900000,">80",AZ10:AZ900000,"<=100")/COUNTIF(AZ10:AZ900000,">=0"),"") | BC3: (80-100] | BF3: =IFERROR(COUNTIFS(BF10:BF900000,">80",BF10:BF900000,"<=100")/COUNTIF(BF10:BF900000,">=0"),"") | BG3: =IFERROR(COUNTIFS(BG10:BG900000,">80",BG10:BG900000,"<=100")/COUNTIF(BG10:BG900000,">=0"),"") | BH3: =IFERROR(COUNTIFS(BH10:BH900000,">80",BH10:BH900000,"<=100")/COUNTIF(BH10:BH900000,">=0"),"") | BI3: =IFERROR(COUNTIFS(BI10:BI900000,">80",BI10:BI900000,"<=100")/COUNTIF(BI10:BI900000,">=0"),"") | BJ3: =IFERROR(COUNTIFS(BJ10:BJ900000,">80",BJ10:BJ900000,"<=100")/COUNTIF(BJ10:BJ900000,">=0"),"") | BK3: =IFERROR(COUNTIFS(BK10:BK900000,">80",BK10:BK900000,"<=100")/COUNTIF(BK10:BK900000,">=0"),"") | BL3: =IFERROR(COUNTIFS(BL10:BL900000,">80",BL10:BL900000,"<=100")/COUNTIF(BL10:BL900000,">=0"),"") | BM3: =IFERROR(COUNTIFS(BM10:BM900000,">80",BM10:BM900000,"<=100")/COUNTIF(BM10:BM900000,">=0"),"") | ... BQ3: =IFERROR(COUNTIFS(BQ10:BQ900000,">80",BQ10:BQ900000,"<=100")/COUNTIF(BQ10:BQ900000,">=0"),"") | BT3: =IFERROR(COUNTIFS(BT10:BT900000,">80",BT10:BT900000,"<=100")/COUNTIF(BT10:BT900000,">=0"),"") | BU3: =IFERROR(COUNTIFS(BU10:BU900000,">80",BU10:BU900000,"<=100")/COUNTIF(BU10:BU900000,">=0"),"") | BV3: =IFERROR(COUNTIFS(BV10:BV900000,">80",BV10:BV900000,"<=100")/COUNTIF(BV10:BV900000,">=0"),"") | BW3: =IFERROR(COUNTIFS(BW10:BW900000,">80",BW10:BW900000,"<=100")/COUNTIF(BW10:BW900000,">=0"),"") | BX3: =IFERROR(COUNTIFS(BX10:BX900000,">80",BX10:BX900000,"<=100")/COUNTIF(BX10:BX900000,">=0"),"") | BY3: =IFERROR(COUNTIFS(BY10:BY900000,">80",BY10:BY900000,"<=100")/COUNTIF(BY10:BY900000,">=0"),"") | BZ3: =IFERROR(COUNTIFS(BZ10:BZ900000,">80",BZ10:BZ900000,"<=100")/COUNTIF(BZ10:BZ900000,">=0"),"") | CA3: =IFERROR(COUNTIFS(CA10:CA900000,">80",CA10:CA900000,"<=100")/COUNTIF(CA10:CA900000,">=0"),"") | ... CD3: =IFERROR(COUNTIFS(CD10:CD900000,">80",CD10:CD900000,"<=100")/COUNTIF(CD10:CD900000,">=0"),"") | CG3: =IFERROR(COUNTIFS(CG10:CG900000,">80",CG10:CG900000,"<=100")/COUNTIF(CG10:CG900000,">=0"),"") | CH3: =IFERROR(COUNTIFS(CH10:CH900000,">80",CH10:CH900000,"<=100")/COUNTIF(CH10:CH900000,">=0"),"") | CI3: =IFERROR(COUNTIFS(CI10:CI900000,">80",CI10:CI900000,"<=100")/COUNTIF(CI10:CI900000,">=0"),"") | CK3: =IFERROR(COUNTIFS(CK10:CK900000,">80",CK10:CK900000,"<=100")/COUNTIF(CK10:CK900000,">=0"),"") | CL3: =IFERROR(COUNTIFS(CL10:CL900000,">80",CL10:CL900000,"<=100")/COUNTIF(CL10:CL900000,">=0"),"") | CO3: (80-100] | CR3: =IFERROR(COUNTIFS(CR10:CR900000,">80",CR10:CR900000,"<=100")/COUNTIF(CR10:CR900000,">=0"),"") | CS3: =IFERROR(COUNTIFS(CS10:CS900000,">80",CS10:CS900000,"<=100")/COUNTIF(CS10:CS900000,">=0"),"") | CT3: =IFERROR(COUNTIFS(CT10:CT900000,">80",CT10:CT900000,"<=100")/COUNTIF(CT10:CT900000,">=0"),"") | CU3: =IFERROR(COUNTIFS(CU10:CU900000,">80",CU10:CU900000,"<=100")/COUNTIF(CU10:CU900000,">=0"),"") | CV3: =IFERROR(COUNTIFS(CV10:CV900000,">80",CV10:CV900000,"<=100")/COUNTIF(CV10:CV900000,">=0"),"") | CW3: =IFERROR(COUNTIFS(CW10:CW900000,">80",CW10:CW900000,"<=100")/COUNTIF(CW10:CW900000,">=0"),"") | CX3: =IFERROR(COUNTIFS(CX10:CX900000,">80",CX10:CX900000,"<=100")/COUNTIF(CX10:CX900000,">=0"),"") | CY3: =IFERROR(COUNTIFS(CY10:CY900000,">80",CY10:CY900000,"<=100")/COUNTIF(CY10:CY900000,">=0"),"") | ... DC3: =IFERROR(COUNTIFS(DC10:DC900000,">80",DC10:DC900000,"<=100")/COUNTIF(DC10:DC900000,">=0"),"") | DF3: =IFERROR(COUNTIFS(DF10:DF900000,">80",DF10:DF900000,"<=100")/COUNTIF(DF10:DF900000,">=0"),"") | DG3: =IFERROR(COUNTIFS(DG10:DG900000,">80",DG10:DG900000,"<=100")/COUNTIF(DG10:DG900000,">=0"),"") | DH3: =IFERROR(COUNTIFS(DH10:DH900000,">80",DH10:DH900000,"<=100")/COUNTIF(DH10:DH900000,">=0"),"") | DI3: =IFERROR(COUNTIFS(DI10:DI900000,">80",DI10:DI900000,"<=100")/COUNTIF(DI10:DI900000,">=0"),"") | DJ3: =IFERROR(COUNTIFS(DJ10:DJ900000,">80",DJ10:DJ900000,"<=100")/COUNTIF(DJ10:DJ900000,">=0"),"") | DK3: =IFERROR(COUNTIFS(DK10:DK900000,">80",DK10:DK900000,"<=100")/COUNTIF(DK10:DK900000,">=0"),"") | DL3: =IFERROR(COUNTIFS(DL10:DL900000,">80",DL10:DL900000,"<=100")/COUNTIF(DL10:DL900000,">=0"),"") | DM3: =IFERROR(COUNTIFS(DM10:DM900000,">80",DM10:DM900000,"<=100")/COUNTIF(DM10:DM900000,">=0"),"") | ... DP3: =IFERROR(COUNTIFS(DP10:DP900000,">80",DP10:DP900000,"<=100")/COUNTIF(DP10:DP900000,">=0"),"") | DS3: =IFERROR(COUNTIFS(DS10:DS900000,">80",DS10:DS900000,"<=100")/COUNTIF(DS10:DS900000,">=0"),"") | DT3: =IFERROR(COUNTIFS(DT10:DT900000,">80",DT10:DT900000,"<=100")/COUNTIF(DT10:DT900000,">=0"),"") | DU3: =IFERROR(COUNTIFS(DU10:DU900000,">80",DU10:DU900000,"<=100")/COUNTIF(DU10:DU900000,">=0"),"") | DW3: =IFERROR(COUNTIFS(DW10:DW900000,">80",DW10:DW900000,"<=100")/COUNTIF(DW10:DW900000,">=0"),"") | DX3: =IFERROR(COUNTIFS(DX10:DX900000,">80",DX10:DX900000,"<=100")/COUNTIF(DX10:DX900000,">=0"),"") | EA3: (80-100] | ED3: =IFERROR(COUNTIFS(ED10:ED900000,">80",ED10:ED900000,"<=100")/COUNTIF(ED10:ED900000,">=0"),"") | EE3: =IFERROR(COUNTIFS(EE10:EE900000,">80",EE10:EE900000,"<=100")/COUNTIF(EE10:EE900000,">=0"),"") | EF3: =IFERROR(COUNTIFS(EF10:EF900000,">80",EF10:EF900000,"<=100")/COUNTIF(EF10:EF900000,">=0"),"") | EG3: =IFERROR(COUNTIFS(EG10:EG900000,">80",EG10:EG900000,"<=100")/COUNTIF(EG10:EG900000,">=0"),"") | EH3: =IFERROR(COUNTIFS(EH10:EH900000,">80",EH10:EH900000,"<=100")/COUNTIF(EH10:EH900000,">=0"),"") | EI3: =IFERROR(COUNTIFS(EI10:EI900000,">80",EI10:EI900000,"<=100")/COUNTIF(EI10:EI900000,">=0"),"") | EJ3: =IFERROR(COUNTIFS(EJ10:EJ900000,">80",EJ10:EJ900000,"<=100")/COUNTIF(EJ10:EJ900000,">=0"),"") | EK3: =IFERROR(COUNTIFS(EK10:EK900000,">80",EK10:EK900000,"<=100")/COUNTIF(EK10:EK900000,">=0"),"") | ... EO3: =IFERROR(COUNTIFS(EO10:EO900000,">80",EO10:EO900000,"<=100")/COUNTIF(EO10:EO900000,">=0"),"") | ER3: =IFERROR(COUNTIFS(ER10:ER900000,">80",ER10:ER900000,"<=100")/COUNTIF(ER10:ER900000,">=0"),"") | ES3: =IFERROR(COUNTIFS(ES10:ES900000,">80",ES10:ES900000,"<=100")/COUNTIF(ES10:ES900000,">=0"),"") | ET3: =IFERROR(COUNTIFS(ET10:ET900000,">80",ET10:ET900000,"<=100")/COUNTIF(ET10:ET900000,">=0"),"") | EU3: =IFERROR(COUNTIFS(EU10:EU900000,">80",EU10:EU900000,"<=100")/COUNTIF(EU10:EU900000,">=0"),"") | EV3: =IFERROR(COUNTIFS(EV10:EV900000,">80",EV10:EV900000,"<=100")/COUNTIF(EV10:EV900000,">=0"),"") | EW3: =IFERROR(COUNTIFS(EW10:EW900000,">80",EW10:EW900000,"<=100")/COUNTIF(EW10:EW900000,">=0"),"") | EX3: =IFERROR(COUNTIFS(EX10:EX900000,">80",EX10:EX900000,"<=100")/COUNTIF(EX10:EX900000,">=0"),"") | EY3: =IFERROR(COUNTIFS(EY10:EY900000,">80",EY10:EY900000,"<=100")/COUNTIF(EY10:EY900000,">=0"),"") | ... FB3: =IFERROR(COUNTIFS(FB10:FB900000,">80",FB10:FB900000,"<=100")/COUNTIF(FB10:FB900000,">=0"),"") | FE3: =IFERROR(COUNTIFS(FE10:FE900000,">80",FE10:FE900000,"<=100")/COUNTIF(FE10:FE900000,">=0"),"") | FF3: =IFERROR(COUNTIFS(FF10:FF900000,">80",FF10:FF900000,"<=100")/COUNTIF(FF10:FF900000,">=0"),"") | FG3: =IFERROR(COUNTIFS(FG10:FG900000,">80",FG10:FG900000,"<=100")/COUNTIF(FG10:FG900000,">=0"),"") | FI3: =IFERROR(COUNTIFS(FI10:FI900000,">80",FI10:FI900000,"<=100")/COUNTIF(FI10:FI900000,">=0"),"") | FJ3: =IFERROR(COUNTIFS(FJ10:FJ900000,">80",FJ10:FJ900000,"<=100")/COUNTIF(FJ10:FJ900000,">=0"),"") | FM3: (80-100] | FP3: =IFERROR(COUNTIFS(FP10:FP900000,">80",FP10:FP900000,"<=100")/COUNTIF(FP10:FP900000,">=0"),"") | FQ3: =IFERROR(COUNTIFS(FQ10:FQ900000,">80",FQ10:FQ900000,"<=100")/COUNTIF(FQ10:FQ900000,">=0"),"") | FR3: =IFERROR(COUNTIFS(FR10:FR900000,">80",FR10:FR900000,"<=100")/COUNTIF(FR10:FR900000,">=0"),"") | FS3: =IFERROR(COUNTIFS(FS10:FS900000,">80",FS10:FS900000,"<=100")/COUNTIF(FS10:FS900000,">=0"),"") | FT3: =IFERROR(COUNTIFS(FT10:FT900000,">80",FT10:FT900000,"<=100")/COUNTIF(FT10:FT900000,">=0"),"") | FU3: =IFERROR(COUNTIFS(FU10:FU900000,">80",FU10:FU900000,"<=100")/COUNTIF(FU10:FU900000,">=0"),"") | FV3: =IFERROR(COUNTIFS(FV10:FV900000,">80",FV10:FV900000,"<=100")/COUNTIF(FV10:FV900000,">=0"),"") | FW3: =IFERROR(COUNTIFS(FW10:FW900000,">80",FW10:FW900000,"<=100")/COUNTIF(FW10:FW900000,">=0"),"") | ... GA3: =IFERROR(COUNTIFS(GA10:GA900000,">80",GA10:GA900000,"<=100")/COUNTIF(GA10:GA900000,">=0"),"") | GD3: =IFERROR(COUNTIFS(GD10:GD900000,">80",GD10:GD900000,"<=100")/COUNTIF(GD10:GD900000,">=0"),"") | GE3: =IFERROR(COUNTIFS(GE10:GE900000,">80",GE10:GE900000,"<=100")/COUNTIF(GE10:GE900000,">=0"),"") | GF3: =IFERROR(COUNTIFS(GF10:GF900000,">80",GF10:GF900000,"<=100")/COUNTIF(GF10:GF900000,">=0"),"") | GG3: =IFERROR(COUNTIFS(GG10:GG900000,">80",GG10:GG900000,"<=100")/COUNTIF(GG10:GG900000,">=0"),"") | GH3: =IFERROR(COUNTIFS(GH10:GH900000,">80",GH10:GH900000,"<=100")/COUNTIF(GH10:GH900000,">=0"),"") | GI3: =IFERROR(COUNTIFS(GI10:GI900000,">80",GI10:GI900000,"<=100")/COUNTIF(GI10:GI900000,">=0"),"") | GJ3: =IFERROR(COUNTIFS(GJ10:GJ900000,">80",GJ10:GJ900000,"<=100")/COUNTIF(GJ10:GJ900000,">=0"),"") | GK3: =IFERROR(COUNTIFS(GK10:GK900000,">80",GK10:GK900000,"<=100")/COUNTIF(GK10:GK900000,">=0"),"") | ... GN3: =IFERROR(COUNTIFS(GN10:GN900000,">80",GN10:GN900000,"<=100")/COUNTIF(GN10:GN900000,">=0"),"") | GQ3: =IFERROR(COUNTIFS(GQ10:GQ900000,">80",GQ10:GQ900000,"<=100")/COUNTIF(GQ10:GQ900000,">=0"),"") | GR3: =IFERROR(COUNTIFS(GR10:GR900000,">80",GR10:GR900000,"<=100")/COUNTIF(GR10:GR900000,">=0"),"") | GS3: =IFERROR(COUNTIFS(GS10:GS900000,">80",GS10:GS900000,"<=100")/COUNTIF(GS10:GS900000,">=0"),"") | GU3: =IFERROR(COUNTIFS(GU10:GU900000,">80",GU10:GU900000,"<=100")/COUNTIF(GU10:GU900000,">=0"),"") | GV3: =IFERROR(COUNTIFS(GV10:GV900000,">80",GV10:GV900000,"<=100")/COUNTIF(GV10:GV900000,">=0"),"") | GY3: (80-100] | HB3: =IFERROR(COUNTIFS(HB10:HB900000,">80",HB10:HB900000,"<=100")/COUNTIF(HB10:HB900000,">=0"),"") | HC3: =IFERROR(COUNTIFS(HC10:HC900000,">80",HC10:HC900000,"<=100")/COUNTIF(HC10:HC900000,">=0"),"") | HD3: =IFERROR(COUNTIFS(HD10:HD900000,">80",HD10:HD900000,"<=100")/COUNTIF(HD10:HD900000,">=0"),"") | HE3: =IFERROR(COUNTIFS(HE10:HE900000,">80",HE10:HE900000,"<=100")/COUNTIF(HE10:HE900000,">=0"),"") | HF3: =IFERROR(COUNTIFS(HF10:HF900000,">80",HF10:HF900000,"<=100")/COUNTIF(HF10:HF900000,">=0"),"") | HG3: =IFERROR(COUNTIFS(HG10:HG900000,">80",HG10:HG900000,"<=100")/COUNTIF(HG10:HG900000,">=0"),"") | HH3: =IFERROR(COUNTIFS(HH10:HH900000,">80",HH10:HH900000,"<=100")/COUNTIF(HH10:HH900000,">=0"),"") | HI3: =IFERROR(COUNTIFS(HI10:HI900000,">80",HI10:HI900000,"<=100")/COUNTIF(HI10:HI900000,">=0"),"") | ... HM3: =IFERROR(COUNTIFS(HM10:HM900000,">80",HM10:HM900000,"<=100")/COUNTIF(HM10:HM900000,">=0"),"") | HP3: =IFERROR(COUNTIFS(HP10:HP900000,">80",HP10:HP900000,"<=100")/COUNTIF(HP10:HP900000,">=0"),"") | HQ3: =IFERROR(COUNTIFS(HQ10:HQ900000,">80",HQ10:HQ900000,"<=100")/COUNTIF(HQ10:HQ900000,">=0"),"") | HR3: =IFERROR(COUNTIFS(HR10:HR900000,">80",HR10:HR900000,"<=100")/COUNTIF(HR10:HR900000,">=0"),"") | HS3: =IFERROR(COUNTIFS(HS10:HS900000,">80",HS10:HS900000,"<=100")/COUNTIF(HS10:HS900000,">=0"),"") | HT3: =IFERROR(COUNTIFS(HT10:HT900000,">80",HT10:HT900000,"<=100")/COUNTIF(HT10:HT900000,">=0"),"") | HU3: =IFERROR(COUNTIFS(HU10:HU900000,">80",HU10:HU900000,"<=100")/COUNTIF(HU10:HU900000,">=0"),"") | HV3: =IFERROR(COUNTIFS(HV10:HV900000,">80",HV10:HV900000,"<=100")/COUNTIF(HV10:HV900000,">=0"),"") | HW3: =IFERROR(COUNTIFS(HW10:HW900000,">80",HW10:HW900000,"<=100")/COUNTIF(HW10:HW900000,">=0"),"") | ... HZ3: =IFERROR(COUNTIFS(HZ10:HZ900000,">80",HZ10:HZ900000,"<=100")/COUNTIF(HZ10:HZ900000,">=0"),"") | IC3: =IFERROR(COUNTIFS(IC10:IC900000,">80",IC10:IC900000,"<=100")/COUNTIF(IC10:IC900000,">=0"),"") | ID3: =IFERROR(COUNTIFS(ID10:ID900000,">80",ID10:ID900000,"<=100")/COUNTIF(ID10:ID900000,">=0"),"") | IE3: =IFERROR(COUNTIFS(IE10:IE900000,">80",IE10:IE900000,"<=100")/COUNTIF(IE10:IE900000,">=0"),"") | IG3: =IFERROR(COUNTIFS(IG10:IG900000,">80",IG10:IG900000,"<=100")/COUNTIF(IG10:IG900000,">=0"),"") | IH3: =IFERROR(COUNTIFS(IH10:IH900000,">80",IH10:IH900000,"<=100")/COUNTIF(IH10:IH900000,">=0"),"") | IK3: (80-100] | IN3: =IFERROR(COUNTIFS(IN10:IN900000,">80",IN10:IN900000,"<=100")/COUNTIF(IN10:IN900000,">=0"),"") | IO3: =IFERROR(COUNTIFS(IO10:IO900000,">80",IO10:IO900000,"<=100")/COUNTIF(IO10:IO900000,">=0"),"") | IP3: =IFERROR(COUNTIFS(IP10:IP900000,">80",IP10:IP900000,"<=100")/COUNTIF(IP10:IP900000,">=0"),"") | IQ3: =IFERROR(COUNTIFS(IQ10:IQ900000,">80",IQ10:IQ900000,"<=100")/COUNTIF(IQ10:IQ900000,">=0"),"") | IR3: =IFERROR(COUNTIFS(IR10:IR900000,">80",IR10:IR900000,"<=100")/COUNTIF(IR10:IR900000,">=0"),"") | IS3: =IFERROR(COUNTIFS(IS10:IS900000,">80",IS10:IS900000,"<=100")/COUNTIF(IS10:IS900000,">=0"),"") | IT3: =IFERROR(COUNTIFS(IT10:IT900000,">80",IT10:IT900000,"<=100")/COUNTIF(IT10:IT900000,">=0"),"") | IU3: =IFERROR(COUNTIFS(IU10:IU900000,">80",IU10:IU900000,"<=100")/COUNTIF(IU10:IU900000,">=0"),"") | ... IY3: =IFERROR(COUNTIFS(IY10:IY900000,">80",IY10:IY900000,"<=100")/COUNTIF(IY10:IY900000,">=0"),"") | JB3: =IFERROR(COUNTIFS(JB10:JB900000,">80",JB10:JB900000,"<=100")/COUNTIF(JB10:JB900000,">=0"),"") | JC3: =IFERROR(COUNTIFS(JC10:JC900000,">80",JC10:JC900000,"<=100")/COUNTIF(JC10:JC900000,">=0"),"") | JD3: =IFERROR(COUNTIFS(JD10:JD900000,">80",JD10:JD900000,"<=100")/COUNTIF(JD10:JD900000,">=0"),"") | JE3: =IFERROR(COUNTIFS(JE10:JE900000,">80",JE10:JE900000,"<=100")/COUNTIF(JE10:JE900000,">=0"),"") | JF3: =IFERROR(COUNTIFS(JF10:JF900000,">80",JF10:JF900000,"<=100")/COUNTIF(JF10:JF900000,">=0"),"") | JG3: =IFERROR(COUNTIFS(JG10:JG900000,">80",JG10:JG900000,"<=100")/COUNTIF(JG10:JG900000,">=0"),"") | JH3: =IFERROR(COUNTIFS(JH10:JH900000,">80",JH10:JH900000,"<=100")/COUNTIF(JH10:JH900000,">=0"),"") | JI3: =IFERROR(COUNTIFS(JI10:JI900000,">80",JI10:JI900000,"<=100")/COUNTIF(JI10:JI900000,">=0"),"") | ... JL3: =IFERROR(COUNTIFS(JL10:JL900000,">80",JL10:JL900000,"<=100")/COUNTIF(JL10:JL900000,">=0"),"") | JO3: =IFERROR(COUNTIFS(JO10:JO900000,">80",JO10:JO900000,"<=100")/COUNTIF(JO10:JO900000,">=0"),"") | JP3: =IFERROR(COUNTIFS(JP10:JP900000,">80",JP10:JP900000,"<=100")/COUNTIF(JP10:JP900000,">=0"),"") | JQ3: =IFERROR(COUNTIFS(JQ10:JQ900000,">80",JQ10:JQ900000,"<=100")/COUNTIF(JQ10:JQ900000,">=0"),"") | JS3: =IFERROR(COUNTIFS(JS10:JS900000,">80",JS10:JS900000,"<=100")/COUNTIF(JS10:JS900000,">=0"),"") | JT3: =IFERROR(COUNTIFS(JT10:JT900000,">80",JT10:JT900000,"<=100")/COUNTIF(JT10:JT900000,">=0"),"") | JW3: (80-100] | JZ3: =IFERROR(COUNTIFS(JZ10:JZ900000,">80",JZ10:JZ900000,"<=100")/COUNTIF(JZ10:JZ900000,">=0"),"") | KA3: =IFERROR(COUNTIFS(KA10:KA900000,">80",KA10:KA900000,"<=100")/COUNTIF(KA10:KA900000,">=0"),"") | KB3: =IFERROR(COUNTIFS(KB10:KB900000,">80",KB10:KB900000,"<=100")/COUNTIF(KB10:KB900000,">=0"),"") | KC3: =IFERROR(COUNTIFS(KC10:KC900000,">80",KC10:KC900000,"<=100")/COUNTIF(KC10:KC900000,">=0"),"") | KD3: =IFERROR(COUNTIFS(KD10:KD900000,">80",KD10:KD900000,"<=100")/COUNTIF(KD10:KD900000,">=0"),"") | KE3: =IFERROR(COUNTIFS(KE10:KE900000,">80",KE10:KE900000,"<=100")/COUNTIF(KE10:KE900000,">=0"),"") | KF3: =IFERROR(COUNTIFS(KF10:KF900000,">80",KF10:KF900000,"<=100")/COUNTIF(KF10:KF900000,">=0"),"") | KG3: =IFERROR(COUNTIFS(KG10:KG900000,">80",KG10:KG900000,"<=100")/COUNTIF(KG10:KG900000,">=0"),"") | ... KK3: =IFERROR(COUNTIFS(KK10:KK900000,">80",KK10:KK900000,"<=100")/COUNTIF(KK10:KK900000,">=0"),"") | KN3: =IFERROR(COUNTIFS(KN10:KN900000,">80",KN10:KN900000,"<=100")/COUNTIF(KN10:KN900000,">=0"),"") | KO3: =IFERROR(COUNTIFS(KO10:KO900000,">80",KO10:KO900000,"<=100")/COUNTIF(KO10:KO900000,">=0"),"") | KP3: =IFERROR(COUNTIFS(KP10:KP900000,">80",KP10:KP900000,"<=100")/COUNTIF(KP10:KP900000,">=0"),"") | KQ3: =IFERROR(COUNTIFS(KQ10:KQ900000,">80",KQ10:KQ900000,"<=100")/COUNTIF(KQ10:KQ900000,">=0"),"") | KR3: =IFERROR(COUNTIFS(KR10:KR900000,">80",KR10:KR900000,"<=100")/COUNTIF(KR10:KR900000,">=0"),"") | KS3: =IFERROR(COUNTIFS(KS10:KS900000,">80",KS10:KS900000,"<=100")/COUNTIF(KS10:KS900000,">=0"),"") | KT3: =IFERROR(COUNTIFS(KT10:KT900000,">80",KT10:KT900000,"<=100")/COUNTIF(KT10:KT900000,">=0"),"") | KU3: =IFERROR(COUNTIFS(KU10:KU900000,">80",KU10:KU900000,"<=100")/COUNTIF(KU10:KU900000,">=0"),"") | ... KX3: =IFERROR(COUNTIFS(KX10:KX900000,">80",KX10:KX900000,"<=100")/COUNTIF(KX10:KX900000,">=0"),"") | LA3: =IFERROR(COUNTIFS(LA10:LA900000,">80",LA10:LA900000,"<=100")/COUNTIF(LA10:LA900000,">=0"),"") | LB3: =IFERROR(COUNTIFS(LB10:LB900000,">80",LB10:LB900000,"<=100")/COUNTIF(LB10:LB900000,">=0"),"") | LC3: =IFERROR(COUNTIFS(LC10:LC900000,">80",LC10:LC900000,"<=100")/COUNTIF(LC10:LC900000,">=0"),"") | LE3: =IFERROR(COUNTIFS(LE10:LE900000,">80",LE10:LE900000,"<=100")/COUNTIF(LE10:LE900000,">=0"),"") | LF3: =IFERROR(COUNTIFS(LF10:LF900000,">80",LF10:LF900000,"<=100")/COUNTIF(LF10:LF900000,">=0"),"") | LI3: (80-100] | LL3: =IFERROR(COUNTIFS(LL10:LL900000,">80",LL10:LL900000,"<=100")/COUNTIF(LL10:LL900000,">=0"),"") | LM3: =IFERROR(COUNTIFS(LM10:LM900000,">80",LM10:LM900000,"<=100")/COUNTIF(LM10:LM900000,">=0"),"") | LN3: =IFERROR(COUNTIFS(LN10:LN900000,">80",LN10:LN900000,"<=100")/COUNTIF(LN10:LN900000,">=0"),"") | LO3: =IFERROR(COUNTIFS(LO10:LO900000,">80",LO10:LO900000,"<=100")/COUNTIF(LO10:LO900000,">=0"),"") | LP3: =IFERROR(COUNTIFS(LP10:LP900000,">80",LP10:LP900000,"<=100")/COUNTIF(LP10:LP900000,">=0"),"") | LQ3: =IFERROR(COUNTIFS(LQ10:LQ900000,">80",LQ10:LQ900000,"<=100")/COUNTIF(LQ10:LQ900000,">=0"),"") | LR3: =IFERROR(COUNTIFS(LR10:LR900000,">80",LR10:LR900000,"<=100")/COUNTIF(LR10:LR900000,">=0"),"") | LS3: =IFERROR(COUNTIFS(LS10:LS900000,">80",LS10:LS900000,"<=100")/COUNTIF(LS10:LS900000,">=0"),"") | ... LW3: =IFERROR(COUNTIFS(LW10:LW900000,">80",LW10:LW900000,"<=100")/COUNTIF(LW10:LW900000,">=0"),"") | LZ3: =IFERROR(COUNTIFS(LZ10:LZ900000,">80",LZ10:LZ900000,"<=100")/COUNTIF(LZ10:LZ900000,">=0"),"") | MA3: =IFERROR(COUNTIFS(MA10:MA900000,">80",MA10:MA900000,"<=100")/COUNTIF(MA10:MA900000,">=0"),"") | MB3: =IFERROR(COUNTIFS(MB10:MB900000,">80",MB10:MB900000,"<=100")/COUNTIF(MB10:MB900000,">=0"),"") | MC3: =IFERROR(COUNTIFS(MC10:MC900000,">80",MC10:MC900000,"<=100")/COUNTIF(MC10:MC900000,">=0"),"") | MD3: =IFERROR(COUNTIFS(MD10:MD900000,">80",MD10:MD900000,"<=100")/COUNTIF(MD10:MD900000,">=0"),"") | ME3: =IFERROR(COUNTIFS(ME10:ME900000,">80",ME10:ME900000,"<=100")/COUNTIF(ME10:ME900000,">=0"),"") | MF3: =IFERROR(COUNTIFS(MF10:MF900000,">80",MF10:MF900000,"<=100")/COUNTIF(MF10:MF900000,">=0"),"") | MG3: =IFERROR(COUNTIFS(MG10:MG900000,">80",MG10:MG900000,"<=100")/COUNTIF(MG10:MG900000,">=0"),"") | ... MJ3: =IFERROR(COUNTIFS(MJ10:MJ900000,">80",MJ10:MJ900000,"<=100")/COUNTIF(MJ10:MJ900000,">=0"),"") | MM3: =IFERROR(COUNTIFS(MM10:MM900000,">80",MM10:MM900000,"<=100")/COUNTIF(MM10:MM900000,">=0"),"") | MN3: =IFERROR(COUNTIFS(MN10:MN900000,">80",MN10:MN900000,"<=100")/COUNTIF(MN10:MN900000,">=0"),"") | MO3: =IFERROR(COUNTIFS(MO10:MO900000,">80",MO10:MO900000,"<=100")/COUNTIF(MO10:MO900000,">=0"),"") | MQ3: =IFERROR(COUNTIFS(MQ10:MQ900000,">80",MQ10:MQ900000,"<=100")/COUNTIF(MQ10:MQ900000,">=0"),"") | MR3: =IFERROR(COUNTIFS(MR10:MR900000,">80",MR10:MR900000,"<=100")/COUNTIF(MR10:MR900000,">=0"),"") | MU3: (80-100] | MX3: =IFERROR(COUNTIFS(MX10:MX900000,">80",MX10:MX900000,"<=100")/COUNTIF(MX10:MX900000,">=0"),"") | MY3: =IFERROR(COUNTIFS(MY10:MY900000,">80",MY10:MY900000,"<=100")/COUNTIF(MY10:MY900000,">=0"),"") | MZ3: =IFERROR(COUNTIFS(MZ10:MZ900000,">80",MZ10:MZ900000,"<=100")/COUNTIF(MZ10:MZ900000,">=0"),"") | NA3: =IFERROR(COUNTIFS(NA10:NA900000,">80",NA10:NA900000,"<=100")/COUNTIF(NA10:NA900000,">=0"),"") | NB3: =IFERROR(COUNTIFS(NB10:NB900000,">80",NB10:NB900000,"<=100")/COUNTIF(NB10:NB900000,">=0"),"") | NC3: =IFERROR(COUNTIFS(NC10:NC900000,">80",NC10:NC900000,"<=100")/COUNTIF(NC10:NC900000,">=0"),"") | ND3: =IFERROR(COUNTIFS(ND10:ND900000,">80",ND10:ND900000,"<=100")/COUNTIF(ND10:ND900000,">=0"),"") | NE3: =IFERROR(COUNTIFS(NE10:NE900000,">80",NE10:NE900000,"<=100")/COUNTIF(NE10:NE900000,">=0"),"") | ... NI3: =IFERROR(COUNTIFS(NI10:NI900000,">80",NI10:NI900000,"<=100")/COUNTIF(NI10:NI900000,">=0"),"") | NL3: =IFERROR(COUNTIFS(NL10:NL900000,">80",NL10:NL900000,"<=100")/COUNTIF(NL10:NL900000,">=0"),"") | NM3: =IFERROR(COUNTIFS(NM10:NM900000,">80",NM10:NM900000,"<=100")/COUNTIF(NM10:NM900000,">=0"),"") | NN3: =IFERROR(COUNTIFS(NN10:NN900000,">80",NN10:NN900000,"<=100")/COUNTIF(NN10:NN900000,">=0"),"") | NO3: =IFERROR(COUNTIFS(NO10:NO900000,">80",NO10:NO900000,"<=100")/COUNTIF(NO10:NO900000,">=0"),"") | NP3: =IFERROR(COUNTIFS(NP10:NP900000,">80",NP10:NP900000,"<=100")/COUNTIF(NP10:NP900000,">=0"),"") | NQ3: =IFERROR(COUNTIFS(NQ10:NQ900000,">80",NQ10:NQ900000,"<=100")/COUNTIF(NQ10:NQ900000,">=0"),"") | NR3: =IFERROR(COUNTIFS(NR10:NR900000,">80",NR10:NR900000,"<=100")/COUNTIF(NR10:NR900000,">=0"),"") | NS3: =IFERROR(COUNTIFS(NS10:NS900000,">80",NS10:NS900000,"<=100")/COUNTIF(NS10:NS900000,">=0"),"") | ... NV3: =IFERROR(COUNTIFS(NV10:NV900000,">80",NV10:NV900000,"<=100")/COUNTIF(NV10:NV900000,">=0"),"") | NY3: =IFERROR(COUNTIFS(NY10:NY900000,">80",NY10:NY900000,"<=100")/COUNTIF(NY10:NY900000,">=0"),"") | NZ3: =IFERROR(COUNTIFS(NZ10:NZ900000,">80",NZ10:NZ900000,"<=100")/COUNTIF(NZ10:NZ900000,">=0"),"") | OA3: =IFERROR(COUNTIFS(OA10:OA900000,">80",OA10:OA900000,"<=100")/COUNTIF(OA10:OA900000,">=0"),"") | OC3: =IFERROR(COUNTIFS(OC10:OC900000,">80",OC10:OC900000,"<=100")/COUNTIF(OC10:OC900000,">=0"),"") | OD3: =IFERROR(COUNTIFS(OD10:OD900000,">80",OD10:OD900000,"<=100")/COUNTIF(OD10:OD900000,">=0"),"") | OG3: (80-100] | OJ3: =IFERROR(COUNTIFS(OJ10:OJ900000,">80",OJ10:OJ900000,"<=100")/COUNTIF(OJ10:OJ900000,">=0"),"") | OK3: =IFERROR(COUNTIFS(OK10:OK900000,">80",OK10:OK900000,"<=100")/COUNTIF(OK10:OK900000,">=0"),"") | OL3: =IFERROR(COUNTIFS(OL10:OL900000,">80",OL10:OL900000,"<=100")/COUNTIF(OL10:OL900000,">=0"),"") | OM3: =IFERROR(COUNTIFS(OM10:OM900000,">80",OM10:OM900000,"<=100")/COUNTIF(OM10:OM900000,">=0"),"") | ON3: =IFERROR(COUNTIFS(ON10:ON900000,">80",ON10:ON900000,"<=100")/COUNTIF(ON10:ON900000,">=0"),"") | OO3: =IFERROR(COUNTIFS(OO10:OO900000,">80",OO10:OO900000,"<=100")/COUNTIF(OO10:OO900000,">=0"),"") | OP3: =IFERROR(COUNTIFS(OP10:OP900000,">80",OP10:OP900000,"<=100")/COUNTIF(OP10:OP900000,">=0"),"") | OQ3: =IFERROR(COUNTIFS(OQ10:OQ900000,">80",OQ10:OQ900000,"<=100")/COUNTIF(OQ10:OQ900000,">=0"),"") | ... OU3: =IFERROR(COUNTIFS(OU10:OU900000,">80",OU10:OU900000,"<=100")/COUNTIF(OU10:OU900000,">=0"),"") | OX3: =IFERROR(COUNTIFS(OX10:OX900000,">80",OX10:OX900000,"<=100")/COUNTIF(OX10:OX900000,">=0"),"") | OY3: =IFERROR(COUNTIFS(OY10:OY900000,">80",OY10:OY900000,"<=100")/COUNTIF(OY10:OY900000,">=0"),"") | OZ3: =IFERROR(COUNTIFS(OZ10:OZ900000,">80",OZ10:OZ900000,"<=100")/COUNTIF(OZ10:OZ900000,">=0"),"") | PA3: =IFERROR(COUNTIFS(PA10:PA900000,">80",PA10:PA900000,"<=100")/COUNTIF(PA10:PA900000,">=0"),"") | PB3: =IFERROR(COUNTIFS(PB10:PB900000,">80",PB10:PB900000,"<=100")/COUNTIF(PB10:PB900000,">=0"),"") | PC3: =IFERROR(COUNTIFS(PC10:PC900000,">80",PC10:PC900000,"<=100")/COUNTIF(PC10:PC900000,">=0"),"") | PD3: =IFERROR(COUNTIFS(PD10:PD900000,">80",PD10:PD900000,"<=100")/COUNTIF(PD10:PD900000,">=0"),"") | PE3: =IFERROR(COUNTIFS(PE10:PE900000,">80",PE10:PE900000,"<=100")/COUNTIF(PE10:PE900000,">=0"),"") | ... PH3: =IFERROR(COUNTIFS(PH10:PH900000,">80",PH10:PH900000,"<=100")/COUNTIF(PH10:PH900000,">=0"),"") | PK3: =IFERROR(COUNTIFS(PK10:PK900000,">80",PK10:PK900000,"<=100")/COUNTIF(PK10:PK900000,">=0"),"") | PL3: =IFERROR(COUNTIFS(PL10:PL900000,">80",PL10:PL900000,"<=100")/COUNTIF(PL10:PL900000,">=0"),"") | PM3: =IFERROR(COUNTIFS(PM10:PM900000,">80",PM10:PM900000,"<=100")/COUNTIF(PM10:PM900000,">=0"),"") | PO3: =IFERROR(COUNTIFS(PO10:PO900000,">80",PO10:PO900000,"<=100")/COUNTIF(PO10:PO900000,">=0"),"") | PP3: =IFERROR(COUNTIFS(PP10:PP900000,">80",PP10:PP900000,"<=100")/COUNTIF(PP10:PP900000,">=0"),"") | PS3: (80-100] | PV3: =IFERROR(COUNTIFS(PV10:PV900000,">80",PV10:PV900000,"<=100")/COUNTIF(PV10:PV900000,">=0"),"") | PW3: =IFERROR(COUNTIFS(PW10:PW900000,">80",PW10:PW900000,"<=100")/COUNTIF(PW10:PW900000,">=0"),"") | PX3: =IFERROR(COUNTIFS(PX10:PX900000,">80",PX10:PX900000,"<=100")/COUNTIF(PX10:PX900000,">=0"),"") | PY3: =IFERROR(COUNTIFS(PY10:PY900000,">80",PY10:PY900000,"<=100")/COUNTIF(PY10:PY900000,">=0"),"") | PZ3: =IFERROR(COUNTIFS(PZ10:PZ900000,">80",PZ10:PZ900000,"<=100")/COUNTIF(PZ10:PZ900000,">=0"),"") | QA3: =IFERROR(COUNTIFS(QA10:QA900000,">80",QA10:QA900000,"<=100")/COUNTIF(QA10:QA900000,">=0"),"") | QB3: =IFERROR(COUNTIFS(QB10:QB900000,">80",QB10:QB900000,"<=100")/COUNTIF(QB10:QB900000,">=0"),"") | QC3: =IFERROR(COUNTIFS(QC10:QC900000,">80",QC10:QC900000,"<=100")/COUNTIF(QC10:QC900000,">=0"),"") | ... QG3: =IFERROR(COUNTIFS(QG10:QG900000,">80",QG10:QG900000,"<=100")/COUNTIF(QG10:QG900000,">=0"),"") | QJ3: =IFERROR(COUNTIFS(QJ10:QJ900000,">80",QJ10:QJ900000,"<=100")/COUNTIF(QJ10:QJ900000,">=0"),"") | QK3: =IFERROR(COUNTIFS(QK10:QK900000,">80",QK10:QK900000,"<=100")/COUNTIF(QK10:QK900000,">=0"),"") | QL3: =IFERROR(COUNTIFS(QL10:QL900000,">80",QL10:QL900000,"<=100")/COUNTIF(QL10:QL900000,">=0"),"") | QM3: =IFERROR(COUNTIFS(QM10:QM900000,">80",QM10:QM900000,"<=100")/COUNTIF(QM10:QM900000,">=0"),"") | QN3: =IFERROR(COUNTIFS(QN10:QN900000,">80",QN10:QN900000,"<=100")/COUNTIF(QN10:QN900000,">=0"),"") | QO3: =IFERROR(COUNTIFS(QO10:QO900000,">80",QO10:QO900000,"<=100")/COUNTIF(QO10:QO900000,">=0"),"") | QP3: =IFERROR(COUNTIFS(QP10:QP900000,">80",QP10:QP900000,"<=100")/COUNTIF(QP10:QP900000,">=0"),"") | QQ3: =IFERROR(COUNTIFS(QQ10:QQ900000,">80",QQ10:QQ900000,"<=100")/COUNTIF(QQ10:QQ900000,">=0"),"") | ... QT3: =IFERROR(COUNTIFS(QT10:QT900000,">80",QT10:QT900000,"<=100")/COUNTIF(QT10:QT900000,">=0"),"") | QW3: =IFERROR(COUNTIFS(QW10:QW900000,">80",QW10:QW900000,"<=100")/COUNTIF(QW10:QW900000,">=0"),"") | QX3: =IFERROR(COUNTIFS(QX10:QX900000,">80",QX10:QX900000,"<=100")/COUNTIF(QX10:QX900000,">=0"),"") | QY3: =IFERROR(COUNTIFS(QY10:QY900000,">80",QY10:QY900000,"<=100")/COUNTIF(QY10:QY900000,">=0"),"") | RA3: =IFERROR(COUNTIFS(RA10:RA900000,">80",RA10:RA900000,"<=100")/COUNTIF(RA10:RA900000,">=0"),"") | RB3: =IFERROR(COUNTIFS(RB10:RB900000,">80",RB10:RB900000,"<=100")/COUNTIF(RB10:RB900000,">=0"),"") | RE3: (80-100] | RH3: =IFERROR(COUNTIFS(RH10:RH900000,">80",RH10:RH900000,"<=100")/COUNTIF(RH10:RH900000,">=0"),"") | RI3: =IFERROR(COUNTIFS(RI10:RI900000,">80",RI10:RI900000,"<=100")/COUNTIF(RI10:RI900000,">=0"),"") | RJ3: =IFERROR(COUNTIFS(RJ10:RJ900000,">80",RJ10:RJ900000,"<=100")/COUNTIF(RJ10:RJ900000,">=0"),"") | RK3: =IFERROR(COUNTIFS(RK10:RK900000,">80",RK10:RK900000,"<=100")/COUNTIF(RK10:RK900000,">=0"),"") | RL3: =IFERROR(COUNTIFS(RL10:RL900000,">80",RL10:RL900000,"<=100")/COUNTIF(RL10:RL900000,">=0"),"") | RM3: =IFERROR(COUNTIFS(RM10:RM900000,">80",RM10:RM900000,"<=100")/COUNTIF(RM10:RM900000,">=0"),"") | RN3: =IFERROR(COUNTIFS(RN10:RN900000,">80",RN10:RN900000,"<=100")/COUNTIF(RN10:RN900000,">=0"),"") | RO3: =IFERROR(COUNTIFS(RO10:RO900000,">80",RO10:RO900000,"<=100")/COUNTIF(RO10:RO900000,">=0"),"") | ... RS3: =IFERROR(COUNTIFS(RS10:RS900000,">80",RS10:RS900000,"<=100")/COUNTIF(RS10:RS900000,">=0"),"") | RV3: =IFERROR(COUNTIFS(RV10:RV900000,">80",RV10:RV900000,"<=100")/COUNTIF(RV10:RV900000,">=0"),"") | RW3: =IFERROR(COUNTIFS(RW10:RW900000,">80",RW10:RW900000,"<=100")/COUNTIF(RW10:RW900000,">=0"),"") | RX3: =IFERROR(COUNTIFS(RX10:RX900000,">80",RX10:RX900000,"<=100")/COUNTIF(RX10:RX900000,">=0"),"") | RY3: =IFERROR(COUNTIFS(RY10:RY900000,">80",RY10:RY900000,"<=100")/COUNTIF(RY10:RY900000,">=0"),"") | RZ3: =IFERROR(COUNTIFS(RZ10:RZ900000,">80",RZ10:RZ900000,"<=100")/COUNTIF(RZ10:RZ900000,">=0"),"") | SA3: =IFERROR(COUNTIFS(SA10:SA900000,">80",SA10:SA900000,"<=100")/COUNTIF(SA10:SA900000,">=0"),"") | SB3: =IFERROR(COUNTIFS(SB10:SB900000,">80",SB10:SB900000,"<=100")/COUNTIF(SB10:SB900000,">=0"),"") | SC3: =IFERROR(COUNTIFS(SC10:SC900000,">80",SC10:SC900000,"<=100")/COUNTIF(SC10:SC900000,">=0"),"") | ... SF3: =IFERROR(COUNTIFS(SF10:SF900000,">80",SF10:SF900000,"<=100")/COUNTIF(SF10:SF900000,">=0"),"") | SI3: =IFERROR(COUNTIFS(SI10:SI900000,">80",SI10:SI900000,"<=100")/COUNTIF(SI10:SI900000,">=0"),"") | SJ3: =IFERROR(COUNTIFS(SJ10:SJ900000,">80",SJ10:SJ900000,"<=100")/COUNTIF(SJ10:SJ900000,">=0"),"") | SK3: =IFERROR(COUNTIFS(SK10:SK900000,">80",SK10:SK900000,"<=100")/COUNTIF(SK10:SK900000,">=0"),"") | SM3: =IFERROR(COUNTIFS(SM10:SM900000,">80",SM10:SM900000,"<=100")/COUNTIF(SM10:SM900000,">=0"),"") | SN3: =IFERROR(COUNTIFS(SN10:SN900000,">80",SN10:SN900000,"<=100")/COUNTIF(SN10:SN900000,">=0"),"") | SQ3: (80-100] | ST3: =IFERROR(COUNTIFS(ST10:ST900000,">80",ST10:ST900000,"<=100")/COUNTIF(ST10:ST900000,">=0"),"") | SU3: =IFERROR(COUNTIFS(SU10:SU900000,">80",SU10:SU900000,"<=100")/COUNTIF(SU10:SU900000,">=0"),"") | SV3: =IFERROR(COUNTIFS(SV10:SV900000,">80",SV10:SV900000,"<=100")/COUNTIF(SV10:SV900000,">=0"),"") | SW3: =IFERROR(COUNTIFS(SW10:SW900000,">80",SW10:SW900000,"<=100")/COUNTIF(SW10:SW900000,">=0"),"") | SX3: =IFERROR(COUNTIFS(SX10:SX900000,">80",SX10:SX900000,"<=100")/COUNTIF(SX10:SX900000,">=0"),"") | SY3: =IFERROR(COUNTIFS(SY10:SY900000,">80",SY10:SY900000,"<=100")/COUNTIF(SY10:SY900000,">=0"),"") | SZ3: =IFERROR(COUNTIFS(SZ10:SZ900000,">80",SZ10:SZ900000,"<=100")/COUNTIF(SZ10:SZ900000,">=0"),"") | TA3: =IFERROR(COUNTIFS(TA10:TA900000,">80",TA10:TA900000,"<=100")/COUNTIF(TA10:TA900000,">=0"),"") | ... TE3: =IFERROR(COUNTIFS(TE10:TE900000,">80",TE10:TE900000,"<=100")/COUNTIF(TE10:TE900000,">=0"),"") | TH3: =IFERROR(COUNTIFS(TH10:TH900000,">80",TH10:TH900000,"<=100")/COUNTIF(TH10:TH900000,">=0"),"") | TI3: =IFERROR(COUNTIFS(TI10:TI900000,">80",TI10:TI900000,"<=100")/COUNTIF(TI10:TI900000,">=0"),"") | TJ3: =IFERROR(COUNTIFS(TJ10:TJ900000,">80",TJ10:TJ900000,"<=100")/COUNTIF(TJ10:TJ900000,">=0"),"") | TK3: =IFERROR(COUNTIFS(TK10:TK900000,">80",TK10:TK900000,"<=100")/COUNTIF(TK10:TK900000,">=0"),"") | TL3: =IFERROR(COUNTIFS(TL10:TL900000,">80",TL10:TL900000,"<=100")/COUNTIF(TL10:TL900000,">=0"),"") | TM3: =IFERROR(COUNTIFS(TM10:TM900000,">80",TM10:TM900000,"<=100")/COUNTIF(TM10:TM900000,">=0"),"") | TN3: =IFERROR(COUNTIFS(TN10:TN900000,">80",TN10:TN900000,"<=100")/COUNTIF(TN10:TN900000,">=0"),"") | TO3: =IFERROR(COUNTIFS(TO10:TO900000,">80",TO10:TO900000,"<=100")/COUNTIF(TO10:TO900000,">=0"),"") | ... TR3: =IFERROR(COUNTIFS(TR10:TR900000,">80",TR10:TR900000,"<=100")/COUNTIF(TR10:TR900000,">=0"),"") | TU3: =IFERROR(COUNTIFS(TU10:TU900000,">80",TU10:TU900000,"<=100")/COUNTIF(TU10:TU900000,">=0"),"") | TV3: =IFERROR(COUNTIFS(TV10:TV900000,">80",TV10:TV900000,"<=100")/COUNTIF(TV10:TV900000,">=0"),"") | TW3: =IFERROR(COUNTIFS(TW10:TW900000,">80",TW10:TW900000,"<=100")/COUNTIF(TW10:TW900000,">=0"),"") | TY3: =IFERROR(COUNTIFS(TY10:TY900000,">80",TY10:TY900000,"<=100")/COUNTIF(TY10:TY900000,">=0"),"") | TZ3: =IFERROR(COUNTIFS(TZ10:TZ900000,">80",TZ10:TZ900000,"<=100")/COUNTIF(TZ10:TZ900000,">=0"),"") | UC3: (80-100] | UF3: =IFERROR(COUNTIFS(UF10:UF900000,">80",UF10:UF900000,"<=100")/COUNTIF(UF10:UF900000,">=0"),"") | UG3: =IFERROR(COUNTIFS(UG10:UG900000,">80",UG10:UG900000,"<=100")/COUNTIF(UG10:UG900000,">=0"),"") | UH3: =IFERROR(COUNTIFS(UH10:UH900000,">80",UH10:UH900000,"<=100")/COUNTIF(UH10:UH900000,">=0"),"") | UI3: =IFERROR(COUNTIFS(UI10:UI900000,">80",UI10:UI900000,"<=100")/COUNTIF(UI10:UI900000,">=0"),"") | UJ3: =IFERROR(COUNTIFS(UJ10:UJ900000,">80",UJ10:UJ900000,"<=100")/COUNTIF(UJ10:UJ900000,">=0"),"") | UK3: =IFERROR(COUNTIFS(UK10:UK900000,">80",UK10:UK900000,"<=100")/COUNTIF(UK10:UK900000,">=0"),"") | UL3: =IFERROR(COUNTIFS(UL10:UL900000,">80",UL10:UL900000,"<=100")/COUNTIF(UL10:UL900000,">=0"),"") | UM3: =IFERROR(COUNTIFS(UM10:UM900000,">80",UM10:UM900000,"<=100")/COUNTIF(UM10:UM900000,">=0"),"") | ... UQ3: =IFERROR(COUNTIFS(UQ10:UQ900000,">80",UQ10:UQ900000,"<=100")/COUNTIF(UQ10:UQ900000,">=0"),"") | UT3: =IFERROR(COUNTIFS(UT10:UT900000,">80",UT10:UT900000,"<=100")/COUNTIF(UT10:UT900000,">=0"),"") | UU3: =IFERROR(COUNTIFS(UU10:UU900000,">80",UU10:UU900000,"<=100")/COUNTIF(UU10:UU900000,">=0"),"") | UV3: =IFERROR(COUNTIFS(UV10:UV900000,">80",UV10:UV900000,"<=100")/COUNTIF(UV10:UV900000,">=0"),"") | UW3: =IFERROR(COUNTIFS(UW10:UW900000,">80",UW10:UW900000,"<=100")/COUNTIF(UW10:UW900000,">=0"),"") | UX3: =IFERROR(COUNTIFS(UX10:UX900000,">80",UX10:UX900000,"<=100")/COUNTIF(UX10:UX900000,">=0"),"") | UY3: =IFERROR(COUNTIFS(UY10:UY900000,">80",UY10:UY900000,"<=100")/COUNTIF(UY10:UY900000,">=0"),"") | UZ3: =IFERROR(COUNTIFS(UZ10:UZ900000,">80",UZ10:UZ900000,"<=100")/COUNTIF(UZ10:UZ900000,">=0"),"") | VA3: =IFERROR(COUNTIFS(VA10:VA900000,">80",VA10:VA900000,"<=100")/COUNTIF(VA10:VA900000,">=0"),"") | ... VD3: =IFERROR(COUNTIFS(VD10:VD900000,">80",VD10:VD900000,"<=100")/COUNTIF(VD10:VD900000,">=0"),"") | VG3: =IFERROR(COUNTIFS(VG10:VG900000,">80",VG10:VG900000,"<=100")/COUNTIF(VG10:VG900000,">=0"),"") | VH3: =IFERROR(COUNTIFS(VH10:VH900000,">80",VH10:VH900000,"<=100")/COUNTIF(VH10:VH900000,">=0"),"") | VI3: =IFERROR(COUNTIFS(VI10:VI900000,">80",VI10:VI900000,"<=100")/COUNTIF(VI10:VI900000,">=0"),"") | VK3: =IFERROR(COUNTIFS(VK10:VK900000,">80",VK10:VK900000,"<=100")/COUNTIF(VK10:VK900000,">=0"),"") | VL3: =IFERROR(COUNTIFS(VL10:VL900000,">80",VL10:VL900000,"<=100")/COUNTIF(VL10:VL900000,">=0"),"") | VO3: (80-100] | VR3: =IFERROR(COUNTIFS(VR10:VR900000,">80",VR10:VR900000,"<=100")/COUNTIF(VR10:VR900000,">=0"),"") | VS3: =IFERROR(COUNTIFS(VS10:VS900000,">80",VS10:VS900000,"<=100")/COUNTIF(VS10:VS900000,">=0"),"") | VT3: =IFERROR(COUNTIFS(VT10:VT900000,">80",VT10:VT900000,"<=100")/COUNTIF(VT10:VT900000,">=0"),"") | VU3: =IFERROR(COUNTIFS(VU10:VU900000,">80",VU10:VU900000,"<=100")/COUNTIF(VU10:VU900000,">=0"),"") | VV3: =IFERROR(COUNTIFS(VV10:VV900000,">80",VV10:VV900000,"<=100")/COUNTIF(VV10:VV900000,">=0"),"") | VW3: =IFERROR(COUNTIFS(VW10:VW900000,">80",VW10:VW900000,"<=100")/COUNTIF(VW10:VW900000,">=0"),"") | VX3: =IFERROR(COUNTIFS(VX10:VX900000,">80",VX10:VX900000,"<=100")/COUNTIF(VX10:VX900000,">=0"),"") | VY3: =IFERROR(COUNTIFS(VY10:VY900000,">80",VY10:VY900000,"<=100")/COUNTIF(VY10:VY900000,">=0"),"") | ... WC3: =IFERROR(COUNTIFS(WC10:WC900000,">80",WC10:WC900000,"<=100")/COUNTIF(WC10:WC900000,">=0"),"") | WF3: =IFERROR(COUNTIFS(WF10:WF900000,">80",WF10:WF900000,"<=100")/COUNTIF(WF10:WF900000,">=0"),"") | WG3: =IFERROR(COUNTIFS(WG10:WG900000,">80",WG10:WG900000,"<=100")/COUNTIF(WG10:WG900000,">=0"),"") | WH3: =IFERROR(COUNTIFS(WH10:WH900000,">80",WH10:WH900000,"<=100")/COUNTIF(WH10:WH900000,">=0"),"") | WI3: =IFERROR(COUNTIFS(WI10:WI900000,">80",WI10:WI900000,"<=100")/COUNTIF(WI10:WI900000,">=0"),"") | WJ3: =IFERROR(COUNTIFS(WJ10:WJ900000,">80",WJ10:WJ900000,"<=100")/COUNTIF(WJ10:WJ900000,">=0"),"") | WK3: =IFERROR(COUNTIFS(WK10:WK900000,">80",WK10:WK900000,"<=100")/COUNTIF(WK10:WK900000,">=0"),"") | WL3: =IFERROR(COUNTIFS(WL10:WL900000,">80",WL10:WL900000,"<=100")/COUNTIF(WL10:WL900000,">=0"),"") | WM3: =IFERROR(COUNTIFS(WM10:WM900000,">80",WM10:WM900000,"<=100")/COUNTIF(WM10:WM900000,">=0"),"") | ... WP3: =IFERROR(COUNTIFS(WP10:WP900000,">80",WP10:WP900000,"<=100")/COUNTIF(WP10:WP900000,">=0"),"") | WS3: =IFERROR(COUNTIFS(WS10:WS900000,">80",WS10:WS900000,"<=100")/COUNTIF(WS10:WS900000,">=0"),"") | WT3: =IFERROR(COUNTIFS(WT10:WT900000,">80",WT10:WT900000,"<=100")/COUNTIF(WT10:WT900000,">=0"),"") | WU3: =IFERROR(COUNTIFS(WU10:WU900000,">80",WU10:WU900000,"<=100")/COUNTIF(WU10:WU900000,">=0"),"") | WW3: =IFERROR(COUNTIFS(WW10:WW900000,">80",WW10:WW900000,"<=100")/COUNTIF(WW10:WW900000,">=0"),"") | WX3: =IFERROR(COUNTIFS(WX10:WX900000,">80",WX10:WX900000,"<=100")/COUNTIF(WX10:WX900000,">=0"),"") | XA3: (80-100] | XD3: =IFERROR(COUNTIFS(XD10:XD900000,">80",XD10:XD900000,"<=100")/COUNTIF(XD10:XD900000,">=0"),"") | XE3: =IFERROR(COUNTIFS(XE10:XE900000,">80",XE10:XE900000,"<=100")/COUNTIF(XE10:XE900000,">=0"),"") | XF3: =IFERROR(COUNTIFS(XF10:XF900000,">80",XF10:XF900000,"<=100")/COUNTIF(XF10:XF900000,">=0"),"") | XG3: =IFERROR(COUNTIFS(XG10:XG900000,">80",XG10:XG900000,"<=100")/COUNTIF(XG10:XG900000,">=0"),"") | XH3: =IFERROR(COUNTIFS(XH10:XH900000,">80",XH10:XH900000,"<=100")/COUNTIF(XH10:XH900000,">=0"),"") | XI3: =IFERROR(COUNTIFS(XI10:XI900000,">80",XI10:XI900000,"<=100")/COUNTIF(XI10:XI900000,">=0"),"") | XJ3: =IFERROR(COUNTIFS(XJ10:XJ900000,">80",XJ10:XJ900000,"<=100")/COUNTIF(XJ10:XJ900000,">=0"),"") | XK3: =IFERROR(COUNTIFS(XK10:XK900000,">80",XK10:XK900000,"<=100")/COUNTIF(XK10:XK900000,">=0"),"") | ... XO3: =IFERROR(COUNTIFS(XO10:XO900000,">80",XO10:XO900000,"<=100")/COUNTIF(XO10:XO900000,">=0"),"") | XR3: =IFERROR(COUNTIFS(XR10:XR900000,">80",XR10:XR900000,"<=100")/COUNTIF(XR10:XR900000,">=0"),"") | XS3: =IFERROR(COUNTIFS(XS10:XS900000,">80",XS10:XS900000,"<=100")/COUNTIF(XS10:XS900000,">=0"),"") | XT3: =IFERROR(COUNTIFS(XT10:XT900000,">80",XT10:XT900000,"<=100")/COUNTIF(XT10:XT900000,">=0"),"") | XU3: =IFERROR(COUNTIFS(XU10:XU900000,">80",XU10:XU900000,"<=100")/COUNTIF(XU10:XU900000,">=0"),"") | XV3: =IFERROR(COUNTIFS(XV10:XV900000,">80",XV10:XV900000,"<=100")/COUNTIF(XV10:XV900000,">=0"),"") | XW3: =IFERROR(COUNTIFS(XW10:XW900000,">80",XW10:XW900000,"<=100")/COUNTIF(XW10:XW900000,">=0"),"") | XX3: =IFERROR(COUNTIFS(XX10:XX900000,">80",XX10:XX900000,"<=100")/COUNTIF(XX10:XX900000,">=0"),"") | XY3: =IFERROR(COUNTIFS(XY10:XY900000,">80",XY10:XY900000,"<=100")/COUNTIF(XY10:XY900000,">=0"),"") | ... YB3: =IFERROR(COUNTIFS(YB10:YB900000,">80",YB10:YB900000,"<=100")/COUNTIF(YB10:YB900000,">=0"),"") | YE3: =IFERROR(COUNTIFS(YE10:YE900000,">80",YE10:YE900000,"<=100")/COUNTIF(YE10:YE900000,">=0"),"") | YF3: =IFERROR(COUNTIFS(YF10:YF900000,">80",YF10:YF900000,"<=100")/COUNTIF(YF10:YF900000,">=0"),"") | YG3: =IFERROR(COUNTIFS(YG10:YG900000,">80",YG10:YG900000,"<=100")/COUNTIF(YG10:YG900000,">=0"),"") | YI3: =IFERROR(COUNTIFS(YI10:YI900000,">80",YI10:YI900000,"<=100")/COUNTIF(YI10:YI900000,">=0"),"") | YJ3: =IFERROR(COUNTIFS(YJ10:YJ900000,">80",YJ10:YJ900000,"<=100")/COUNTIF(YJ10:YJ900000,">=0"),"") | YM3: (80-100] | YP3: =IFERROR(COUNTIFS(YP10:YP900000,">80",YP10:YP900000,"<=100")/COUNTIF(YP10:YP900000,">=0"),"") | YQ3: =IFERROR(COUNTIFS(YQ10:YQ900000,">80",YQ10:YQ900000,"<=100")/COUNTIF(YQ10:YQ900000,">=0"),"") | YR3: =IFERROR(COUNTIFS(YR10:YR900000,">80",YR10:YR900000,"<=100")/COUNTIF(YR10:YR900000,">=0"),"") | YS3: =IFERROR(COUNTIFS(YS10:YS900000,">80",YS10:YS900000,"<=100")/COUNTIF(YS10:YS900000,">=0"),"") | YT3: =IFERROR(COUNTIFS(YT10:YT900000,">80",YT10:YT900000,"<=100")/COUNTIF(YT10:YT900000,">=0"),"") | YU3: =IFERROR(COUNTIFS(YU10:YU900000,">80",YU10:YU900000,"<=100")/COUNTIF(YU10:YU900000,">=0"),"") | YV3: =IFERROR(COUNTIFS(YV10:YV900000,">80",YV10:YV900000,"<=100")/COUNTIF(YV10:YV900000,">=0"),"") | YW3: =IFERROR(COUNTIFS(YW10:YW900000,">80",YW10:YW900000,"<=100")/COUNTIF(YW10:YW900000,">=0"),"") | ... ZA3: =IFERROR(COUNTIFS(ZA10:ZA900000,">80",ZA10:ZA900000,"<=100")/COUNTIF(ZA10:ZA900000,">=0"),"") | ZD3: =IFERROR(COUNTIFS(ZD10:ZD900000,">80",ZD10:ZD900000,"<=100")/COUNTIF(ZD10:ZD900000,">=0"),"") | ZE3: =IFERROR(COUNTIFS(ZE10:ZE900000,">80",ZE10:ZE900000,"<=100")/COUNTIF(ZE10:ZE900000,">=0"),"") | ZF3: =IFERROR(COUNTIFS(ZF10:ZF900000,">80",ZF10:ZF900000,"<=100")/COUNTIF(ZF10:ZF900000,">=0"),"") | ZG3: =IFERROR(COUNTIFS(ZG10:ZG900000,">80",ZG10:ZG900000,"<=100")/COUNTIF(ZG10:ZG900000,">=0"),"") | ZH3: =IFERROR(COUNTIFS(ZH10:ZH900000,">80",ZH10:ZH900000,"<=100")/COUNTIF(ZH10:ZH900000,">=0"),"") | ZI3: =IFERROR(COUNTIFS(ZI10:ZI900000,">80",ZI10:ZI900000,"<=100")/COUNTIF(ZI10:ZI900000,">=0"),"") | ZJ3: =IFERROR(COUNTIFS(ZJ10:ZJ900000,">80",ZJ10:ZJ900000,"<=100")/COUNTIF(ZJ10:ZJ900000,">=0"),"") | ZK3: =IFERROR(COUNTIFS(ZK10:ZK900000,">80",ZK10:ZK900000,"<=100")/COUNTIF(ZK10:ZK900000,">=0"),"") | ... ZN3: =IFERROR(COUNTIFS(ZN10:ZN900000,">80",ZN10:ZN900000,"<=100")/COUNTIF(ZN10:ZN900000,">=0"),"") | ZQ3: =IFERROR(COUNTIFS(ZQ10:ZQ900000,">80",ZQ10:ZQ900000,"<=100")/COUNTIF(ZQ10:ZQ900000,">=0"),"") | ZR3: =IFERROR(COUNTIFS(ZR10:ZR900000,">80",ZR10:ZR900000,"<=100")/COUNTIF(ZR10:ZR900000,">=0"),"") | ZS3: =IFERROR(COUNTIFS(ZS10:ZS900000,">80",ZS10:ZS900000,"<=100")/COUNTIF(ZS10:ZS900000,">=0"),"") | ZU3: =IFERROR(COUNTIFS(ZU10:ZU900000,">80",ZU10:ZU900000,"<=100")/COUNTIF(ZU10:ZU900000,">=0"),"") | ZV3: =IFERROR(COUNTIFS(ZV10:ZV900000,">80",ZV10:ZV900000,"<=100")/COUNTIF(ZV10:ZV900000,">=0"),"") | ZY3: (80-100] | AAB3: =IFERROR(COUNTIFS(AAB10:AAB900000,">80",AAB10:AAB900000,"<=100")/COUNTIF(AAB10:AAB900000,">=0"),"") | AAC3: =IFERROR(COUNTIFS(AAC10:AAC900000,">80",AAC10:AAC900000,"<=100")/COUNTIF(AAC10:AAC900000,">=0"),"") | AAD3: =IFERROR(COUNTIFS(AAD10:AAD900000,">80",AAD10:AAD900000,"<=100")/COUNTIF(AAD10:AAD900000,">=0"),"") | AAE3: =IFERROR(COUNTIFS(AAE10:AAE900000,">80",AAE10:AAE900000,"<=100")/COUNTIF(AAE10:AAE900000,">=0"),"") | AAF3: =IFERROR(COUNTIFS(AAF10:AAF900000,">80",AAF10:AAF900000,"<=100")/COUNTIF(AAF10:AAF900000,">=0"),"") | AAG3: =IFERROR(COUNTIFS(AAG10:AAG900000,">80",AAG10:AAG900000,"<=100")/COUNTIF(AAG10:AAG900000,">=0"),"") | AAH3: =IFERROR(COUNTIFS(AAH10:AAH900000,">80",AAH10:AAH900000,"<=100")/COUNTIF(AAH10:AAH900000,">=0"),"") | AAI3: =IFERROR(COUNTIFS(AAI10:AAI900000,">80",AAI10:AAI900000,"<=100")/COUNTIF(AAI10:AAI900000,">=0"),"") | ... AAM3: =IFERROR(COUNTIFS(AAM10:AAM900000,">80",AAM10:AAM900000,"<=100")/COUNTIF(AAM10:AAM900000,">=0"),"") | AAP3: =IFERROR(COUNTIFS(AAP10:AAP900000,">80",AAP10:AAP900000,"<=100")/COUNTIF(AAP10:AAP900000,">=0"),"") | AAQ3: =IFERROR(COUNTIFS(AAQ10:AAQ900000,">80",AAQ10:AAQ900000,"<=100")/COUNTIF(AAQ10:AAQ900000,">=0"),"") | AAR3: =IFERROR(COUNTIFS(AAR10:AAR900000,">80",AAR10:AAR900000,"<=100")/COUNTIF(AAR10:AAR900000,">=0"),"") | AAS3: =IFERROR(COUNTIFS(AAS10:AAS900000,">80",AAS10:AAS900000,"<=100")/COUNTIF(AAS10:AAS900000,">=0"),"") | AAT3: =IFERROR(COUNTIFS(AAT10:AAT900000,">80",AAT10:AAT900000,"<=100")/COUNTIF(AAT10:AAT900000,">=0"),"") | AAU3: =IFERROR(COUNTIFS(AAU10:AAU900000,">80",AAU10:AAU900000,"<=100")/COUNTIF(AAU10:AAU900000,">=0"),"") | AAV3: =IFERROR(COUNTIFS(AAV10:AAV900000,">80",AAV10:AAV900000,"<=100")/COUNTIF(AAV10:AAV900000,">=0"),"") | AAW3: =IFERROR(COUNTIFS(AAW10:AAW900000,">80",AAW10:AAW900000,"<=100")/COUNTIF(AAW10:AAW900000,">=0"),"") | ... AAZ3: =IFERROR(COUNTIFS(AAZ10:AAZ900000,">80",AAZ10:AAZ900000,"<=100")/COUNTIF(AAZ10:AAZ900000,">=0"),"") | ABC3: =IFERROR(COUNTIFS(ABC10:ABC900000,">80",ABC10:ABC900000,"<=100")/COUNTIF(ABC10:ABC900000,">=0"),"") | ABD3: =IFERROR(COUNTIFS(ABD10:ABD900000,">80",ABD10:ABD900000,"<=100")/COUNTIF(ABD10:ABD900000,">=0"),"") | ABE3: =IFERROR(COUNTIFS(ABE10:ABE900000,">80",ABE10:ABE900000,"<=100")/COUNTIF(ABE10:ABE900000,">=0"),"") | ABG3: =IFERROR(COUNTIFS(ABG10:ABG900000,">80",ABG10:ABG900000,"<=100")/COUNTIF(ABG10:ABG900000,">=0"),"") | ABH3: =IFERROR(COUNTIFS(ABH10:ABH900000,">80",ABH10:ABH900000,"<=100")/COUNTIF(ABH10:ABH900000,">=0"),"") | ABK3: (80-100] | ABN3: =IFERROR(COUNTIFS(ABN10:ABN900000,">80",ABN10:ABN900000,"<=100")/COUNTIF(ABN10:ABN900000,">=0"),"") | ABO3: =IFERROR(COUNTIFS(ABO10:ABO900000,">80",ABO10:ABO900000,"<=100")/COUNTIF(ABO10:ABO900000,">=0"),"") | ABP3: =IFERROR(COUNTIFS(ABP10:ABP900000,">80",ABP10:ABP900000,"<=100")/COUNTIF(ABP10:ABP900000,">=0"),"") | ABQ3: =IFERROR(COUNTIFS(ABQ10:ABQ900000,">80",ABQ10:ABQ900000,"<=100")/COUNTIF(ABQ10:ABQ900000,">=0"),"") | ABR3: =IFERROR(COUNTIFS(ABR10:ABR900000,">80",ABR10:ABR900000,"<=100")/COUNTIF(ABR10:ABR900000,">=0"),"") | ABS3: =IFERROR(COUNTIFS(ABS10:ABS900000,">80",ABS10:ABS900000,"<=100")/COUNTIF(ABS10:ABS900000,">=0"),"") | ABT3: =IFERROR(COUNTIFS(ABT10:ABT900000,">80",ABT10:ABT900000,"<=100")/COUNTIF(ABT10:ABT900000,">=0"),"") | ABU3: =IFERROR(COUNTIFS(ABU10:ABU900000,">80",ABU10:ABU900000,"<=100")/COUNTIF(ABU10:ABU900000,">=0"),"") | ... ABY3: =IFERROR(COUNTIFS(ABY10:ABY900000,">80",ABY10:ABY900000,"<=100")/COUNTIF(ABY10:ABY900000,">=0"),"") | ACB3: =IFERROR(COUNTIFS(ACB10:ACB900000,">80",ACB10:ACB900000,"<=100")/COUNTIF(ACB10:ACB900000,">=0"),"") | ACC3: =IFERROR(COUNTIFS(ACC10:ACC900000,">80",ACC10:ACC900000,"<=100")/COUNTIF(ACC10:ACC900000,">=0"),"") | ACD3: =IFERROR(COUNTIFS(ACD10:ACD900000,">80",ACD10:ACD900000,"<=100")/COUNTIF(ACD10:ACD900000,">=0"),"") | ACE3: =IFERROR(COUNTIFS(ACE10:ACE900000,">80",ACE10:ACE900000,"<=100")/COUNTIF(ACE10:ACE900000,">=0"),"") | ACF3: =IFERROR(COUNTIFS(ACF10:ACF900000,">80",ACF10:ACF900000,"<=100")/COUNTIF(ACF10:ACF900000,">=0"),"") | ACG3: =IFERROR(COUNTIFS(ACG10:ACG900000,">80",ACG10:ACG900000,"<=100")/COUNTIF(ACG10:ACG900000,">=0"),"") | ACH3: =IFERROR(COUNTIFS(ACH10:ACH900000,">80",ACH10:ACH900000,"<=100")/COUNTIF(ACH10:ACH900000,">=0"),"") | ACI3: =IFERROR(COUNTIFS(ACI10:ACI900000,">80",ACI10:ACI900000,"<=100")/COUNTIF(ACI10:ACI900000,">=0"),"") | ... ACL3: =IFERROR(COUNTIFS(ACL10:ACL900000,">80",ACL10:ACL900000,"<=100")/COUNTIF(ACL10:ACL900000,">=0"),"") | ACO3: =IFERROR(COUNTIFS(ACO10:ACO900000,">80",ACO10:ACO900000,"<=100")/COUNTIF(ACO10:ACO900000,">=0"),"") | ACP3: =IFERROR(COUNTIFS(ACP10:ACP900000,">80",ACP10:ACP900000,"<=100")/COUNTIF(ACP10:ACP900000,">=0"),"") | ACQ3: =IFERROR(COUNTIFS(ACQ10:ACQ900000,">80",ACQ10:ACQ900000,"<=100")/COUNTIF(ACQ10:ACQ900000,">=0"),"") | ACS3: =IFERROR(COUNTIFS(ACS10:ACS900000,">80",ACS10:ACS900000,"<=100")/COUNTIF(ACS10:ACS900000,">=0"),"") | ACT3: =IFERROR(COUNTIFS(ACT10:ACT900000,">80",ACT10:ACT900000,"<=100")/COUNTIF(ACT10:ACT900000,">=0"),"") | ACW3: (80-100] | ACZ3: =IFERROR(COUNTIFS(ACZ10:ACZ900000,">80",ACZ10:ACZ900000,"<=100")/COUNTIF(ACZ10:ACZ900000,">=0"),"") | ADA3: =IFERROR(COUNTIFS(ADA10:ADA900000,">80",ADA10:ADA900000,"<=100")/COUNTIF(ADA10:ADA900000,">=0"),"") | ADB3: =IFERROR(COUNTIFS(ADB10:ADB900000,">80",ADB10:ADB900000,"<=100")/COUNTIF(ADB10:ADB900000,">=0"),"") | ADC3: =IFERROR(COUNTIFS(ADC10:ADC900000,">80",ADC10:ADC900000,"<=100")/COUNTIF(ADC10:ADC900000,">=0"),"") | ADD3: =IFERROR(COUNTIFS(ADD10:ADD900000,">80",ADD10:ADD900000,"<=100")/COUNTIF(ADD10:ADD900000,">=0"),"") | ADE3: =IFERROR(COUNTIFS(ADE10:ADE900000,">80",ADE10:ADE900000,"<=100")/COUNTIF(ADE10:ADE900000,">=0"),"") | ADF3: =IFERROR(COUNTIFS(ADF10:ADF900000,">80",ADF10:ADF900000,"<=100")/COUNTIF(ADF10:ADF900000,">=0"),"") | ADG3: =IFERROR(COUNTIFS(ADG10:ADG900000,">80",ADG10:ADG900000,"<=100")/COUNTIF(ADG10:ADG900000,">=0"),"") | ... ADK3: =IFERROR(COUNTIFS(ADK10:ADK900000,">80",ADK10:ADK900000,"<=100")/COUNTIF(ADK10:ADK900000,">=0"),"") | ADN3: =IFERROR(COUNTIFS(ADN10:ADN900000,">80",ADN10:ADN900000,"<=100")/COUNTIF(ADN10:ADN900000,">=0"),"") | ADO3: =IFERROR(COUNTIFS(ADO10:ADO900000,">80",ADO10:ADO900000,"<=100")/COUNTIF(ADO10:ADO900000,">=0"),"") | ADP3: =IFERROR(COUNTIFS(ADP10:ADP900000,">80",ADP10:ADP900000,"<=100")/COUNTIF(ADP10:ADP900000,">=0"),"") | ADQ3: =IFERROR(COUNTIFS(ADQ10:ADQ900000,">80",ADQ10:ADQ900000,"<=100")/COUNTIF(ADQ10:ADQ900000,">=0"),"") | ADR3: =IFERROR(COUNTIFS(ADR10:ADR900000,">80",ADR10:ADR900000,"<=100")/COUNTIF(ADR10:ADR900000,">=0"),"") | ADS3: =IFERROR(COUNTIFS(ADS10:ADS900000,">80",ADS10:ADS900000,"<=100")/COUNTIF(ADS10:ADS900000,">=0"),"") | ADT3: =IFERROR(COUNTIFS(ADT10:ADT900000,">80",ADT10:ADT900000,"<=100")/COUNTIF(ADT10:ADT900000,">=0"),"") | ADU3: =IFERROR(COUNTIFS(ADU10:ADU900000,">80",ADU10:ADU900000,"<=100")/COUNTIF(ADU10:ADU900000,">=0"),"") | ... ADX3: =IFERROR(COUNTIFS(ADX10:ADX900000,">80",ADX10:ADX900000,"<=100")/COUNTIF(ADX10:ADX900000,">=0"),"") | AEA3: =IFERROR(COUNTIFS(AEA10:AEA900000,">80",AEA10:AEA900000,"<=100")/COUNTIF(AEA10:AEA900000,">=0"),"") | AEB3: =IFERROR(COUNTIFS(AEB10:AEB900000,">80",AEB10:AEB900000,"<=100")/COUNTIF(AEB10:AEB900000,">=0"),"") | AEC3: =IFERROR(COUNTIFS(AEC10:AEC900000,">80",AEC10:AEC900000,"<=100")/COUNTIF(AEC10:AEC900000,">=0"),"") | AEE3: =IFERROR(COUNTIFS(AEE10:AEE900000,">80",AEE10:AEE900000,"<=100")/COUNTIF(AEE10:AEE900000,">=0"),"") | AEF3: =IFERROR(COUNTIFS(AEF10:AEF900000,">80",AEF10:AEF900000,"<=100")/COUNTIF(AEF10:AEF900000,">=0"),"") | AEI3: (80-100] | AEL3: =IFERROR(COUNTIFS(AEL10:AEL900000,">80",AEL10:AEL900000,"<=100")/COUNTIF(AEL10:AEL900000,">=0"),"") | AEM3: =IFERROR(COUNTIFS(AEM10:AEM900000,">80",AEM10:AEM900000,"<=100")/COUNTIF(AEM10:AEM900000,">=0"),"") | AEN3: =IFERROR(COUNTIFS(AEN10:AEN900000,">80",AEN10:AEN900000,"<=100")/COUNTIF(AEN10:AEN900000,">=0"),"") | AEO3: =IFERROR(COUNTIFS(AEO10:AEO900000,">80",AEO10:AEO900000,"<=100")/COUNTIF(AEO10:AEO900000,">=0"),"") | AEP3: =IFERROR(COUNTIFS(AEP10:AEP900000,">80",AEP10:AEP900000,"<=100")/COUNTIF(AEP10:AEP900000,">=0"),"") | AEQ3: =IFERROR(COUNTIFS(AEQ10:AEQ900000,">80",AEQ10:AEQ900000,"<=100")/COUNTIF(AEQ10:AEQ900000,">=0"),"") | AER3: =IFERROR(COUNTIFS(AER10:AER900000,">80",AER10:AER900000,"<=100")/COUNTIF(AER10:AER900000,">=0"),"") | AES3: =IFERROR(COUNTIFS(AES10:AES900000,">80",AES10:AES900000,"<=100")/COUNTIF(AES10:AES900000,">=0"),"") | ... AEW3: =IFERROR(COUNTIFS(AEW10:AEW900000,">80",AEW10:AEW900000,"<=100")/COUNTIF(AEW10:AEW900000,">=0"),"") | AEZ3: =IFERROR(COUNTIFS(AEZ10:AEZ900000,">80",AEZ10:AEZ900000,"<=100")/COUNTIF(AEZ10:AEZ900000,">=0"),"") | AFA3: =IFERROR(COUNTIFS(AFA10:AFA900000,">80",AFA10:AFA900000,"<=100")/COUNTIF(AFA10:AFA900000,">=0"),"") | AFB3: =IFERROR(COUNTIFS(AFB10:AFB900000,">80",AFB10:AFB900000,"<=100")/COUNTIF(AFB10:AFB900000,">=0"),"") | AFC3: =IFERROR(COUNTIFS(AFC10:AFC900000,">80",AFC10:AFC900000,"<=100")/COUNTIF(AFC10:AFC900000,">=0"),"") | AFD3: =IFERROR(COUNTIFS(AFD10:AFD900000,">80",AFD10:AFD900000,"<=100")/COUNTIF(AFD10:AFD900000,">=0"),"") | AFE3: =IFERROR(COUNTIFS(AFE10:AFE900000,">80",AFE10:AFE900000,"<=100")/COUNTIF(AFE10:AFE900000,">=0"),"") | AFF3: =IFERROR(COUNTIFS(AFF10:AFF900000,">80",AFF10:AFF900000,"<=100")/COUNTIF(AFF10:AFF900000,">=0"),"") | AFG3: =IFERROR(COUNTIFS(AFG10:AFG900000,">80",AFG10:AFG900000,"<=100")/COUNTIF(AFG10:AFG900000,">=0"),"") | ... AFJ3: =IFERROR(COUNTIFS(AFJ10:AFJ900000,">80",AFJ10:AFJ900000,"<=100")/COUNTIF(AFJ10:AFJ900000,">=0"),"") | AFM3: =IFERROR(COUNTIFS(AFM10:AFM900000,">80",AFM10:AFM900000,"<=100")/COUNTIF(AFM10:AFM900000,">=0"),"") | AFN3: =IFERROR(COUNTIFS(AFN10:AFN900000,">80",AFN10:AFN900000,"<=100")/COUNTIF(AFN10:AFN900000,">=0"),"") | AFO3: =IFERROR(COUNTIFS(AFO10:AFO900000,">80",AFO10:AFO900000,"<=100")/COUNTIF(AFO10:AFO900000,">=0"),"") | AFQ3: =IFERROR(COUNTIFS(AFQ10:AFQ900000,">80",AFQ10:AFQ900000,"<=100")/COUNTIF(AFQ10:AFQ900000,">=0"),"") | AFR3: =IFERROR(COUNTIFS(AFR10:AFR900000,">80",AFR10:AFR900000,"<=100")/COUNTIF(AFR10:AFR900000,">=0"),"") | AFU3: (80-100] | AFX3: =IFERROR(COUNTIFS(AFX10:AFX900000,">80",AFX10:AFX900000,"<=100")/COUNTIF(AFX10:AFX900000,">=0"),"") | AFY3: =IFERROR(COUNTIFS(AFY10:AFY900000,">80",AFY10:AFY900000,"<=100")/COUNTIF(AFY10:AFY900000,">=0"),"") | AFZ3: =IFERROR(COUNTIFS(AFZ10:AFZ900000,">80",AFZ10:AFZ900000,"<=100")/COUNTIF(AFZ10:AFZ900000,">=0"),"") | AGA3: =IFERROR(COUNTIFS(AGA10:AGA900000,">80",AGA10:AGA900000,"<=100")/COUNTIF(AGA10:AGA900000,">=0"),"") | AGB3: =IFERROR(COUNTIFS(AGB10:AGB900000,">80",AGB10:AGB900000,"<=100")/COUNTIF(AGB10:AGB900000,">=0"),"") | AGC3: =IFERROR(COUNTIFS(AGC10:AGC900000,">80",AGC10:AGC900000,"<=100")/COUNTIF(AGC10:AGC900000,">=0"),"") | AGD3: =IFERROR(COUNTIFS(AGD10:AGD900000,">80",AGD10:AGD900000,"<=100")/COUNTIF(AGD10:AGD900000,">=0"),"") | AGE3: =IFERROR(COUNTIFS(AGE10:AGE900000,">80",AGE10:AGE900000,"<=100")/COUNTIF(AGE10:AGE900000,">=0"),"") | ... AGI3: =IFERROR(COUNTIFS(AGI10:AGI900000,">80",AGI10:AGI900000,"<=100")/COUNTIF(AGI10:AGI900000,">=0"),"") | AGL3: =IFERROR(COUNTIFS(AGL10:AGL900000,">80",AGL10:AGL900000,"<=100")/COUNTIF(AGL10:AGL900000,">=0"),"") | AGM3: =IFERROR(COUNTIFS(AGM10:AGM900000,">80",AGM10:AGM900000,"<=100")/COUNTIF(AGM10:AGM900000,">=0"),"") | AGN3: =IFERROR(COUNTIFS(AGN10:AGN900000,">80",AGN10:AGN900000,"<=100")/COUNTIF(AGN10:AGN900000,">=0"),"") | AGO3: =IFERROR(COUNTIFS(AGO10:AGO900000,">80",AGO10:AGO900000,"<=100")/COUNTIF(AGO10:AGO900000,">=0"),"") | AGP3: =IFERROR(COUNTIFS(AGP10:AGP900000,">80",AGP10:AGP900000,"<=100")/COUNTIF(AGP10:AGP900000,">=0"),"") | AGQ3: =IFERROR(COUNTIFS(AGQ10:AGQ900000,">80",AGQ10:AGQ900000,"<=100")/COUNTIF(AGQ10:AGQ900000,">=0"),"") | AGR3: =IFERROR(COUNTIFS(AGR10:AGR900000,">80",AGR10:AGR900000,"<=100")/COUNTIF(AGR10:AGR900000,">=0"),"") | AGS3: =IFERROR(COUNTIFS(AGS10:AGS900000,">80",AGS10:AGS900000,"<=100")/COUNTIF(AGS10:AGS900000,">=0"),"") | ... AGV3: =IFERROR(COUNTIFS(AGV10:AGV900000,">80",AGV10:AGV900000,"<=100")/COUNTIF(AGV10:AGV900000,">=0"),"") | AGY3: =IFERROR(COUNTIFS(AGY10:AGY900000,">80",AGY10:AGY900000,"<=100")/COUNTIF(AGY10:AGY900000,">=0"),"") | AGZ3: =IFERROR(COUNTIFS(AGZ10:AGZ900000,">80",AGZ10:AGZ900000,"<=100")/COUNTIF(AGZ10:AGZ900000,">=0"),"") | AHA3: =IFERROR(COUNTIFS(AHA10:AHA900000,">80",AHA10:AHA900000,"<=100")/COUNTIF(AHA10:AHA900000,">=0"),"") | AHC3: =IFERROR(COUNTIFS(AHC10:AHC900000,">80",AHC10:AHC900000,"<=100")/COUNTIF(AHC10:AHC900000,">=0"),"") | AHD3: =IFERROR(COUNTIFS(AHD10:AHD900000,">80",AHD10:AHD900000,"<=100")/COUNTIF(AHD10:AHD900000,">=0"),"") | AHG3: (80-100] | AHJ3: =IFERROR(COUNTIFS(AHJ10:AHJ900000,">80",AHJ10:AHJ900000,"<=100")/COUNTIF(AHJ10:AHJ900000,">=0"),"") | AHK3: =IFERROR(COUNTIFS(AHK10:AHK900000,">80",AHK10:AHK900000,"<=100")/COUNTIF(AHK10:AHK900000,">=0"),"") | AHL3: =IFERROR(COUNTIFS(AHL10:AHL900000,">80",AHL10:AHL900000,"<=100")/COUNTIF(AHL10:AHL900000,">=0"),"") | AHM3: =IFERROR(COUNTIFS(AHM10:AHM900000,">80",AHM10:AHM900000,"<=100")/COUNTIF(AHM10:AHM900000,">=0"),"") | AHN3: =IFERROR(COUNTIFS(AHN10:AHN900000,">80",AHN10:AHN900000,"<=100")/COUNTIF(AHN10:AHN900000,">=0"),"") | AHO3: =IFERROR(COUNTIFS(AHO10:AHO900000,">80",AHO10:AHO900000,"<=100")/COUNTIF(AHO10:AHO900000,">=0"),"") | AHP3: =IFERROR(COUNTIFS(AHP10:AHP900000,">80",AHP10:AHP900000,"<=100")/COUNTIF(AHP10:AHP900000,">=0"),"") | AHQ3: =IFERROR(COUNTIFS(AHQ10:AHQ900000,">80",AHQ10:AHQ900000,"<=100")/COUNTIF(AHQ10:AHQ900000,">=0"),"") | ... AHU3: =IFERROR(COUNTIFS(AHU10:AHU900000,">80",AHU10:AHU900000,"<=100")/COUNTIF(AHU10:AHU900000,">=0"),"") | AHX3: =IFERROR(COUNTIFS(AHX10:AHX900000,">80",AHX10:AHX900000,"<=100")/COUNTIF(AHX10:AHX900000,">=0"),"") | AHY3: =IFERROR(COUNTIFS(AHY10:AHY900000,">80",AHY10:AHY900000,"<=100")/COUNTIF(AHY10:AHY900000,">=0"),"") | AHZ3: =IFERROR(COUNTIFS(AHZ10:AHZ900000,">80",AHZ10:AHZ900000,"<=100")/COUNTIF(AHZ10:AHZ900000,">=0"),"") | AIA3: =IFERROR(COUNTIFS(AIA10:AIA900000,">80",AIA10:AIA900000,"<=100")/COUNTIF(AIA10:AIA900000,">=0"),"") | AIB3: =IFERROR(COUNTIFS(AIB10:AIB900000,">80",AIB10:AIB900000,"<=100")/COUNTIF(AIB10:AIB900000,">=0"),"") | AIC3: =IFERROR(COUNTIFS(AIC10:AIC900000,">80",AIC10:AIC900000,"<=100")/COUNTIF(AIC10:AIC900000,">=0"),"") | AID3: =IFERROR(COUNTIFS(AID10:AID900000,">80",AID10:AID900000,"<=100")/COUNTIF(AID10:AID900000,">=0"),"") | AIE3: =IFERROR(COUNTIFS(AIE10:AIE900000,">80",AIE10:AIE900000,"<=100")/COUNTIF(AIE10:AIE900000,">=0"),"") | ... AIH3: =IFERROR(COUNTIFS(AIH10:AIH900000,">80",AIH10:AIH900000,"<=100")/COUNTIF(AIH10:AIH900000,">=0"),"") | AIK3: =IFERROR(COUNTIFS(AIK10:AIK900000,">80",AIK10:AIK900000,"<=100")/COUNTIF(AIK10:AIK900000,">=0"),"") | AIL3: =IFERROR(COUNTIFS(AIL10:AIL900000,">80",AIL10:AIL900000,"<=100")/COUNTIF(AIL10:AIL900000,">=0"),"") | AIM3: =IFERROR(COUNTIFS(AIM10:AIM900000,">80",AIM10:AIM900000,"<=100")/COUNTIF(AIM10:AIM900000,">=0"),"") | AIO3: =IFERROR(COUNTIFS(AIO10:AIO900000,">80",AIO10:AIO900000,"<=100")/COUNTIF(AIO10:AIO900000,">=0"),"") | AIP3: =IFERROR(COUNTIFS(AIP10:AIP900000,">80",AIP10:AIP900000,"<=100")/COUNTIF(AIP10:AIP900000,">=0"),"")
E4: Üçüncü | K4: R | L4: =COUNTIF(L10:L59,"Q") -> 7 | M4: K | Q4: (60-80] | T4: =IFERROR(COUNTIFS(T10:T900000,">60",T10:T900000,"<=80")/COUNTIF(T10:T900000,">=0"),"") | U4: =IFERROR(COUNTIFS(U10:U900000,">60",U10:U900000,"<=80")/COUNTIF(U10:U900000,">=0"),"") | V4: =IFERROR(COUNTIFS(V10:V900000,">60",V10:V900000,"<=80")/COUNTIF(V10:V900000,">=0"),"") | W4: =IFERROR(COUNTIFS(W10:W900000,">60",W10:W900000,"<=80")/COUNTIF(W10:W900000,">=0"),"") | X4: =IFERROR(COUNTIFS(X10:X900000,">60",X10:X900000,"<=80")/COUNTIF(X10:X900000,">=0"),"") | Y4: =IFERROR(COUNTIFS(Y10:Y900000,">60",Y10:Y900000,"<=80")/COUNTIF(Y10:Y900000,">=0"),"") | Z4: =IFERROR(COUNTIFS(Z10:Z900000,">60",Z10:Z900000,"<=80")/COUNTIF(Z10:Z900000,">=0"),"") | AA4: =IFERROR(COUNTIFS(AA10:AA900000,">60",AA10:AA900000,"<=80")/COUNTIF(AA10:AA900000,">=0"),"") | ... AE4: =IFERROR(COUNTIFS(AE10:AE900000,">60",AE10:AE900000,"<=80")/COUNTIF(AE10:AE900000,">=0"),"") | AH4: =IFERROR(COUNTIFS(AH10:AH900000,">60",AH10:AH900000,"<=80")/COUNTIF(AH10:AH900000,">=0"),"") | AI4: =IFERROR(COUNTIFS(AI10:AI900000,">60",AI10:AI900000,"<=80")/COUNTIF(AI10:AI900000,">=0"),"") | AJ4: =IFERROR(COUNTIFS(AJ10:AJ900000,">60",AJ10:AJ900000,"<=80")/COUNTIF(AJ10:AJ900000,">=0"),"") | AK4: =IFERROR(COUNTIFS(AK10:AK900000,">60",AK10:AK900000,"<=80")/COUNTIF(AK10:AK900000,">=0"),"") | AL4: =IFERROR(COUNTIFS(AL10:AL900000,">60",AL10:AL900000,"<=80")/COUNTIF(AL10:AL900000,">=0"),"") | AM4: =IFERROR(COUNTIFS(AM10:AM900000,">60",AM10:AM900000,"<=80")/COUNTIF(AM10:AM900000,">=0"),"") | AN4: =IFERROR(COUNTIFS(AN10:AN900000,">60",AN10:AN900000,"<=80")/COUNTIF(AN10:AN900000,">=0"),"") | AO4: =IFERROR(COUNTIFS(AO10:AO900000,">60",AO10:AO900000,"<=80")/COUNTIF(AO10:AO900000,">=0"),"") | ... AR4: =IFERROR(COUNTIFS(AR10:AR900000,">60",AR10:AR900000,"<=80")/COUNTIF(AR10:AR900000,">=0"),"") | AU4: =IFERROR(COUNTIFS(AU10:AU900000,">60",AU10:AU900000,"<=80")/COUNTIF(AU10:AU900000,">=0"),"") | AV4: =IFERROR(COUNTIFS(AV10:AV900000,">60",AV10:AV900000,"<=80")/COUNTIF(AV10:AV900000,">=0"),"") | AW4: =IFERROR(COUNTIFS(AW10:AW900000,">60",AW10:AW900000,"<=80")/COUNTIF(AW10:AW900000,">=0"),"") | AY4: =IFERROR(COUNTIFS(AY10:AY900000,">60",AY10:AY900000,"<=80")/COUNTIF(AY10:AY900000,">=0"),"") | AZ4: =IFERROR(COUNTIFS(AZ10:AZ900000,">60",AZ10:AZ900000,"<=80")/COUNTIF(AZ10:AZ900000,">=0"),"") | BC4: (60-80] | BF4: =IFERROR(COUNTIFS(BF10:BF900000,">60",BF10:BF900000,"<=80")/COUNTIF(BF10:BF900000,">=0"),"") | BG4: =IFERROR(COUNTIFS(BG10:BG900000,">60",BG10:BG900000,"<=80")/COUNTIF(BG10:BG900000,">=0"),"") | BH4: =IFERROR(COUNTIFS(BH10:BH900000,">60",BH10:BH900000,"<=80")/COUNTIF(BH10:BH900000,">=0"),"") | BI4: =IFERROR(COUNTIFS(BI10:BI900000,">60",BI10:BI900000,"<=80")/COUNTIF(BI10:BI900000,">=0"),"") | BJ4: =IFERROR(COUNTIFS(BJ10:BJ900000,">60",BJ10:BJ900000,"<=80")/COUNTIF(BJ10:BJ900000,">=0"),"") | BK4: =IFERROR(COUNTIFS(BK10:BK900000,">60",BK10:BK900000,"<=80")/COUNTIF(BK10:BK900000,">=0"),"") | BL4: =IFERROR(COUNTIFS(BL10:BL900000,">60",BL10:BL900000,"<=80")/COUNTIF(BL10:BL900000,">=0"),"") | BM4: =IFERROR(COUNTIFS(BM10:BM900000,">60",BM10:BM900000,"<=80")/COUNTIF(BM10:BM900000,">=0"),"") | ... BQ4: =IFERROR(COUNTIFS(BQ10:BQ900000,">60",BQ10:BQ900000,"<=80")/COUNTIF(BQ10:BQ900000,">=0"),"") | BT4: =IFERROR(COUNTIFS(BT10:BT900000,">60",BT10:BT900000,"<=80")/COUNTIF(BT10:BT900000,">=0"),"") | BU4: =IFERROR(COUNTIFS(BU10:BU900000,">60",BU10:BU900000,"<=80")/COUNTIF(BU10:BU900000,">=0"),"") | BV4: =IFERROR(COUNTIFS(BV10:BV900000,">60",BV10:BV900000,"<=80")/COUNTIF(BV10:BV900000,">=0"),"") | BW4: =IFERROR(COUNTIFS(BW10:BW900000,">60",BW10:BW900000,"<=80")/COUNTIF(BW10:BW900000,">=0"),"") | BX4: =IFERROR(COUNTIFS(BX10:BX900000,">60",BX10:BX900000,"<=80")/COUNTIF(BX10:BX900000,">=0"),"") | BY4: =IFERROR(COUNTIFS(BY10:BY900000,">60",BY10:BY900000,"<=80")/COUNTIF(BY10:BY900000,">=0"),"") | BZ4: =IFERROR(COUNTIFS(BZ10:BZ900000,">60",BZ10:BZ900000,"<=80")/COUNTIF(BZ10:BZ900000,">=0"),"") | CA4: =IFERROR(COUNTIFS(CA10:CA900000,">60",CA10:CA900000,"<=80")/COUNTIF(CA10:CA900000,">=0"),"") | ... CD4: =IFERROR(COUNTIFS(CD10:CD900000,">60",CD10:CD900000,"<=80")/COUNTIF(CD10:CD900000,">=0"),"") | CG4: =IFERROR(COUNTIFS(CG10:CG900000,">60",CG10:CG900000,"<=80")/COUNTIF(CG10:CG900000,">=0"),"") | CH4: =IFERROR(COUNTIFS(CH10:CH900000,">60",CH10:CH900000,"<=80")/COUNTIF(CH10:CH900000,">=0"),"") | CI4: =IFERROR(COUNTIFS(CI10:CI900000,">60",CI10:CI900000,"<=80")/COUNTIF(CI10:CI900000,">=0"),"") | CK4: =IFERROR(COUNTIFS(CK10:CK900000,">60",CK10:CK900000,"<=80")/COUNTIF(CK10:CK900000,">=0"),"") | CL4: =IFERROR(COUNTIFS(CL10:CL900000,">60",CL10:CL900000,"<=80")/COUNTIF(CL10:CL900000,">=0"),"") | CO4: (60-80] | CR4: =IFERROR(COUNTIFS(CR10:CR900000,">60",CR10:CR900000,"<=80")/COUNTIF(CR10:CR900000,">=0"),"") | CS4: =IFERROR(COUNTIFS(CS10:CS900000,">60",CS10:CS900000,"<=80")/COUNTIF(CS10:CS900000,">=0"),"") | CT4: =IFERROR(COUNTIFS(CT10:CT900000,">60",CT10:CT900000,"<=80")/COUNTIF(CT10:CT900000,">=0"),"") | CU4: =IFERROR(COUNTIFS(CU10:CU900000,">60",CU10:CU900000,"<=80")/COUNTIF(CU10:CU900000,">=0"),"") | CV4: =IFERROR(COUNTIFS(CV10:CV900000,">60",CV10:CV900000,"<=80")/COUNTIF(CV10:CV900000,">=0"),"") | CW4: =IFERROR(COUNTIFS(CW10:CW900000,">60",CW10:CW900000,"<=80")/COUNTIF(CW10:CW900000,">=0"),"") | CX4: =IFERROR(COUNTIFS(CX10:CX900000,">60",CX10:CX900000,"<=80")/COUNTIF(CX10:CX900000,">=0"),"") | CY4: =IFERROR(COUNTIFS(CY10:CY900000,">60",CY10:CY900000,"<=80")/COUNTIF(CY10:CY900000,">=0"),"") | ... DC4: =IFERROR(COUNTIFS(DC10:DC900000,">60",DC10:DC900000,"<=80")/COUNTIF(DC10:DC900000,">=0"),"") | DF4: =IFERROR(COUNTIFS(DF10:DF900000,">60",DF10:DF900000,"<=80")/COUNTIF(DF10:DF900000,">=0"),"") | DG4: =IFERROR(COUNTIFS(DG10:DG900000,">60",DG10:DG900000,"<=80")/COUNTIF(DG10:DG900000,">=0"),"") | DH4: =IFERROR(COUNTIFS(DH10:DH900000,">60",DH10:DH900000,"<=80")/COUNTIF(DH10:DH900000,">=0"),"") | DI4: =IFERROR(COUNTIFS(DI10:DI900000,">60",DI10:DI900000,"<=80")/COUNTIF(DI10:DI900000,">=0"),"") | DJ4: =IFERROR(COUNTIFS(DJ10:DJ900000,">60",DJ10:DJ900000,"<=80")/COUNTIF(DJ10:DJ900000,">=0"),"") | DK4: =IFERROR(COUNTIFS(DK10:DK900000,">60",DK10:DK900000,"<=80")/COUNTIF(DK10:DK900000,">=0"),"") | DL4: =IFERROR(COUNTIFS(DL10:DL900000,">60",DL10:DL900000,"<=80")/COUNTIF(DL10:DL900000,">=0"),"") | DM4: =IFERROR(COUNTIFS(DM10:DM900000,">60",DM10:DM900000,"<=80")/COUNTIF(DM10:DM900000,">=0"),"") | ... DP4: =IFERROR(COUNTIFS(DP10:DP900000,">60",DP10:DP900000,"<=80")/COUNTIF(DP10:DP900000,">=0"),"") | DS4: =IFERROR(COUNTIFS(DS10:DS900000,">60",DS10:DS900000,"<=80")/COUNTIF(DS10:DS900000,">=0"),"") | DT4: =IFERROR(COUNTIFS(DT10:DT900000,">60",DT10:DT900000,"<=80")/COUNTIF(DT10:DT900000,">=0"),"") | DU4: =IFERROR(COUNTIFS(DU10:DU900000,">60",DU10:DU900000,"<=80")/COUNTIF(DU10:DU900000,">=0"),"") | DW4: =IFERROR(COUNTIFS(DW10:DW900000,">60",DW10:DW900000,"<=80")/COUNTIF(DW10:DW900000,">=0"),"") | DX4: =IFERROR(COUNTIFS(DX10:DX900000,">60",DX10:DX900000,"<=80")/COUNTIF(DX10:DX900000,">=0"),"") | EA4: (60-80] | ED4: =IFERROR(COUNTIFS(ED10:ED900000,">60",ED10:ED900000,"<=80")/COUNTIF(ED10:ED900000,">=0"),"") | EE4: =IFERROR(COUNTIFS(EE10:EE900000,">60",EE10:EE900000,"<=80")/COUNTIF(EE10:EE900000,">=0"),"") | EF4: =IFERROR(COUNTIFS(EF10:EF900000,">60",EF10:EF900000,"<=80")/COUNTIF(EF10:EF900000,">=0"),"") | EG4: =IFERROR(COUNTIFS(EG10:EG900000,">60",EG10:EG900000,"<=80")/COUNTIF(EG10:EG900000,">=0"),"") | EH4: =IFERROR(COUNTIFS(EH10:EH900000,">60",EH10:EH900000,"<=80")/COUNTIF(EH10:EH900000,">=0"),"") | EI4: =IFERROR(COUNTIFS(EI10:EI900000,">60",EI10:EI900000,"<=80")/COUNTIF(EI10:EI900000,">=0"),"") | EJ4: =IFERROR(COUNTIFS(EJ10:EJ900000,">60",EJ10:EJ900000,"<=80")/COUNTIF(EJ10:EJ900000,">=0"),"") | EK4: =IFERROR(COUNTIFS(EK10:EK900000,">60",EK10:EK900000,"<=80")/COUNTIF(EK10:EK900000,">=0"),"") | ... EO4: =IFERROR(COUNTIFS(EO10:EO900000,">60",EO10:EO900000,"<=80")/COUNTIF(EO10:EO900000,">=0"),"") | ER4: =IFERROR(COUNTIFS(ER10:ER900000,">60",ER10:ER900000,"<=80")/COUNTIF(ER10:ER900000,">=0"),"") | ES4: =IFERROR(COUNTIFS(ES10:ES900000,">60",ES10:ES900000,"<=80")/COUNTIF(ES10:ES900000,">=0"),"") | ET4: =IFERROR(COUNTIFS(ET10:ET900000,">60",ET10:ET900000,"<=80")/COUNTIF(ET10:ET900000,">=0"),"") | EU4: =IFERROR(COUNTIFS(EU10:EU900000,">60",EU10:EU900000,"<=80")/COUNTIF(EU10:EU900000,">=0"),"") | EV4: =IFERROR(COUNTIFS(EV10:EV900000,">60",EV10:EV900000,"<=80")/COUNTIF(EV10:EV900000,">=0"),"") | EW4: =IFERROR(COUNTIFS(EW10:EW900000,">60",EW10:EW900000,"<=80")/COUNTIF(EW10:EW900000,">=0"),"") | EX4: =IFERROR(COUNTIFS(EX10:EX900000,">60",EX10:EX900000,"<=80")/COUNTIF(EX10:EX900000,">=0"),"") | EY4: =IFERROR(COUNTIFS(EY10:EY900000,">60",EY10:EY900000,"<=80")/COUNTIF(EY10:EY900000,">=0"),"") | ... FB4: =IFERROR(COUNTIFS(FB10:FB900000,">60",FB10:FB900000,"<=80")/COUNTIF(FB10:FB900000,">=0"),"") | FE4: =IFERROR(COUNTIFS(FE10:FE900000,">60",FE10:FE900000,"<=80")/COUNTIF(FE10:FE900000,">=0"),"") | FF4: =IFERROR(COUNTIFS(FF10:FF900000,">60",FF10:FF900000,"<=80")/COUNTIF(FF10:FF900000,">=0"),"") | FG4: =IFERROR(COUNTIFS(FG10:FG900000,">60",FG10:FG900000,"<=80")/COUNTIF(FG10:FG900000,">=0"),"") | FI4: =IFERROR(COUNTIFS(FI10:FI900000,">60",FI10:FI900000,"<=80")/COUNTIF(FI10:FI900000,">=0"),"") | FJ4: =IFERROR(COUNTIFS(FJ10:FJ900000,">60",FJ10:FJ900000,"<=80")/COUNTIF(FJ10:FJ900000,">=0"),"") | FM4: (60-80] | FP4: =IFERROR(COUNTIFS(FP10:FP900000,">60",FP10:FP900000,"<=80")/COUNTIF(FP10:FP900000,">=0"),"") | FQ4: =IFERROR(COUNTIFS(FQ10:FQ900000,">60",FQ10:FQ900000,"<=80")/COUNTIF(FQ10:FQ900000,">=0"),"") | FR4: =IFERROR(COUNTIFS(FR10:FR900000,">60",FR10:FR900000,"<=80")/COUNTIF(FR10:FR900000,">=0"),"") | FS4: =IFERROR(COUNTIFS(FS10:FS900000,">60",FS10:FS900000,"<=80")/COUNTIF(FS10:FS900000,">=0"),"") | FT4: =IFERROR(COUNTIFS(FT10:FT900000,">60",FT10:FT900000,"<=80")/COUNTIF(FT10:FT900000,">=0"),"") | FU4: =IFERROR(COUNTIFS(FU10:FU900000,">60",FU10:FU900000,"<=80")/COUNTIF(FU10:FU900000,">=0"),"") | FV4: =IFERROR(COUNTIFS(FV10:FV900000,">60",FV10:FV900000,"<=80")/COUNTIF(FV10:FV900000,">=0"),"") | FW4: =IFERROR(COUNTIFS(FW10:FW900000,">60",FW10:FW900000,"<=80")/COUNTIF(FW10:FW900000,">=0"),"") | ... GA4: =IFERROR(COUNTIFS(GA10:GA900000,">60",GA10:GA900000,"<=80")/COUNTIF(GA10:GA900000,">=0"),"") | GD4: =IFERROR(COUNTIFS(GD10:GD900000,">60",GD10:GD900000,"<=80")/COUNTIF(GD10:GD900000,">=0"),"") | GE4: =IFERROR(COUNTIFS(GE10:GE900000,">60",GE10:GE900000,"<=80")/COUNTIF(GE10:GE900000,">=0"),"") | GF4: =IFERROR(COUNTIFS(GF10:GF900000,">60",GF10:GF900000,"<=80")/COUNTIF(GF10:GF900000,">=0"),"") | GG4: =IFERROR(COUNTIFS(GG10:GG900000,">60",GG10:GG900000,"<=80")/COUNTIF(GG10:GG900000,">=0"),"") | GH4: =IFERROR(COUNTIFS(GH10:GH900000,">60",GH10:GH900000,"<=80")/COUNTIF(GH10:GH900000,">=0"),"") | GI4: =IFERROR(COUNTIFS(GI10:GI900000,">60",GI10:GI900000,"<=80")/COUNTIF(GI10:GI900000,">=0"),"") | GJ4: =IFERROR(COUNTIFS(GJ10:GJ900000,">60",GJ10:GJ900000,"<=80")/COUNTIF(GJ10:GJ900000,">=0"),"") | GK4: =IFERROR(COUNTIFS(GK10:GK900000,">60",GK10:GK900000,"<=80")/COUNTIF(GK10:GK900000,">=0"),"") | ... GN4: =IFERROR(COUNTIFS(GN10:GN900000,">60",GN10:GN900000,"<=80")/COUNTIF(GN10:GN900000,">=0"),"") | GQ4: =IFERROR(COUNTIFS(GQ10:GQ900000,">60",GQ10:GQ900000,"<=80")/COUNTIF(GQ10:GQ900000,">=0"),"") | GR4: =IFERROR(COUNTIFS(GR10:GR900000,">60",GR10:GR900000,"<=80")/COUNTIF(GR10:GR900000,">=0"),"") | GS4: =IFERROR(COUNTIFS(GS10:GS900000,">60",GS10:GS900000,"<=80")/COUNTIF(GS10:GS900000,">=0"),"") | GU4: =IFERROR(COUNTIFS(GU10:GU900000,">60",GU10:GU900000,"<=80")/COUNTIF(GU10:GU900000,">=0"),"") | GV4: =IFERROR(COUNTIFS(GV10:GV900000,">60",GV10:GV900000,"<=80")/COUNTIF(GV10:GV900000,">=0"),"") | GY4: (60-80] | HB4: =IFERROR(COUNTIFS(HB10:HB900000,">60",HB10:HB900000,"<=80")/COUNTIF(HB10:HB900000,">=0"),"") | HC4: =IFERROR(COUNTIFS(HC10:HC900000,">60",HC10:HC900000,"<=80")/COUNTIF(HC10:HC900000,">=0"),"") | HD4: =IFERROR(COUNTIFS(HD10:HD900000,">60",HD10:HD900000,"<=80")/COUNTIF(HD10:HD900000,">=0"),"") | HE4: =IFERROR(COUNTIFS(HE10:HE900000,">60",HE10:HE900000,"<=80")/COUNTIF(HE10:HE900000,">=0"),"") | HF4: =IFERROR(COUNTIFS(HF10:HF900000,">60",HF10:HF900000,"<=80")/COUNTIF(HF10:HF900000,">=0"),"") | HG4: =IFERROR(COUNTIFS(HG10:HG900000,">60",HG10:HG900000,"<=80")/COUNTIF(HG10:HG900000,">=0"),"") | HH4: =IFERROR(COUNTIFS(HH10:HH900000,">60",HH10:HH900000,"<=80")/COUNTIF(HH10:HH900000,">=0"),"") | HI4: =IFERROR(COUNTIFS(HI10:HI900000,">60",HI10:HI900000,"<=80")/COUNTIF(HI10:HI900000,">=0"),"") | ... HM4: =IFERROR(COUNTIFS(HM10:HM900000,">60",HM10:HM900000,"<=80")/COUNTIF(HM10:HM900000,">=0"),"") | HP4: =IFERROR(COUNTIFS(HP10:HP900000,">60",HP10:HP900000,"<=80")/COUNTIF(HP10:HP900000,">=0"),"") | HQ4: =IFERROR(COUNTIFS(HQ10:HQ900000,">60",HQ10:HQ900000,"<=80")/COUNTIF(HQ10:HQ900000,">=0"),"") | HR4: =IFERROR(COUNTIFS(HR10:HR900000,">60",HR10:HR900000,"<=80")/COUNTIF(HR10:HR900000,">=0"),"") | HS4: =IFERROR(COUNTIFS(HS10:HS900000,">60",HS10:HS900000,"<=80")/COUNTIF(HS10:HS900000,">=0"),"") | HT4: =IFERROR(COUNTIFS(HT10:HT900000,">60",HT10:HT900000,"<=80")/COUNTIF(HT10:HT900000,">=0"),"") | HU4: =IFERROR(COUNTIFS(HU10:HU900000,">60",HU10:HU900000,"<=80")/COUNTIF(HU10:HU900000,">=0"),"") | HV4: =IFERROR(COUNTIFS(HV10:HV900000,">60",HV10:HV900000,"<=80")/COUNTIF(HV10:HV900000,">=0"),"") | HW4: =IFERROR(COUNTIFS(HW10:HW900000,">60",HW10:HW900000,"<=80")/COUNTIF(HW10:HW900000,">=0"),"") | ... HZ4: =IFERROR(COUNTIFS(HZ10:HZ900000,">60",HZ10:HZ900000,"<=80")/COUNTIF(HZ10:HZ900000,">=0"),"") | IC4: =IFERROR(COUNTIFS(IC10:IC900000,">60",IC10:IC900000,"<=80")/COUNTIF(IC10:IC900000,">=0"),"") | ID4: =IFERROR(COUNTIFS(ID10:ID900000,">60",ID10:ID900000,"<=80")/COUNTIF(ID10:ID900000,">=0"),"") | IE4: =IFERROR(COUNTIFS(IE10:IE900000,">60",IE10:IE900000,"<=80")/COUNTIF(IE10:IE900000,">=0"),"") | IG4: =IFERROR(COUNTIFS(IG10:IG900000,">60",IG10:IG900000,"<=80")/COUNTIF(IG10:IG900000,">=0"),"") | IH4: =IFERROR(COUNTIFS(IH10:IH900000,">60",IH10:IH900000,"<=80")/COUNTIF(IH10:IH900000,">=0"),"") | IK4: (60-80] | IN4: =IFERROR(COUNTIFS(IN10:IN900000,">60",IN10:IN900000,"<=80")/COUNTIF(IN10:IN900000,">=0"),"") | IO4: =IFERROR(COUNTIFS(IO10:IO900000,">60",IO10:IO900000,"<=80")/COUNTIF(IO10:IO900000,">=0"),"") | IP4: =IFERROR(COUNTIFS(IP10:IP900000,">60",IP10:IP900000,"<=80")/COUNTIF(IP10:IP900000,">=0"),"") | IQ4: =IFERROR(COUNTIFS(IQ10:IQ900000,">60",IQ10:IQ900000,"<=80")/COUNTIF(IQ10:IQ900000,">=0"),"") | IR4: =IFERROR(COUNTIFS(IR10:IR900000,">60",IR10:IR900000,"<=80")/COUNTIF(IR10:IR900000,">=0"),"") | IS4: =IFERROR(COUNTIFS(IS10:IS900000,">60",IS10:IS900000,"<=80")/COUNTIF(IS10:IS900000,">=0"),"") | IT4: =IFERROR(COUNTIFS(IT10:IT900000,">60",IT10:IT900000,"<=80")/COUNTIF(IT10:IT900000,">=0"),"") | IU4: =IFERROR(COUNTIFS(IU10:IU900000,">60",IU10:IU900000,"<=80")/COUNTIF(IU10:IU900000,">=0"),"") | ... IY4: =IFERROR(COUNTIFS(IY10:IY900000,">60",IY10:IY900000,"<=80")/COUNTIF(IY10:IY900000,">=0"),"") | JB4: =IFERROR(COUNTIFS(JB10:JB900000,">60",JB10:JB900000,"<=80")/COUNTIF(JB10:JB900000,">=0"),"") | JC4: =IFERROR(COUNTIFS(JC10:JC900000,">60",JC10:JC900000,"<=80")/COUNTIF(JC10:JC900000,">=0"),"") | JD4: =IFERROR(COUNTIFS(JD10:JD900000,">60",JD10:JD900000,"<=80")/COUNTIF(JD10:JD900000,">=0"),"") | JE4: =IFERROR(COUNTIFS(JE10:JE900000,">60",JE10:JE900000,"<=80")/COUNTIF(JE10:JE900000,">=0"),"") | JF4: =IFERROR(COUNTIFS(JF10:JF900000,">60",JF10:JF900000,"<=80")/COUNTIF(JF10:JF900000,">=0"),"") | JG4: =IFERROR(COUNTIFS(JG10:JG900000,">60",JG10:JG900000,"<=80")/COUNTIF(JG10:JG900000,">=0"),"") | JH4: =IFERROR(COUNTIFS(JH10:JH900000,">60",JH10:JH900000,"<=80")/COUNTIF(JH10:JH900000,">=0"),"") | JI4: =IFERROR(COUNTIFS(JI10:JI900000,">60",JI10:JI900000,"<=80")/COUNTIF(JI10:JI900000,">=0"),"") | ... JL4: =IFERROR(COUNTIFS(JL10:JL900000,">60",JL10:JL900000,"<=80")/COUNTIF(JL10:JL900000,">=0"),"") | JO4: =IFERROR(COUNTIFS(JO10:JO900000,">60",JO10:JO900000,"<=80")/COUNTIF(JO10:JO900000,">=0"),"") | JP4: =IFERROR(COUNTIFS(JP10:JP900000,">60",JP10:JP900000,"<=80")/COUNTIF(JP10:JP900000,">=0"),"") | JQ4: =IFERROR(COUNTIFS(JQ10:JQ900000,">60",JQ10:JQ900000,"<=80")/COUNTIF(JQ10:JQ900000,">=0"),"") | JS4: =IFERROR(COUNTIFS(JS10:JS900000,">60",JS10:JS900000,"<=80")/COUNTIF(JS10:JS900000,">=0"),"") | JT4: =IFERROR(COUNTIFS(JT10:JT900000,">60",JT10:JT900000,"<=80")/COUNTIF(JT10:JT900000,">=0"),"") | JW4: (60-80] | JZ4: =IFERROR(COUNTIFS(JZ10:JZ900000,">60",JZ10:JZ900000,"<=80")/COUNTIF(JZ10:JZ900000,">=0"),"") | KA4: =IFERROR(COUNTIFS(KA10:KA900000,">60",KA10:KA900000,"<=80")/COUNTIF(KA10:KA900000,">=0"),"") | KB4: =IFERROR(COUNTIFS(KB10:KB900000,">60",KB10:KB900000,"<=80")/COUNTIF(KB10:KB900000,">=0"),"") | KC4: =IFERROR(COUNTIFS(KC10:KC900000,">60",KC10:KC900000,"<=80")/COUNTIF(KC10:KC900000,">=0"),"") | KD4: =IFERROR(COUNTIFS(KD10:KD900000,">60",KD10:KD900000,"<=80")/COUNTIF(KD10:KD900000,">=0"),"") | KE4: =IFERROR(COUNTIFS(KE10:KE900000,">60",KE10:KE900000,"<=80")/COUNTIF(KE10:KE900000,">=0"),"") | KF4: =IFERROR(COUNTIFS(KF10:KF900000,">60",KF10:KF900000,"<=80")/COUNTIF(KF10:KF900000,">=0"),"") | KG4: =IFERROR(COUNTIFS(KG10:KG900000,">60",KG10:KG900000,"<=80")/COUNTIF(KG10:KG900000,">=0"),"") | ... KK4: =IFERROR(COUNTIFS(KK10:KK900000,">60",KK10:KK900000,"<=80")/COUNTIF(KK10:KK900000,">=0"),"") | KN4: =IFERROR(COUNTIFS(KN10:KN900000,">60",KN10:KN900000,"<=80")/COUNTIF(KN10:KN900000,">=0"),"") | KO4: =IFERROR(COUNTIFS(KO10:KO900000,">60",KO10:KO900000,"<=80")/COUNTIF(KO10:KO900000,">=0"),"") | KP4: =IFERROR(COUNTIFS(KP10:KP900000,">60",KP10:KP900000,"<=80")/COUNTIF(KP10:KP900000,">=0"),"") | KQ4: =IFERROR(COUNTIFS(KQ10:KQ900000,">60",KQ10:KQ900000,"<=80")/COUNTIF(KQ10:KQ900000,">=0"),"") | KR4: =IFERROR(COUNTIFS(KR10:KR900000,">60",KR10:KR900000,"<=80")/COUNTIF(KR10:KR900000,">=0"),"") | KS4: =IFERROR(COUNTIFS(KS10:KS900000,">60",KS10:KS900000,"<=80")/COUNTIF(KS10:KS900000,">=0"),"") | KT4: =IFERROR(COUNTIFS(KT10:KT900000,">60",KT10:KT900000,"<=80")/COUNTIF(KT10:KT900000,">=0"),"") | KU4: =IFERROR(COUNTIFS(KU10:KU900000,">60",KU10:KU900000,"<=80")/COUNTIF(KU10:KU900000,">=0"),"") | ... KX4: =IFERROR(COUNTIFS(KX10:KX900000,">60",KX10:KX900000,"<=80")/COUNTIF(KX10:KX900000,">=0"),"") | LA4: =IFERROR(COUNTIFS(LA10:LA900000,">60",LA10:LA900000,"<=80")/COUNTIF(LA10:LA900000,">=0"),"") | LB4: =IFERROR(COUNTIFS(LB10:LB900000,">60",LB10:LB900000,"<=80")/COUNTIF(LB10:LB900000,">=0"),"") | LC4: =IFERROR(COUNTIFS(LC10:LC900000,">60",LC10:LC900000,"<=80")/COUNTIF(LC10:LC900000,">=0"),"") | LE4: =IFERROR(COUNTIFS(LE10:LE900000,">60",LE10:LE900000,"<=80")/COUNTIF(LE10:LE900000,">=0"),"") | LF4: =IFERROR(COUNTIFS(LF10:LF900000,">60",LF10:LF900000,"<=80")/COUNTIF(LF10:LF900000,">=0"),"") | LI4: (60-80] | LL4: =IFERROR(COUNTIFS(LL10:LL900000,">60",LL10:LL900000,"<=80")/COUNTIF(LL10:LL900000,">=0"),"") | LM4: =IFERROR(COUNTIFS(LM10:LM900000,">60",LM10:LM900000,"<=80")/COUNTIF(LM10:LM900000,">=0"),"") | LN4: =IFERROR(COUNTIFS(LN10:LN900000,">60",LN10:LN900000,"<=80")/COUNTIF(LN10:LN900000,">=0"),"") | LO4: =IFERROR(COUNTIFS(LO10:LO900000,">60",LO10:LO900000,"<=80")/COUNTIF(LO10:LO900000,">=0"),"") | LP4: =IFERROR(COUNTIFS(LP10:LP900000,">60",LP10:LP900000,"<=80")/COUNTIF(LP10:LP900000,">=0"),"") | LQ4: =IFERROR(COUNTIFS(LQ10:LQ900000,">60",LQ10:LQ900000,"<=80")/COUNTIF(LQ10:LQ900000,">=0"),"") | LR4: =IFERROR(COUNTIFS(LR10:LR900000,">60",LR10:LR900000,"<=80")/COUNTIF(LR10:LR900000,">=0"),"") | LS4: =IFERROR(COUNTIFS(LS10:LS900000,">60",LS10:LS900000,"<=80")/COUNTIF(LS10:LS900000,">=0"),"") | ... LW4: =IFERROR(COUNTIFS(LW10:LW900000,">60",LW10:LW900000,"<=80")/COUNTIF(LW10:LW900000,">=0"),"") | LZ4: =IFERROR(COUNTIFS(LZ10:LZ900000,">60",LZ10:LZ900000,"<=80")/COUNTIF(LZ10:LZ900000,">=0"),"") | MA4: =IFERROR(COUNTIFS(MA10:MA900000,">60",MA10:MA900000,"<=80")/COUNTIF(MA10:MA900000,">=0"),"") | MB4: =IFERROR(COUNTIFS(MB10:MB900000,">60",MB10:MB900000,"<=80")/COUNTIF(MB10:MB900000,">=0"),"") | MC4: =IFERROR(COUNTIFS(MC10:MC900000,">60",MC10:MC900000,"<=80")/COUNTIF(MC10:MC900000,">=0"),"") | MD4: =IFERROR(COUNTIFS(MD10:MD900000,">60",MD10:MD900000,"<=80")/COUNTIF(MD10:MD900000,">=0"),"") | ME4: =IFERROR(COUNTIFS(ME10:ME900000,">60",ME10:ME900000,"<=80")/COUNTIF(ME10:ME900000,">=0"),"") | MF4: =IFERROR(COUNTIFS(MF10:MF900000,">60",MF10:MF900000,"<=80")/COUNTIF(MF10:MF900000,">=0"),"") | MG4: =IFERROR(COUNTIFS(MG10:MG900000,">60",MG10:MG900000,"<=80")/COUNTIF(MG10:MG900000,">=0"),"") | ... MJ4: =IFERROR(COUNTIFS(MJ10:MJ900000,">60",MJ10:MJ900000,"<=80")/COUNTIF(MJ10:MJ900000,">=0"),"") | MM4: =IFERROR(COUNTIFS(MM10:MM900000,">60",MM10:MM900000,"<=80")/COUNTIF(MM10:MM900000,">=0"),"") | MN4: =IFERROR(COUNTIFS(MN10:MN900000,">60",MN10:MN900000,"<=80")/COUNTIF(MN10:MN900000,">=0"),"") | MO4: =IFERROR(COUNTIFS(MO10:MO900000,">60",MO10:MO900000,"<=80")/COUNTIF(MO10:MO900000,">=0"),"") | MQ4: =IFERROR(COUNTIFS(MQ10:MQ900000,">60",MQ10:MQ900000,"<=80")/COUNTIF(MQ10:MQ900000,">=0"),"") | MR4: =IFERROR(COUNTIFS(MR10:MR900000,">60",MR10:MR900000,"<=80")/COUNTIF(MR10:MR900000,">=0"),"") | MU4: (60-80] | MX4: =IFERROR(COUNTIFS(MX10:MX900000,">60",MX10:MX900000,"<=80")/COUNTIF(MX10:MX900000,">=0"),"") | MY4: =IFERROR(COUNTIFS(MY10:MY900000,">60",MY10:MY900000,"<=80")/COUNTIF(MY10:MY900000,">=0"),"") | MZ4: =IFERROR(COUNTIFS(MZ10:MZ900000,">60",MZ10:MZ900000,"<=80")/COUNTIF(MZ10:MZ900000,">=0"),"") | NA4: =IFERROR(COUNTIFS(NA10:NA900000,">60",NA10:NA900000,"<=80")/COUNTIF(NA10:NA900000,">=0"),"") | NB4: =IFERROR(COUNTIFS(NB10:NB900000,">60",NB10:NB900000,"<=80")/COUNTIF(NB10:NB900000,">=0"),"") | NC4: =IFERROR(COUNTIFS(NC10:NC900000,">60",NC10:NC900000,"<=80")/COUNTIF(NC10:NC900000,">=0"),"") | ND4: =IFERROR(COUNTIFS(ND10:ND900000,">60",ND10:ND900000,"<=80")/COUNTIF(ND10:ND900000,">=0"),"") | NE4: =IFERROR(COUNTIFS(NE10:NE900000,">60",NE10:NE900000,"<=80")/COUNTIF(NE10:NE900000,">=0"),"") | ... NI4: =IFERROR(COUNTIFS(NI10:NI900000,">60",NI10:NI900000,"<=80")/COUNTIF(NI10:NI900000,">=0"),"") | NL4: =IFERROR(COUNTIFS(NL10:NL900000,">60",NL10:NL900000,"<=80")/COUNTIF(NL10:NL900000,">=0"),"") | NM4: =IFERROR(COUNTIFS(NM10:NM900000,">60",NM10:NM900000,"<=80")/COUNTIF(NM10:NM900000,">=0"),"") | NN4: =IFERROR(COUNTIFS(NN10:NN900000,">60",NN10:NN900000,"<=80")/COUNTIF(NN10:NN900000,">=0"),"") | NO4: =IFERROR(COUNTIFS(NO10:NO900000,">60",NO10:NO900000,"<=80")/COUNTIF(NO10:NO900000,">=0"),"") | NP4: =IFERROR(COUNTIFS(NP10:NP900000,">60",NP10:NP900000,"<=80")/COUNTIF(NP10:NP900000,">=0"),"") | NQ4: =IFERROR(COUNTIFS(NQ10:NQ900000,">60",NQ10:NQ900000,"<=80")/COUNTIF(NQ10:NQ900000,">=0"),"") | NR4: =IFERROR(COUNTIFS(NR10:NR900000,">60",NR10:NR900000,"<=80")/COUNTIF(NR10:NR900000,">=0"),"") | NS4: =IFERROR(COUNTIFS(NS10:NS900000,">60",NS10:NS900000,"<=80")/COUNTIF(NS10:NS900000,">=0"),"") | ... NV4: =IFERROR(COUNTIFS(NV10:NV900000,">60",NV10:NV900000,"<=80")/COUNTIF(NV10:NV900000,">=0"),"") | NY4: =IFERROR(COUNTIFS(NY10:NY900000,">60",NY10:NY900000,"<=80")/COUNTIF(NY10:NY900000,">=0"),"") | NZ4: =IFERROR(COUNTIFS(NZ10:NZ900000,">60",NZ10:NZ900000,"<=80")/COUNTIF(NZ10:NZ900000,">=0"),"") | OA4: =IFERROR(COUNTIFS(OA10:OA900000,">60",OA10:OA900000,"<=80")/COUNTIF(OA10:OA900000,">=0"),"") | OC4: =IFERROR(COUNTIFS(OC10:OC900000,">60",OC10:OC900000,"<=80")/COUNTIF(OC10:OC900000,">=0"),"") | OD4: =IFERROR(COUNTIFS(OD10:OD900000,">60",OD10:OD900000,"<=80")/COUNTIF(OD10:OD900000,">=0"),"") | OG4: (60-80] | OJ4: =IFERROR(COUNTIFS(OJ10:OJ900000,">60",OJ10:OJ900000,"<=80")/COUNTIF(OJ10:OJ900000,">=0"),"") | OK4: =IFERROR(COUNTIFS(OK10:OK900000,">60",OK10:OK900000,"<=80")/COUNTIF(OK10:OK900000,">=0"),"") | OL4: =IFERROR(COUNTIFS(OL10:OL900000,">60",OL10:OL900000,"<=80")/COUNTIF(OL10:OL900000,">=0"),"") | OM4: =IFERROR(COUNTIFS(OM10:OM900000,">60",OM10:OM900000,"<=80")/COUNTIF(OM10:OM900000,">=0"),"") | ON4: =IFERROR(COUNTIFS(ON10:ON900000,">60",ON10:ON900000,"<=80")/COUNTIF(ON10:ON900000,">=0"),"") | OO4: =IFERROR(COUNTIFS(OO10:OO900000,">60",OO10:OO900000,"<=80")/COUNTIF(OO10:OO900000,">=0"),"") | OP4: =IFERROR(COUNTIFS(OP10:OP900000,">60",OP10:OP900000,"<=80")/COUNTIF(OP10:OP900000,">=0"),"") | OQ4: =IFERROR(COUNTIFS(OQ10:OQ900000,">60",OQ10:OQ900000,"<=80")/COUNTIF(OQ10:OQ900000,">=0"),"") | ... OU4: =IFERROR(COUNTIFS(OU10:OU900000,">60",OU10:OU900000,"<=80")/COUNTIF(OU10:OU900000,">=0"),"") | OX4: =IFERROR(COUNTIFS(OX10:OX900000,">60",OX10:OX900000,"<=80")/COUNTIF(OX10:OX900000,">=0"),"") | OY4: =IFERROR(COUNTIFS(OY10:OY900000,">60",OY10:OY900000,"<=80")/COUNTIF(OY10:OY900000,">=0"),"") | OZ4: =IFERROR(COUNTIFS(OZ10:OZ900000,">60",OZ10:OZ900000,"<=80")/COUNTIF(OZ10:OZ900000,">=0"),"") | PA4: =IFERROR(COUNTIFS(PA10:PA900000,">60",PA10:PA900000,"<=80")/COUNTIF(PA10:PA900000,">=0"),"") | PB4: =IFERROR(COUNTIFS(PB10:PB900000,">60",PB10:PB900000,"<=80")/COUNTIF(PB10:PB900000,">=0"),"") | PC4: =IFERROR(COUNTIFS(PC10:PC900000,">60",PC10:PC900000,"<=80")/COUNTIF(PC10:PC900000,">=0"),"") | PD4: =IFERROR(COUNTIFS(PD10:PD900000,">60",PD10:PD900000,"<=80")/COUNTIF(PD10:PD900000,">=0"),"") | PE4: =IFERROR(COUNTIFS(PE10:PE900000,">60",PE10:PE900000,"<=80")/COUNTIF(PE10:PE900000,">=0"),"") | ... PH4: =IFERROR(COUNTIFS(PH10:PH900000,">60",PH10:PH900000,"<=80")/COUNTIF(PH10:PH900000,">=0"),"") | PK4: =IFERROR(COUNTIFS(PK10:PK900000,">60",PK10:PK900000,"<=80")/COUNTIF(PK10:PK900000,">=0"),"") | PL4: =IFERROR(COUNTIFS(PL10:PL900000,">60",PL10:PL900000,"<=80")/COUNTIF(PL10:PL900000,">=0"),"") | PM4: =IFERROR(COUNTIFS(PM10:PM900000,">60",PM10:PM900000,"<=80")/COUNTIF(PM10:PM900000,">=0"),"") | PO4: =IFERROR(COUNTIFS(PO10:PO900000,">60",PO10:PO900000,"<=80")/COUNTIF(PO10:PO900000,">=0"),"") | PP4: =IFERROR(COUNTIFS(PP10:PP900000,">60",PP10:PP900000,"<=80")/COUNTIF(PP10:PP900000,">=0"),"") | PS4: (60-80] | PV4: =IFERROR(COUNTIFS(PV10:PV900000,">60",PV10:PV900000,"<=80")/COUNTIF(PV10:PV900000,">=0"),"") | PW4: =IFERROR(COUNTIFS(PW10:PW900000,">60",PW10:PW900000,"<=80")/COUNTIF(PW10:PW900000,">=0"),"") | PX4: =IFERROR(COUNTIFS(PX10:PX900000,">60",PX10:PX900000,"<=80")/COUNTIF(PX10:PX900000,">=0"),"") | PY4: =IFERROR(COUNTIFS(PY10:PY900000,">60",PY10:PY900000,"<=80")/COUNTIF(PY10:PY900000,">=0"),"") | PZ4: =IFERROR(COUNTIFS(PZ10:PZ900000,">60",PZ10:PZ900000,"<=80")/COUNTIF(PZ10:PZ900000,">=0"),"") | QA4: =IFERROR(COUNTIFS(QA10:QA900000,">60",QA10:QA900000,"<=80")/COUNTIF(QA10:QA900000,">=0"),"") | QB4: =IFERROR(COUNTIFS(QB10:QB900000,">60",QB10:QB900000,"<=80")/COUNTIF(QB10:QB900000,">=0"),"") | QC4: =IFERROR(COUNTIFS(QC10:QC900000,">60",QC10:QC900000,"<=80")/COUNTIF(QC10:QC900000,">=0"),"") | ... QG4: =IFERROR(COUNTIFS(QG10:QG900000,">60",QG10:QG900000,"<=80")/COUNTIF(QG10:QG900000,">=0"),"") | QJ4: =IFERROR(COUNTIFS(QJ10:QJ900000,">60",QJ10:QJ900000,"<=80")/COUNTIF(QJ10:QJ900000,">=0"),"") | QK4: =IFERROR(COUNTIFS(QK10:QK900000,">60",QK10:QK900000,"<=80")/COUNTIF(QK10:QK900000,">=0"),"") | QL4: =IFERROR(COUNTIFS(QL10:QL900000,">60",QL10:QL900000,"<=80")/COUNTIF(QL10:QL900000,">=0"),"") | QM4: =IFERROR(COUNTIFS(QM10:QM900000,">60",QM10:QM900000,"<=80")/COUNTIF(QM10:QM900000,">=0"),"") | QN4: =IFERROR(COUNTIFS(QN10:QN900000,">60",QN10:QN900000,"<=80")/COUNTIF(QN10:QN900000,">=0"),"") | QO4: =IFERROR(COUNTIFS(QO10:QO900000,">60",QO10:QO900000,"<=80")/COUNTIF(QO10:QO900000,">=0"),"") | QP4: =IFERROR(COUNTIFS(QP10:QP900000,">60",QP10:QP900000,"<=80")/COUNTIF(QP10:QP900000,">=0"),"") | QQ4: =IFERROR(COUNTIFS(QQ10:QQ900000,">60",QQ10:QQ900000,"<=80")/COUNTIF(QQ10:QQ900000,">=0"),"") | ... QT4: =IFERROR(COUNTIFS(QT10:QT900000,">60",QT10:QT900000,"<=80")/COUNTIF(QT10:QT900000,">=0"),"") | QW4: =IFERROR(COUNTIFS(QW10:QW900000,">60",QW10:QW900000,"<=80")/COUNTIF(QW10:QW900000,">=0"),"") | QX4: =IFERROR(COUNTIFS(QX10:QX900000,">60",QX10:QX900000,"<=80")/COUNTIF(QX10:QX900000,">=0"),"") | QY4: =IFERROR(COUNTIFS(QY10:QY900000,">60",QY10:QY900000,"<=80")/COUNTIF(QY10:QY900000,">=0"),"") | RA4: =IFERROR(COUNTIFS(RA10:RA900000,">60",RA10:RA900000,"<=80")/COUNTIF(RA10:RA900000,">=0"),"") | RB4: =IFERROR(COUNTIFS(RB10:RB900000,">60",RB10:RB900000,"<=80")/COUNTIF(RB10:RB900000,">=0"),"") | RE4: (60-80] | RH4: =IFERROR(COUNTIFS(RH10:RH900000,">60",RH10:RH900000,"<=80")/COUNTIF(RH10:RH900000,">=0"),"") | RI4: =IFERROR(COUNTIFS(RI10:RI900000,">60",RI10:RI900000,"<=80")/COUNTIF(RI10:RI900000,">=0"),"") | RJ4: =IFERROR(COUNTIFS(RJ10:RJ900000,">60",RJ10:RJ900000,"<=80")/COUNTIF(RJ10:RJ900000,">=0"),"") | RK4: =IFERROR(COUNTIFS(RK10:RK900000,">60",RK10:RK900000,"<=80")/COUNTIF(RK10:RK900000,">=0"),"") | RL4: =IFERROR(COUNTIFS(RL10:RL900000,">60",RL10:RL900000,"<=80")/COUNTIF(RL10:RL900000,">=0"),"") | RM4: =IFERROR(COUNTIFS(RM10:RM900000,">60",RM10:RM900000,"<=80")/COUNTIF(RM10:RM900000,">=0"),"") | RN4: =IFERROR(COUNTIFS(RN10:RN900000,">60",RN10:RN900000,"<=80")/COUNTIF(RN10:RN900000,">=0"),"") | RO4: =IFERROR(COUNTIFS(RO10:RO900000,">60",RO10:RO900000,"<=80")/COUNTIF(RO10:RO900000,">=0"),"") | ... RS4: =IFERROR(COUNTIFS(RS10:RS900000,">60",RS10:RS900000,"<=80")/COUNTIF(RS10:RS900000,">=0"),"") | RV4: =IFERROR(COUNTIFS(RV10:RV900000,">60",RV10:RV900000,"<=80")/COUNTIF(RV10:RV900000,">=0"),"") | RW4: =IFERROR(COUNTIFS(RW10:RW900000,">60",RW10:RW900000,"<=80")/COUNTIF(RW10:RW900000,">=0"),"") | RX4: =IFERROR(COUNTIFS(RX10:RX900000,">60",RX10:RX900000,"<=80")/COUNTIF(RX10:RX900000,">=0"),"") | RY4: =IFERROR(COUNTIFS(RY10:RY900000,">60",RY10:RY900000,"<=80")/COUNTIF(RY10:RY900000,">=0"),"") | RZ4: =IFERROR(COUNTIFS(RZ10:RZ900000,">60",RZ10:RZ900000,"<=80")/COUNTIF(RZ10:RZ900000,">=0"),"") | SA4: =IFERROR(COUNTIFS(SA10:SA900000,">60",SA10:SA900000,"<=80")/COUNTIF(SA10:SA900000,">=0"),"") | SB4: =IFERROR(COUNTIFS(SB10:SB900000,">60",SB10:SB900000,"<=80")/COUNTIF(SB10:SB900000,">=0"),"") | SC4: =IFERROR(COUNTIFS(SC10:SC900000,">60",SC10:SC900000,"<=80")/COUNTIF(SC10:SC900000,">=0"),"") | ... SF4: =IFERROR(COUNTIFS(SF10:SF900000,">60",SF10:SF900000,"<=80")/COUNTIF(SF10:SF900000,">=0"),"") | SI4: =IFERROR(COUNTIFS(SI10:SI900000,">60",SI10:SI900000,"<=80")/COUNTIF(SI10:SI900000,">=0"),"") | SJ4: =IFERROR(COUNTIFS(SJ10:SJ900000,">60",SJ10:SJ900000,"<=80")/COUNTIF(SJ10:SJ900000,">=0"),"") | SK4: =IFERROR(COUNTIFS(SK10:SK900000,">60",SK10:SK900000,"<=80")/COUNTIF(SK10:SK900000,">=0"),"") | SM4: =IFERROR(COUNTIFS(SM10:SM900000,">60",SM10:SM900000,"<=80")/COUNTIF(SM10:SM900000,">=0"),"") | SN4: =IFERROR(COUNTIFS(SN10:SN900000,">60",SN10:SN900000,"<=80")/COUNTIF(SN10:SN900000,">=0"),"") | SQ4: (60-80] | ST4: =IFERROR(COUNTIFS(ST10:ST900000,">60",ST10:ST900000,"<=80")/COUNTIF(ST10:ST900000,">=0"),"") | SU4: =IFERROR(COUNTIFS(SU10:SU900000,">60",SU10:SU900000,"<=80")/COUNTIF(SU10:SU900000,">=0"),"") | SV4: =IFERROR(COUNTIFS(SV10:SV900000,">60",SV10:SV900000,"<=80")/COUNTIF(SV10:SV900000,">=0"),"") | SW4: =IFERROR(COUNTIFS(SW10:SW900000,">60",SW10:SW900000,"<=80")/COUNTIF(SW10:SW900000,">=0"),"") | SX4: =IFERROR(COUNTIFS(SX10:SX900000,">60",SX10:SX900000,"<=80")/COUNTIF(SX10:SX900000,">=0"),"") | SY4: =IFERROR(COUNTIFS(SY10:SY900000,">60",SY10:SY900000,"<=80")/COUNTIF(SY10:SY900000,">=0"),"") | SZ4: =IFERROR(COUNTIFS(SZ10:SZ900000,">60",SZ10:SZ900000,"<=80")/COUNTIF(SZ10:SZ900000,">=0"),"") | TA4: =IFERROR(COUNTIFS(TA10:TA900000,">60",TA10:TA900000,"<=80")/COUNTIF(TA10:TA900000,">=0"),"") | ... TE4: =IFERROR(COUNTIFS(TE10:TE900000,">60",TE10:TE900000,"<=80")/COUNTIF(TE10:TE900000,">=0"),"") | TH4: =IFERROR(COUNTIFS(TH10:TH900000,">60",TH10:TH900000,"<=80")/COUNTIF(TH10:TH900000,">=0"),"") | TI4: =IFERROR(COUNTIFS(TI10:TI900000,">60",TI10:TI900000,"<=80")/COUNTIF(TI10:TI900000,">=0"),"") | TJ4: =IFERROR(COUNTIFS(TJ10:TJ900000,">60",TJ10:TJ900000,"<=80")/COUNTIF(TJ10:TJ900000,">=0"),"") | TK4: =IFERROR(COUNTIFS(TK10:TK900000,">60",TK10:TK900000,"<=80")/COUNTIF(TK10:TK900000,">=0"),"") | TL4: =IFERROR(COUNTIFS(TL10:TL900000,">60",TL10:TL900000,"<=80")/COUNTIF(TL10:TL900000,">=0"),"") | TM4: =IFERROR(COUNTIFS(TM10:TM900000,">60",TM10:TM900000,"<=80")/COUNTIF(TM10:TM900000,">=0"),"") | TN4: =IFERROR(COUNTIFS(TN10:TN900000,">60",TN10:TN900000,"<=80")/COUNTIF(TN10:TN900000,">=0"),"") | TO4: =IFERROR(COUNTIFS(TO10:TO900000,">60",TO10:TO900000,"<=80")/COUNTIF(TO10:TO900000,">=0"),"") | ... TR4: =IFERROR(COUNTIFS(TR10:TR900000,">60",TR10:TR900000,"<=80")/COUNTIF(TR10:TR900000,">=0"),"") | TU4: =IFERROR(COUNTIFS(TU10:TU900000,">60",TU10:TU900000,"<=80")/COUNTIF(TU10:TU900000,">=0"),"") | TV4: =IFERROR(COUNTIFS(TV10:TV900000,">60",TV10:TV900000,"<=80")/COUNTIF(TV10:TV900000,">=0"),"") | TW4: =IFERROR(COUNTIFS(TW10:TW900000,">60",TW10:TW900000,"<=80")/COUNTIF(TW10:TW900000,">=0"),"") | TY4: =IFERROR(COUNTIFS(TY10:TY900000,">60",TY10:TY900000,"<=80")/COUNTIF(TY10:TY900000,">=0"),"") | TZ4: =IFERROR(COUNTIFS(TZ10:TZ900000,">60",TZ10:TZ900000,"<=80")/COUNTIF(TZ10:TZ900000,">=0"),"") | UC4: (60-80] | UF4: =IFERROR(COUNTIFS(UF10:UF900000,">60",UF10:UF900000,"<=80")/COUNTIF(UF10:UF900000,">=0"),"") | UG4: =IFERROR(COUNTIFS(UG10:UG900000,">60",UG10:UG900000,"<=80")/COUNTIF(UG10:UG900000,">=0"),"") | UH4: =IFERROR(COUNTIFS(UH10:UH900000,">60",UH10:UH900000,"<=80")/COUNTIF(UH10:UH900000,">=0"),"") | UI4: =IFERROR(COUNTIFS(UI10:UI900000,">60",UI10:UI900000,"<=80")/COUNTIF(UI10:UI900000,">=0"),"") | UJ4: =IFERROR(COUNTIFS(UJ10:UJ900000,">60",UJ10:UJ900000,"<=80")/COUNTIF(UJ10:UJ900000,">=0"),"") | UK4: =IFERROR(COUNTIFS(UK10:UK900000,">60",UK10:UK900000,"<=80")/COUNTIF(UK10:UK900000,">=0"),"") | UL4: =IFERROR(COUNTIFS(UL10:UL900000,">60",UL10:UL900000,"<=80")/COUNTIF(UL10:UL900000,">=0"),"") | UM4: =IFERROR(COUNTIFS(UM10:UM900000,">60",UM10:UM900000,"<=80")/COUNTIF(UM10:UM900000,">=0"),"") | ... UQ4: =IFERROR(COUNTIFS(UQ10:UQ900000,">60",UQ10:UQ900000,"<=80")/COUNTIF(UQ10:UQ900000,">=0"),"") | UT4: =IFERROR(COUNTIFS(UT10:UT900000,">60",UT10:UT900000,"<=80")/COUNTIF(UT10:UT900000,">=0"),"") | UU4: =IFERROR(COUNTIFS(UU10:UU900000,">60",UU10:UU900000,"<=80")/COUNTIF(UU10:UU900000,">=0"),"") | UV4: =IFERROR(COUNTIFS(UV10:UV900000,">60",UV10:UV900000,"<=80")/COUNTIF(UV10:UV900000,">=0"),"") | UW4: =IFERROR(COUNTIFS(UW10:UW900000,">60",UW10:UW900000,"<=80")/COUNTIF(UW10:UW900000,">=0"),"") | UX4: =IFERROR(COUNTIFS(UX10:UX900000,">60",UX10:UX900000,"<=80")/COUNTIF(UX10:UX900000,">=0"),"") | UY4: =IFERROR(COUNTIFS(UY10:UY900000,">60",UY10:UY900000,"<=80")/COUNTIF(UY10:UY900000,">=0"),"") | UZ4: =IFERROR(COUNTIFS(UZ10:UZ900000,">60",UZ10:UZ900000,"<=80")/COUNTIF(UZ10:UZ900000,">=0"),"") | VA4: =IFERROR(COUNTIFS(VA10:VA900000,">60",VA10:VA900000,"<=80")/COUNTIF(VA10:VA900000,">=0"),"") | ... VD4: =IFERROR(COUNTIFS(VD10:VD900000,">60",VD10:VD900000,"<=80")/COUNTIF(VD10:VD900000,">=0"),"") | VG4: =IFERROR(COUNTIFS(VG10:VG900000,">60",VG10:VG900000,"<=80")/COUNTIF(VG10:VG900000,">=0"),"") | VH4: =IFERROR(COUNTIFS(VH10:VH900000,">60",VH10:VH900000,"<=80")/COUNTIF(VH10:VH900000,">=0"),"") | VI4: =IFERROR(COUNTIFS(VI10:VI900000,">60",VI10:VI900000,"<=80")/COUNTIF(VI10:VI900000,">=0"),"") | VK4: =IFERROR(COUNTIFS(VK10:VK900000,">60",VK10:VK900000,"<=80")/COUNTIF(VK10:VK900000,">=0"),"") | VL4: =IFERROR(COUNTIFS(VL10:VL900000,">60",VL10:VL900000,"<=80")/COUNTIF(VL10:VL900000,">=0"),"") | VO4: (60-80] | VR4: =IFERROR(COUNTIFS(VR10:VR900000,">60",VR10:VR900000,"<=80")/COUNTIF(VR10:VR900000,">=0"),"") | VS4: =IFERROR(COUNTIFS(VS10:VS900000,">60",VS10:VS900000,"<=80")/COUNTIF(VS10:VS900000,">=0"),"") | VT4: =IFERROR(COUNTIFS(VT10:VT900000,">60",VT10:VT900000,"<=80")/COUNTIF(VT10:VT900000,">=0"),"") | VU4: =IFERROR(COUNTIFS(VU10:VU900000,">60",VU10:VU900000,"<=80")/COUNTIF(VU10:VU900000,">=0"),"") | VV4: =IFERROR(COUNTIFS(VV10:VV900000,">60",VV10:VV900000,"<=80")/COUNTIF(VV10:VV900000,">=0"),"") | VW4: =IFERROR(COUNTIFS(VW10:VW900000,">60",VW10:VW900000,"<=80")/COUNTIF(VW10:VW900000,">=0"),"") | VX4: =IFERROR(COUNTIFS(VX10:VX900000,">60",VX10:VX900000,"<=80")/COUNTIF(VX10:VX900000,">=0"),"") | VY4: =IFERROR(COUNTIFS(VY10:VY900000,">60",VY10:VY900000,"<=80")/COUNTIF(VY10:VY900000,">=0"),"") | ... WC4: =IFERROR(COUNTIFS(WC10:WC900000,">60",WC10:WC900000,"<=80")/COUNTIF(WC10:WC900000,">=0"),"") | WF4: =IFERROR(COUNTIFS(WF10:WF900000,">60",WF10:WF900000,"<=80")/COUNTIF(WF10:WF900000,">=0"),"") | WG4: =IFERROR(COUNTIFS(WG10:WG900000,">60",WG10:WG900000,"<=80")/COUNTIF(WG10:WG900000,">=0"),"") | WH4: =IFERROR(COUNTIFS(WH10:WH900000,">60",WH10:WH900000,"<=80")/COUNTIF(WH10:WH900000,">=0"),"") | WI4: =IFERROR(COUNTIFS(WI10:WI900000,">60",WI10:WI900000,"<=80")/COUNTIF(WI10:WI900000,">=0"),"") | WJ4: =IFERROR(COUNTIFS(WJ10:WJ900000,">60",WJ10:WJ900000,"<=80")/COUNTIF(WJ10:WJ900000,">=0"),"") | WK4: =IFERROR(COUNTIFS(WK10:WK900000,">60",WK10:WK900000,"<=80")/COUNTIF(WK10:WK900000,">=0"),"") | WL4: =IFERROR(COUNTIFS(WL10:WL900000,">60",WL10:WL900000,"<=80")/COUNTIF(WL10:WL900000,">=0"),"") | WM4: =IFERROR(COUNTIFS(WM10:WM900000,">60",WM10:WM900000,"<=80")/COUNTIF(WM10:WM900000,">=0"),"") | ... WP4: =IFERROR(COUNTIFS(WP10:WP900000,">60",WP10:WP900000,"<=80")/COUNTIF(WP10:WP900000,">=0"),"") | WS4: =IFERROR(COUNTIFS(WS10:WS900000,">60",WS10:WS900000,"<=80")/COUNTIF(WS10:WS900000,">=0"),"") | WT4: =IFERROR(COUNTIFS(WT10:WT900000,">60",WT10:WT900000,"<=80")/COUNTIF(WT10:WT900000,">=0"),"") | WU4: =IFERROR(COUNTIFS(WU10:WU900000,">60",WU10:WU900000,"<=80")/COUNTIF(WU10:WU900000,">=0"),"") | WW4: =IFERROR(COUNTIFS(WW10:WW900000,">60",WW10:WW900000,"<=80")/COUNTIF(WW10:WW900000,">=0"),"") | WX4: =IFERROR(COUNTIFS(WX10:WX900000,">60",WX10:WX900000,"<=80")/COUNTIF(WX10:WX900000,">=0"),"") | XA4: (60-80] | XD4: =IFERROR(COUNTIFS(XD10:XD900000,">60",XD10:XD900000,"<=80")/COUNTIF(XD10:XD900000,">=0"),"") | XE4: =IFERROR(COUNTIFS(XE10:XE900000,">60",XE10:XE900000,"<=80")/COUNTIF(XE10:XE900000,">=0"),"") | XF4: =IFERROR(COUNTIFS(XF10:XF900000,">60",XF10:XF900000,"<=80")/COUNTIF(XF10:XF900000,">=0"),"") | XG4: =IFERROR(COUNTIFS(XG10:XG900000,">60",XG10:XG900000,"<=80")/COUNTIF(XG10:XG900000,">=0"),"") | XH4: =IFERROR(COUNTIFS(XH10:XH900000,">60",XH10:XH900000,"<=80")/COUNTIF(XH10:XH900000,">=0"),"") | XI4: =IFERROR(COUNTIFS(XI10:XI900000,">60",XI10:XI900000,"<=80")/COUNTIF(XI10:XI900000,">=0"),"") | XJ4: =IFERROR(COUNTIFS(XJ10:XJ900000,">60",XJ10:XJ900000,"<=80")/COUNTIF(XJ10:XJ900000,">=0"),"") | XK4: =IFERROR(COUNTIFS(XK10:XK900000,">60",XK10:XK900000,"<=80")/COUNTIF(XK10:XK900000,">=0"),"") | ... XO4: =IFERROR(COUNTIFS(XO10:XO900000,">60",XO10:XO900000,"<=80")/COUNTIF(XO10:XO900000,">=0"),"") | XR4: =IFERROR(COUNTIFS(XR10:XR900000,">60",XR10:XR900000,"<=80")/COUNTIF(XR10:XR900000,">=0"),"") | XS4: =IFERROR(COUNTIFS(XS10:XS900000,">60",XS10:XS900000,"<=80")/COUNTIF(XS10:XS900000,">=0"),"") | XT4: =IFERROR(COUNTIFS(XT10:XT900000,">60",XT10:XT900000,"<=80")/COUNTIF(XT10:XT900000,">=0"),"") | XU4: =IFERROR(COUNTIFS(XU10:XU900000,">60",XU10:XU900000,"<=80")/COUNTIF(XU10:XU900000,">=0"),"") | XV4: =IFERROR(COUNTIFS(XV10:XV900000,">60",XV10:XV900000,"<=80")/COUNTIF(XV10:XV900000,">=0"),"") | XW4: =IFERROR(COUNTIFS(XW10:XW900000,">60",XW10:XW900000,"<=80")/COUNTIF(XW10:XW900000,">=0"),"") | XX4: =IFERROR(COUNTIFS(XX10:XX900000,">60",XX10:XX900000,"<=80")/COUNTIF(XX10:XX900000,">=0"),"") | XY4: =IFERROR(COUNTIFS(XY10:XY900000,">60",XY10:XY900000,"<=80")/COUNTIF(XY10:XY900000,">=0"),"") | ... YB4: =IFERROR(COUNTIFS(YB10:YB900000,">60",YB10:YB900000,"<=80")/COUNTIF(YB10:YB900000,">=0"),"") | YE4: =IFERROR(COUNTIFS(YE10:YE900000,">60",YE10:YE900000,"<=80")/COUNTIF(YE10:YE900000,">=0"),"") | YF4: =IFERROR(COUNTIFS(YF10:YF900000,">60",YF10:YF900000,"<=80")/COUNTIF(YF10:YF900000,">=0"),"") | YG4: =IFERROR(COUNTIFS(YG10:YG900000,">60",YG10:YG900000,"<=80")/COUNTIF(YG10:YG900000,">=0"),"") | YI4: =IFERROR(COUNTIFS(YI10:YI900000,">60",YI10:YI900000,"<=80")/COUNTIF(YI10:YI900000,">=0"),"") | YJ4: =IFERROR(COUNTIFS(YJ10:YJ900000,">60",YJ10:YJ900000,"<=80")/COUNTIF(YJ10:YJ900000,">=0"),"") | YM4: (60-80] | YP4: =IFERROR(COUNTIFS(YP10:YP900000,">60",YP10:YP900000,"<=80")/COUNTIF(YP10:YP900000,">=0"),"") | YQ4: =IFERROR(COUNTIFS(YQ10:YQ900000,">60",YQ10:YQ900000,"<=80")/COUNTIF(YQ10:YQ900000,">=0"),"") | YR4: =IFERROR(COUNTIFS(YR10:YR900000,">60",YR10:YR900000,"<=80")/COUNTIF(YR10:YR900000,">=0"),"") | YS4: =IFERROR(COUNTIFS(YS10:YS900000,">60",YS10:YS900000,"<=80")/COUNTIF(YS10:YS900000,">=0"),"") | YT4: =IFERROR(COUNTIFS(YT10:YT900000,">60",YT10:YT900000,"<=80")/COUNTIF(YT10:YT900000,">=0"),"") | YU4: =IFERROR(COUNTIFS(YU10:YU900000,">60",YU10:YU900000,"<=80")/COUNTIF(YU10:YU900000,">=0"),"") | YV4: =IFERROR(COUNTIFS(YV10:YV900000,">60",YV10:YV900000,"<=80")/COUNTIF(YV10:YV900000,">=0"),"") | YW4: =IFERROR(COUNTIFS(YW10:YW900000,">60",YW10:YW900000,"<=80")/COUNTIF(YW10:YW900000,">=0"),"") | ... ZA4: =IFERROR(COUNTIFS(ZA10:ZA900000,">60",ZA10:ZA900000,"<=80")/COUNTIF(ZA10:ZA900000,">=0"),"") | ZD4: =IFERROR(COUNTIFS(ZD10:ZD900000,">60",ZD10:ZD900000,"<=80")/COUNTIF(ZD10:ZD900000,">=0"),"") | ZE4: =IFERROR(COUNTIFS(ZE10:ZE900000,">60",ZE10:ZE900000,"<=80")/COUNTIF(ZE10:ZE900000,">=0"),"") | ZF4: =IFERROR(COUNTIFS(ZF10:ZF900000,">60",ZF10:ZF900000,"<=80")/COUNTIF(ZF10:ZF900000,">=0"),"") | ZG4: =IFERROR(COUNTIFS(ZG10:ZG900000,">60",ZG10:ZG900000,"<=80")/COUNTIF(ZG10:ZG900000,">=0"),"") | ZH4: =IFERROR(COUNTIFS(ZH10:ZH900000,">60",ZH10:ZH900000,"<=80")/COUNTIF(ZH10:ZH900000,">=0"),"") | ZI4: =IFERROR(COUNTIFS(ZI10:ZI900000,">60",ZI10:ZI900000,"<=80")/COUNTIF(ZI10:ZI900000,">=0"),"") | ZJ4: =IFERROR(COUNTIFS(ZJ10:ZJ900000,">60",ZJ10:ZJ900000,"<=80")/COUNTIF(ZJ10:ZJ900000,">=0"),"") | ZK4: =IFERROR(COUNTIFS(ZK10:ZK900000,">60",ZK10:ZK900000,"<=80")/COUNTIF(ZK10:ZK900000,">=0"),"") | ... ZN4: =IFERROR(COUNTIFS(ZN10:ZN900000,">60",ZN10:ZN900000,"<=80")/COUNTIF(ZN10:ZN900000,">=0"),"") | ZQ4: =IFERROR(COUNTIFS(ZQ10:ZQ900000,">60",ZQ10:ZQ900000,"<=80")/COUNTIF(ZQ10:ZQ900000,">=0"),"") | ZR4: =IFERROR(COUNTIFS(ZR10:ZR900000,">60",ZR10:ZR900000,"<=80")/COUNTIF(ZR10:ZR900000,">=0"),"") | ZS4: =IFERROR(COUNTIFS(ZS10:ZS900000,">60",ZS10:ZS900000,"<=80")/COUNTIF(ZS10:ZS900000,">=0"),"") | ZU4: =IFERROR(COUNTIFS(ZU10:ZU900000,">60",ZU10:ZU900000,"<=80")/COUNTIF(ZU10:ZU900000,">=0"),"") | ZV4: =IFERROR(COUNTIFS(ZV10:ZV900000,">60",ZV10:ZV900000,"<=80")/COUNTIF(ZV10:ZV900000,">=0"),"") | ZY4: (60-80] | AAB4: =IFERROR(COUNTIFS(AAB10:AAB900000,">60",AAB10:AAB900000,"<=80")/COUNTIF(AAB10:AAB900000,">=0"),"") | AAC4: =IFERROR(COUNTIFS(AAC10:AAC900000,">60",AAC10:AAC900000,"<=80")/COUNTIF(AAC10:AAC900000,">=0"),"") | AAD4: =IFERROR(COUNTIFS(AAD10:AAD900000,">60",AAD10:AAD900000,"<=80")/COUNTIF(AAD10:AAD900000,">=0"),"") | AAE4: =IFERROR(COUNTIFS(AAE10:AAE900000,">60",AAE10:AAE900000,"<=80")/COUNTIF(AAE10:AAE900000,">=0"),"") | AAF4: =IFERROR(COUNTIFS(AAF10:AAF900000,">60",AAF10:AAF900000,"<=80")/COUNTIF(AAF10:AAF900000,">=0"),"") | AAG4: =IFERROR(COUNTIFS(AAG10:AAG900000,">60",AAG10:AAG900000,"<=80")/COUNTIF(AAG10:AAG900000,">=0"),"") | AAH4: =IFERROR(COUNTIFS(AAH10:AAH900000,">60",AAH10:AAH900000,"<=80")/COUNTIF(AAH10:AAH900000,">=0"),"") | AAI4: =IFERROR(COUNTIFS(AAI10:AAI900000,">60",AAI10:AAI900000,"<=80")/COUNTIF(AAI10:AAI900000,">=0"),"") | ... AAM4: =IFERROR(COUNTIFS(AAM10:AAM900000,">60",AAM10:AAM900000,"<=80")/COUNTIF(AAM10:AAM900000,">=0"),"") | AAP4: =IFERROR(COUNTIFS(AAP10:AAP900000,">60",AAP10:AAP900000,"<=80")/COUNTIF(AAP10:AAP900000,">=0"),"") | AAQ4: =IFERROR(COUNTIFS(AAQ10:AAQ900000,">60",AAQ10:AAQ900000,"<=80")/COUNTIF(AAQ10:AAQ900000,">=0"),"") | AAR4: =IFERROR(COUNTIFS(AAR10:AAR900000,">60",AAR10:AAR900000,"<=80")/COUNTIF(AAR10:AAR900000,">=0"),"") | AAS4: =IFERROR(COUNTIFS(AAS10:AAS900000,">60",AAS10:AAS900000,"<=80")/COUNTIF(AAS10:AAS900000,">=0"),"") | AAT4: =IFERROR(COUNTIFS(AAT10:AAT900000,">60",AAT10:AAT900000,"<=80")/COUNTIF(AAT10:AAT900000,">=0"),"") | AAU4: =IFERROR(COUNTIFS(AAU10:AAU900000,">60",AAU10:AAU900000,"<=80")/COUNTIF(AAU10:AAU900000,">=0"),"") | AAV4: =IFERROR(COUNTIFS(AAV10:AAV900000,">60",AAV10:AAV900000,"<=80")/COUNTIF(AAV10:AAV900000,">=0"),"") | AAW4: =IFERROR(COUNTIFS(AAW10:AAW900000,">60",AAW10:AAW900000,"<=80")/COUNTIF(AAW10:AAW900000,">=0"),"") | ... AAZ4: =IFERROR(COUNTIFS(AAZ10:AAZ900000,">60",AAZ10:AAZ900000,"<=80")/COUNTIF(AAZ10:AAZ900000,">=0"),"") | ABC4: =IFERROR(COUNTIFS(ABC10:ABC900000,">60",ABC10:ABC900000,"<=80")/COUNTIF(ABC10:ABC900000,">=0"),"") | ABD4: =IFERROR(COUNTIFS(ABD10:ABD900000,">60",ABD10:ABD900000,"<=80")/COUNTIF(ABD10:ABD900000,">=0"),"") | ABE4: =IFERROR(COUNTIFS(ABE10:ABE900000,">60",ABE10:ABE900000,"<=80")/COUNTIF(ABE10:ABE900000,">=0"),"") | ABG4: =IFERROR(COUNTIFS(ABG10:ABG900000,">60",ABG10:ABG900000,"<=80")/COUNTIF(ABG10:ABG900000,">=0"),"") | ABH4: =IFERROR(COUNTIFS(ABH10:ABH900000,">60",ABH10:ABH900000,"<=80")/COUNTIF(ABH10:ABH900000,">=0"),"") | ABK4: (60-80] | ABN4: =IFERROR(COUNTIFS(ABN10:ABN900000,">60",ABN10:ABN900000,"<=80")/COUNTIF(ABN10:ABN900000,">=0"),"") | ABO4: =IFERROR(COUNTIFS(ABO10:ABO900000,">60",ABO10:ABO900000,"<=80")/COUNTIF(ABO10:ABO900000,">=0"),"") | ABP4: =IFERROR(COUNTIFS(ABP10:ABP900000,">60",ABP10:ABP900000,"<=80")/COUNTIF(ABP10:ABP900000,">=0"),"") | ABQ4: =IFERROR(COUNTIFS(ABQ10:ABQ900000,">60",ABQ10:ABQ900000,"<=80")/COUNTIF(ABQ10:ABQ900000,">=0"),"") | ABR4: =IFERROR(COUNTIFS(ABR10:ABR900000,">60",ABR10:ABR900000,"<=80")/COUNTIF(ABR10:ABR900000,">=0"),"") | ABS4: =IFERROR(COUNTIFS(ABS10:ABS900000,">60",ABS10:ABS900000,"<=80")/COUNTIF(ABS10:ABS900000,">=0"),"") | ABT4: =IFERROR(COUNTIFS(ABT10:ABT900000,">60",ABT10:ABT900000,"<=80")/COUNTIF(ABT10:ABT900000,">=0"),"") | ABU4: =IFERROR(COUNTIFS(ABU10:ABU900000,">60",ABU10:ABU900000,"<=80")/COUNTIF(ABU10:ABU900000,">=0"),"") | ... ABY4: =IFERROR(COUNTIFS(ABY10:ABY900000,">60",ABY10:ABY900000,"<=80")/COUNTIF(ABY10:ABY900000,">=0"),"") | ACB4: =IFERROR(COUNTIFS(ACB10:ACB900000,">60",ACB10:ACB900000,"<=80")/COUNTIF(ACB10:ACB900000,">=0"),"") | ACC4: =IFERROR(COUNTIFS(ACC10:ACC900000,">60",ACC10:ACC900000,"<=80")/COUNTIF(ACC10:ACC900000,">=0"),"") | ACD4: =IFERROR(COUNTIFS(ACD10:ACD900000,">60",ACD10:ACD900000,"<=80")/COUNTIF(ACD10:ACD900000,">=0"),"") | ACE4: =IFERROR(COUNTIFS(ACE10:ACE900000,">60",ACE10:ACE900000,"<=80")/COUNTIF(ACE10:ACE900000,">=0"),"") | ACF4: =IFERROR(COUNTIFS(ACF10:ACF900000,">60",ACF10:ACF900000,"<=80")/COUNTIF(ACF10:ACF900000,">=0"),"") | ACG4: =IFERROR(COUNTIFS(ACG10:ACG900000,">60",ACG10:ACG900000,"<=80")/COUNTIF(ACG10:ACG900000,">=0"),"") | ACH4: =IFERROR(COUNTIFS(ACH10:ACH900000,">60",ACH10:ACH900000,"<=80")/COUNTIF(ACH10:ACH900000,">=0"),"") | ACI4: =IFERROR(COUNTIFS(ACI10:ACI900000,">60",ACI10:ACI900000,"<=80")/COUNTIF(ACI10:ACI900000,">=0"),"") | ... ACL4: =IFERROR(COUNTIFS(ACL10:ACL900000,">60",ACL10:ACL900000,"<=80")/COUNTIF(ACL10:ACL900000,">=0"),"") | ACO4: =IFERROR(COUNTIFS(ACO10:ACO900000,">60",ACO10:ACO900000,"<=80")/COUNTIF(ACO10:ACO900000,">=0"),"") | ACP4: =IFERROR(COUNTIFS(ACP10:ACP900000,">60",ACP10:ACP900000,"<=80")/COUNTIF(ACP10:ACP900000,">=0"),"") | ACQ4: =IFERROR(COUNTIFS(ACQ10:ACQ900000,">60",ACQ10:ACQ900000,"<=80")/COUNTIF(ACQ10:ACQ900000,">=0"),"") | ACS4: =IFERROR(COUNTIFS(ACS10:ACS900000,">60",ACS10:ACS900000,"<=80")/COUNTIF(ACS10:ACS900000,">=0"),"") | ACT4: =IFERROR(COUNTIFS(ACT10:ACT900000,">60",ACT10:ACT900000,"<=80")/COUNTIF(ACT10:ACT900000,">=0"),"") | ACW4: (60-80] | ACZ4: =IFERROR(COUNTIFS(ACZ10:ACZ900000,">60",ACZ10:ACZ900000,"<=80")/COUNTIF(ACZ10:ACZ900000,">=0"),"") | ADA4: =IFERROR(COUNTIFS(ADA10:ADA900000,">60",ADA10:ADA900000,"<=80")/COUNTIF(ADA10:ADA900000,">=0"),"") | ADB4: =IFERROR(COUNTIFS(ADB10:ADB900000,">60",ADB10:ADB900000,"<=80")/COUNTIF(ADB10:ADB900000,">=0"),"") | ADC4: =IFERROR(COUNTIFS(ADC10:ADC900000,">60",ADC10:ADC900000,"<=80")/COUNTIF(ADC10:ADC900000,">=0"),"") | ADD4: =IFERROR(COUNTIFS(ADD10:ADD900000,">60",ADD10:ADD900000,"<=80")/COUNTIF(ADD10:ADD900000,">=0"),"") | ADE4: =IFERROR(COUNTIFS(ADE10:ADE900000,">60",ADE10:ADE900000,"<=80")/COUNTIF(ADE10:ADE900000,">=0"),"") | ADF4: =IFERROR(COUNTIFS(ADF10:ADF900000,">60",ADF10:ADF900000,"<=80")/COUNTIF(ADF10:ADF900000,">=0"),"") | ADG4: =IFERROR(COUNTIFS(ADG10:ADG900000,">60",ADG10:ADG900000,"<=80")/COUNTIF(ADG10:ADG900000,">=0"),"") | ... ADK4: =IFERROR(COUNTIFS(ADK10:ADK900000,">60",ADK10:ADK900000,"<=80")/COUNTIF(ADK10:ADK900000,">=0"),"") | ADN4: =IFERROR(COUNTIFS(ADN10:ADN900000,">60",ADN10:ADN900000,"<=80")/COUNTIF(ADN10:ADN900000,">=0"),"") | ADO4: =IFERROR(COUNTIFS(ADO10:ADO900000,">60",ADO10:ADO900000,"<=80")/COUNTIF(ADO10:ADO900000,">=0"),"") | ADP4: =IFERROR(COUNTIFS(ADP10:ADP900000,">60",ADP10:ADP900000,"<=80")/COUNTIF(ADP10:ADP900000,">=0"),"") | ADQ4: =IFERROR(COUNTIFS(ADQ10:ADQ900000,">60",ADQ10:ADQ900000,"<=80")/COUNTIF(ADQ10:ADQ900000,">=0"),"") | ADR4: =IFERROR(COUNTIFS(ADR10:ADR900000,">60",ADR10:ADR900000,"<=80")/COUNTIF(ADR10:ADR900000,">=0"),"") | ADS4: =IFERROR(COUNTIFS(ADS10:ADS900000,">60",ADS10:ADS900000,"<=80")/COUNTIF(ADS10:ADS900000,">=0"),"") | ADT4: =IFERROR(COUNTIFS(ADT10:ADT900000,">60",ADT10:ADT900000,"<=80")/COUNTIF(ADT10:ADT900000,">=0"),"") | ADU4: =IFERROR(COUNTIFS(ADU10:ADU900000,">60",ADU10:ADU900000,"<=80")/COUNTIF(ADU10:ADU900000,">=0"),"") | ... ADX4: =IFERROR(COUNTIFS(ADX10:ADX900000,">60",ADX10:ADX900000,"<=80")/COUNTIF(ADX10:ADX900000,">=0"),"") | AEA4: =IFERROR(COUNTIFS(AEA10:AEA900000,">60",AEA10:AEA900000,"<=80")/COUNTIF(AEA10:AEA900000,">=0"),"") | AEB4: =IFERROR(COUNTIFS(AEB10:AEB900000,">60",AEB10:AEB900000,"<=80")/COUNTIF(AEB10:AEB900000,">=0"),"") | AEC4: =IFERROR(COUNTIFS(AEC10:AEC900000,">60",AEC10:AEC900000,"<=80")/COUNTIF(AEC10:AEC900000,">=0"),"") | AEE4: =IFERROR(COUNTIFS(AEE10:AEE900000,">60",AEE10:AEE900000,"<=80")/COUNTIF(AEE10:AEE900000,">=0"),"") | AEF4: =IFERROR(COUNTIFS(AEF10:AEF900000,">60",AEF10:AEF900000,"<=80")/COUNTIF(AEF10:AEF900000,">=0"),"") | AEI4: (60-80] | AEL4: =IFERROR(COUNTIFS(AEL10:AEL900000,">60",AEL10:AEL900000,"<=80")/COUNTIF(AEL10:AEL900000,">=0"),"") | AEM4: =IFERROR(COUNTIFS(AEM10:AEM900000,">60",AEM10:AEM900000,"<=80")/COUNTIF(AEM10:AEM900000,">=0"),"") | AEN4: =IFERROR(COUNTIFS(AEN10:AEN900000,">60",AEN10:AEN900000,"<=80")/COUNTIF(AEN10:AEN900000,">=0"),"") | AEO4: =IFERROR(COUNTIFS(AEO10:AEO900000,">60",AEO10:AEO900000,"<=80")/COUNTIF(AEO10:AEO900000,">=0"),"") | AEP4: =IFERROR(COUNTIFS(AEP10:AEP900000,">60",AEP10:AEP900000,"<=80")/COUNTIF(AEP10:AEP900000,">=0"),"") | AEQ4: =IFERROR(COUNTIFS(AEQ10:AEQ900000,">60",AEQ10:AEQ900000,"<=80")/COUNTIF(AEQ10:AEQ900000,">=0"),"") | AER4: =IFERROR(COUNTIFS(AER10:AER900000,">60",AER10:AER900000,"<=80")/COUNTIF(AER10:AER900000,">=0"),"") | AES4: =IFERROR(COUNTIFS(AES10:AES900000,">60",AES10:AES900000,"<=80")/COUNTIF(AES10:AES900000,">=0"),"") | ... AEW4: =IFERROR(COUNTIFS(AEW10:AEW900000,">60",AEW10:AEW900000,"<=80")/COUNTIF(AEW10:AEW900000,">=0"),"") | AEZ4: =IFERROR(COUNTIFS(AEZ10:AEZ900000,">60",AEZ10:AEZ900000,"<=80")/COUNTIF(AEZ10:AEZ900000,">=0"),"") | AFA4: =IFERROR(COUNTIFS(AFA10:AFA900000,">60",AFA10:AFA900000,"<=80")/COUNTIF(AFA10:AFA900000,">=0"),"") | AFB4: =IFERROR(COUNTIFS(AFB10:AFB900000,">60",AFB10:AFB900000,"<=80")/COUNTIF(AFB10:AFB900000,">=0"),"") | AFC4: =IFERROR(COUNTIFS(AFC10:AFC900000,">60",AFC10:AFC900000,"<=80")/COUNTIF(AFC10:AFC900000,">=0"),"") | AFD4: =IFERROR(COUNTIFS(AFD10:AFD900000,">60",AFD10:AFD900000,"<=80")/COUNTIF(AFD10:AFD900000,">=0"),"") | AFE4: =IFERROR(COUNTIFS(AFE10:AFE900000,">60",AFE10:AFE900000,"<=80")/COUNTIF(AFE10:AFE900000,">=0"),"") | AFF4: =IFERROR(COUNTIFS(AFF10:AFF900000,">60",AFF10:AFF900000,"<=80")/COUNTIF(AFF10:AFF900000,">=0"),"") | AFG4: =IFERROR(COUNTIFS(AFG10:AFG900000,">60",AFG10:AFG900000,"<=80")/COUNTIF(AFG10:AFG900000,">=0"),"") | ... AFJ4: =IFERROR(COUNTIFS(AFJ10:AFJ900000,">60",AFJ10:AFJ900000,"<=80")/COUNTIF(AFJ10:AFJ900000,">=0"),"") | AFM4: =IFERROR(COUNTIFS(AFM10:AFM900000,">60",AFM10:AFM900000,"<=80")/COUNTIF(AFM10:AFM900000,">=0"),"") | AFN4: =IFERROR(COUNTIFS(AFN10:AFN900000,">60",AFN10:AFN900000,"<=80")/COUNTIF(AFN10:AFN900000,">=0"),"") | AFO4: =IFERROR(COUNTIFS(AFO10:AFO900000,">60",AFO10:AFO900000,"<=80")/COUNTIF(AFO10:AFO900000,">=0"),"") | AFQ4: =IFERROR(COUNTIFS(AFQ10:AFQ900000,">60",AFQ10:AFQ900000,"<=80")/COUNTIF(AFQ10:AFQ900000,">=0"),"") | AFR4: =IFERROR(COUNTIFS(AFR10:AFR900000,">60",AFR10:AFR900000,"<=80")/COUNTIF(AFR10:AFR900000,">=0"),"") | AFU4: (60-80] | AFX4: =IFERROR(COUNTIFS(AFX10:AFX900000,">60",AFX10:AFX900000,"<=80")/COUNTIF(AFX10:AFX900000,">=0"),"") | AFY4: =IFERROR(COUNTIFS(AFY10:AFY900000,">60",AFY10:AFY900000,"<=80")/COUNTIF(AFY10:AFY900000,">=0"),"") | AFZ4: =IFERROR(COUNTIFS(AFZ10:AFZ900000,">60",AFZ10:AFZ900000,"<=80")/COUNTIF(AFZ10:AFZ900000,">=0"),"") | AGA4: =IFERROR(COUNTIFS(AGA10:AGA900000,">60",AGA10:AGA900000,"<=80")/COUNTIF(AGA10:AGA900000,">=0"),"") | AGB4: =IFERROR(COUNTIFS(AGB10:AGB900000,">60",AGB10:AGB900000,"<=80")/COUNTIF(AGB10:AGB900000,">=0"),"") | AGC4: =IFERROR(COUNTIFS(AGC10:AGC900000,">60",AGC10:AGC900000,"<=80")/COUNTIF(AGC10:AGC900000,">=0"),"") | AGD4: =IFERROR(COUNTIFS(AGD10:AGD900000,">60",AGD10:AGD900000,"<=80")/COUNTIF(AGD10:AGD900000,">=0"),"") | AGE4: =IFERROR(COUNTIFS(AGE10:AGE900000,">60",AGE10:AGE900000,"<=80")/COUNTIF(AGE10:AGE900000,">=0"),"") | ... AGI4: =IFERROR(COUNTIFS(AGI10:AGI900000,">60",AGI10:AGI900000,"<=80")/COUNTIF(AGI10:AGI900000,">=0"),"") | AGL4: =IFERROR(COUNTIFS(AGL10:AGL900000,">60",AGL10:AGL900000,"<=80")/COUNTIF(AGL10:AGL900000,">=0"),"") | AGM4: =IFERROR(COUNTIFS(AGM10:AGM900000,">60",AGM10:AGM900000,"<=80")/COUNTIF(AGM10:AGM900000,">=0"),"") | AGN4: =IFERROR(COUNTIFS(AGN10:AGN900000,">60",AGN10:AGN900000,"<=80")/COUNTIF(AGN10:AGN900000,">=0"),"") | AGO4: =IFERROR(COUNTIFS(AGO10:AGO900000,">60",AGO10:AGO900000,"<=80")/COUNTIF(AGO10:AGO900000,">=0"),"") | AGP4: =IFERROR(COUNTIFS(AGP10:AGP900000,">60",AGP10:AGP900000,"<=80")/COUNTIF(AGP10:AGP900000,">=0"),"") | AGQ4: =IFERROR(COUNTIFS(AGQ10:AGQ900000,">60",AGQ10:AGQ900000,"<=80")/COUNTIF(AGQ10:AGQ900000,">=0"),"") | AGR4: =IFERROR(COUNTIFS(AGR10:AGR900000,">60",AGR10:AGR900000,"<=80")/COUNTIF(AGR10:AGR900000,">=0"),"") | AGS4: =IFERROR(COUNTIFS(AGS10:AGS900000,">60",AGS10:AGS900000,"<=80")/COUNTIF(AGS10:AGS900000,">=0"),"") | ... AGV4: =IFERROR(COUNTIFS(AGV10:AGV900000,">60",AGV10:AGV900000,"<=80")/COUNTIF(AGV10:AGV900000,">=0"),"") | AGY4: =IFERROR(COUNTIFS(AGY10:AGY900000,">60",AGY10:AGY900000,"<=80")/COUNTIF(AGY10:AGY900000,">=0"),"") | AGZ4: =IFERROR(COUNTIFS(AGZ10:AGZ900000,">60",AGZ10:AGZ900000,"<=80")/COUNTIF(AGZ10:AGZ900000,">=0"),"") | AHA4: =IFERROR(COUNTIFS(AHA10:AHA900000,">60",AHA10:AHA900000,"<=80")/COUNTIF(AHA10:AHA900000,">=0"),"") | AHC4: =IFERROR(COUNTIFS(AHC10:AHC900000,">60",AHC10:AHC900000,"<=80")/COUNTIF(AHC10:AHC900000,">=0"),"") | AHD4: =IFERROR(COUNTIFS(AHD10:AHD900000,">60",AHD10:AHD900000,"<=80")/COUNTIF(AHD10:AHD900000,">=0"),"") | AHG4: (60-80] | AHJ4: =IFERROR(COUNTIFS(AHJ10:AHJ900000,">60",AHJ10:AHJ900000,"<=80")/COUNTIF(AHJ10:AHJ900000,">=0"),"") | AHK4: =IFERROR(COUNTIFS(AHK10:AHK900000,">60",AHK10:AHK900000,"<=80")/COUNTIF(AHK10:AHK900000,">=0"),"") | AHL4: =IFERROR(COUNTIFS(AHL10:AHL900000,">60",AHL10:AHL900000,"<=80")/COUNTIF(AHL10:AHL900000,">=0"),"") | AHM4: =IFERROR(COUNTIFS(AHM10:AHM900000,">60",AHM10:AHM900000,"<=80")/COUNTIF(AHM10:AHM900000,">=0"),"") | AHN4: =IFERROR(COUNTIFS(AHN10:AHN900000,">60",AHN10:AHN900000,"<=80")/COUNTIF(AHN10:AHN900000,">=0"),"") | AHO4: =IFERROR(COUNTIFS(AHO10:AHO900000,">60",AHO10:AHO900000,"<=80")/COUNTIF(AHO10:AHO900000,">=0"),"") | AHP4: =IFERROR(COUNTIFS(AHP10:AHP900000,">60",AHP10:AHP900000,"<=80")/COUNTIF(AHP10:AHP900000,">=0"),"") | AHQ4: =IFERROR(COUNTIFS(AHQ10:AHQ900000,">60",AHQ10:AHQ900000,"<=80")/COUNTIF(AHQ10:AHQ900000,">=0"),"") | ... AHU4: =IFERROR(COUNTIFS(AHU10:AHU900000,">60",AHU10:AHU900000,"<=80")/COUNTIF(AHU10:AHU900000,">=0"),"") | AHX4: =IFERROR(COUNTIFS(AHX10:AHX900000,">60",AHX10:AHX900000,"<=80")/COUNTIF(AHX10:AHX900000,">=0"),"") | AHY4: =IFERROR(COUNTIFS(AHY10:AHY900000,">60",AHY10:AHY900000,"<=80")/COUNTIF(AHY10:AHY900000,">=0"),"") | AHZ4: =IFERROR(COUNTIFS(AHZ10:AHZ900000,">60",AHZ10:AHZ900000,"<=80")/COUNTIF(AHZ10:AHZ900000,">=0"),"") | AIA4: =IFERROR(COUNTIFS(AIA10:AIA900000,">60",AIA10:AIA900000,"<=80")/COUNTIF(AIA10:AIA900000,">=0"),"") | AIB4: =IFERROR(COUNTIFS(AIB10:AIB900000,">60",AIB10:AIB900000,"<=80")/COUNTIF(AIB10:AIB900000,">=0"),"") | AIC4: =IFERROR(COUNTIFS(AIC10:AIC900000,">60",AIC10:AIC900000,"<=80")/COUNTIF(AIC10:AIC900000,">=0"),"") | AID4: =IFERROR(COUNTIFS(AID10:AID900000,">60",AID10:AID900000,"<=80")/COUNTIF(AID10:AID900000,">=0"),"") | AIE4: =IFERROR(COUNTIFS(AIE10:AIE900000,">60",AIE10:AIE900000,"<=80")/COUNTIF(AIE10:AIE900000,">=0"),"") | ... AIH4: =IFERROR(COUNTIFS(AIH10:AIH900000,">60",AIH10:AIH900000,"<=80")/COUNTIF(AIH10:AIH900000,">=0"),"") | AIK4: =IFERROR(COUNTIFS(AIK10:AIK900000,">60",AIK10:AIK900000,"<=80")/COUNTIF(AIK10:AIK900000,">=0"),"") | AIL4: =IFERROR(COUNTIFS(AIL10:AIL900000,">60",AIL10:AIL900000,"<=80")/COUNTIF(AIL10:AIL900000,">=0"),"") | AIM4: =IFERROR(COUNTIFS(AIM10:AIM900000,">60",AIM10:AIM900000,"<=80")/COUNTIF(AIM10:AIM900000,">=0"),"") | AIO4: =IFERROR(COUNTIFS(AIO10:AIO900000,">60",AIO10:AIO900000,"<=80")/COUNTIF(AIO10:AIO900000,">=0"),"") | AIP4: =IFERROR(COUNTIFS(AIP10:AIP900000,">60",AIP10:AIP900000,"<=80")/COUNTIF(AIP10:AIP900000,">=0"),"")
